ARM GAS  C:\Users\user\AppData\Local\Temp\ccoNEg7E.s 			page 1


   1              		.syntax unified
   2              		.cpu cortex-m3
   3              		.fpu softvfp
   4              		.eabi_attribute 20, 1
   5              		.eabi_attribute 21, 1
   6              		.eabi_attribute 23, 3
   7              		.eabi_attribute 24, 1
   8              		.eabi_attribute 25, 1
   9              		.eabi_attribute 26, 1
  10              		.eabi_attribute 30, 1
  11              		.eabi_attribute 34, 1
  12              		.eabi_attribute 18, 4
  13              		.thumb
  14              		.syntax unified
  15              		.file	"ctrl_pend.c"
  16              		.text
  17              	.Ltext0:
  18              		.cfi_sections	.debug_frame
  19              		.global	__aeabi_fcmpgt
  20              		.global	__aeabi_fcmplt
  21              		.section	.text.satf,"ax",%progbits
  22              		.align	2
  23              		.thumb
  24              		.thumb_func
  25              		.type	satf, %function
  26              	satf:
  27              	.LFB119:
  28              		.file 1 "ctrl_pend.c"
   1:ctrl_pend.c   **** /* ============================================================
   2:ctrl_pend.c   ****    ctrl_pend.c — Two-plant on-PSoC controller  v6.3
   3:ctrl_pend.c   ****    CMSIS-DSP: f32 + Q31 / Q15 / Q7 paths.
   4:ctrl_pend.c   **** 
   5:ctrl_pend.c   ****    Tipo numérico seleccionable (g_num_type) para el observer SS:
   6:ctrl_pend.c   ****      F32  → arm_dot_prod/scale/add_f32      (siempre preciso)
   7:ctrl_pend.c   ****      Q31  → arm_dot_prod/scale/add_q31      (entero, eficiente CM3)
   8:ctrl_pend.c   ****      Q15  → arm_dot_prod/scale/add_q15      (SIMD, muy eficiente CM3)
   9:ctrl_pend.c   ****      Q7   → arm_dot_prod/scale/add_q7       (baja precisión)
  10:ctrl_pend.c   ****      F64/F16 → fallback a F32 en PSoC
  11:ctrl_pend.c   **** 
  12:ctrl_pend.c   ****    Normalización para paths Q:
  13:ctrl_pend.c   ****      q_scale (c[16]): todas las señales físicas (y, xhat, u, ref, vint)
  14:ctrl_pend.c   ****      se dividen por q_scale antes de convertir a Q.
  15:ctrl_pend.c   ****      Los coeficientes (A,B,C,D,K,L,Kx) se almacenan PRE-CONVERTIDOS a Q
  16:ctrl_pend.c   ****      SIN normalizar por q_scale (sus valores ya deben ser |coef| < 1).
  17:ctrl_pend.c   ****      NOTA: si |K[i]|, |L[i]| > 1, la conversión a Q satura — normal para
  18:ctrl_pend.c   ****      sistemas físicos con ganancias grandes. El usuario ajusta q_scale y
  19:ctrl_pend.c   ****      diseña el controlador normalizado para usar paths Q con precisión.
  20:ctrl_pend.c   **** 
  21:ctrl_pend.c   ****    Integrador siempre en float (acumula suma de errores sin Ts —
  22:ctrl_pend.c   ****    convención Elia). La ley de control final se hace en float tras
  23:ctrl_pend.c   ****    recuperar xhat del path Q.
  24:ctrl_pend.c   **** 
  25:ctrl_pend.c   ****    TF mode: usa siempre F32 (DF2T scalar, Q no aporta para 6 coef).
  26:ctrl_pend.c   **** 
  27:ctrl_pend.c   ****    Basado en Elia control_app.c (helicóptero FinalV1.8):
  28:ctrl_pend.c   ****      - TF DF2T orden 5 idéntico
  29:ctrl_pend.c   ****      - SS predictor/actual idéntico (innov, z=Ax+Bu, xhat=z+Linv)
ARM GAS  C:\Users\user\AppData\Local\Temp\ccoNEg7E.s 			page 2


  30:ctrl_pend.c   ****      - u_out tracking (saturado) idéntico a g_u_out de Elia
  31:ctrl_pend.c   ****      - vint += e (sin Ts) idéntico
  32:ctrl_pend.c   **** 
  33:ctrl_pend.c   ****    Build: ARM_MATH_CM3 en Preprocessor Defines.
  34:ctrl_pend.c   ****    ============================================================ */
  35:ctrl_pend.c   **** 
  36:ctrl_pend.c   **** #define ARM_MATH_CM3    /* PSoC 5LP = Cortex-M3, sin FPU */
  37:ctrl_pend.c   **** #include "arm_math.h"
  38:ctrl_pend.c   **** 
  39:ctrl_pend.c   **** #include "ctrl_pend.h"
  40:ctrl_pend.c   **** #include "uartp_pend.h"
  41:ctrl_pend.c   **** #include "pendulo.h"
  42:ctrl_pend.c   **** #include "motor.h"
  43:ctrl_pend.c   **** #include <string.h>
  44:ctrl_pend.c   **** 
  45:ctrl_pend.c   **** /* Helper: límite físico efectivo para el lazo inner según modo de salida.
  46:ctrl_pend.c   ****    Cuando la salida del controlador es voltaje (bit1 de g_ref_in_volts), el
  47:ctrl_pend.c   ****    tope es ±MOTOR_V_MAX; en modo PWM directo, ±MOTOR_MAX. Tightens (nunca
  48:ctrl_pend.c   ****    amplía) el sat_min/max definido por el usuario en MATLAB. */
  49:ctrl_pend.c   **** static inline void inner_phys_limits(float *lo, float *hi)
  50:ctrl_pend.c   **** {
  51:ctrl_pend.c   ****     float pmin, pmax;
  52:ctrl_pend.c   ****     if (g_ref_in_volts & 0x02u) {
  53:ctrl_pend.c   ****         pmax =  MOTOR_V_MAX;  pmin = -MOTOR_V_MAX;
  54:ctrl_pend.c   ****     } else {
  55:ctrl_pend.c   ****         pmax =  (float)MOTOR_MAX;  pmin = (float)MOTOR_MIN;
  56:ctrl_pend.c   ****     }
  57:ctrl_pend.c   ****     if (*hi > pmax) *hi = pmax;
  58:ctrl_pend.c   ****     if (*lo < pmin) *lo = pmin;
  59:ctrl_pend.c   **** }
  60:ctrl_pend.c   **** 
  61:ctrl_pend.c   **** /* ============================================================
  62:ctrl_pend.c   ****    Constantes físicas
  63:ctrl_pend.c   ****    ============================================================ */
  64:ctrl_pend.c   **** #define PI_F            3.14159265f
  65:ctrl_pend.c   **** #define MOTOR_CPR_F     1040.0f     /* 4 × 260 PPR (QuadDec x4) */
  66:ctrl_pend.c   **** #define PENDULO_CPR_F   10000.0f
  67:ctrl_pend.c   **** #define PWM_MAX_F       1264.0f
  68:ctrl_pend.c   **** #define PWM_MIN_F      (-1264.0f)
  69:ctrl_pend.c   **** 
  70:ctrl_pend.c   **** /* Filtro Åström de primer orden: y_f = α·y_f_prev + (1−α)·y_raw.
  71:ctrl_pend.c   ****    DC gain = 1; polo discreto α = e^(-2π·fn·Ts) ∈ (0,1).
  72:ctrl_pend.c   ****    - MOT:  fn = 50 Hz → α = e^(-π/2)  ≈ 0.2079  (sobre y1, velocidad motor)
  73:ctrl_pend.c   ****    - PEND: fn = 10 Hz → α = e^(-π/10) ≈ 0.7304  (sobre y2, ángulo péndulo) */
  74:ctrl_pend.c   **** #define ALPHA_ASTROM_MOT     0.207879576350762f
  75:ctrl_pend.c   **** #define ALPHA_ASTROM_PEND    0.730402691048646f
  76:ctrl_pend.c   **** 
  77:ctrl_pend.c   **** /* ============================================================
  78:ctrl_pend.c   ****    Struct de estado por planta
  79:ctrl_pend.c   ****    ============================================================ */
  80:ctrl_pend.c   **** typedef struct {
  81:ctrl_pend.c   ****     uint8  mode;            /* CTRL_MODE_* */
  82:ctrl_pend.c   **** 
  83:ctrl_pend.c   ****     /* TF – Direct Form II Transposed, hasta orden 5 */
  84:ctrl_pend.c   ****     float  tf_b[6];
  85:ctrl_pend.c   ****     float  tf_a[6];         /* a[0] siempre 1 tras normalización */
  86:ctrl_pend.c   ****     float  tf_w[5];         /* estados de retardo */
ARM GAS  C:\Users\user\AppData\Local\Temp\ccoNEg7E.s 			page 3


  87:ctrl_pend.c   **** 
  88:ctrl_pend.c   ****     /* SS – 2 estados, float */
  89:ctrl_pend.c   ****     float  A[4];            /* 2×2 row-major: [A11 A12 A21 A22] */
  90:ctrl_pend.c   ****     float  B[2];            /* 2×1 */
  91:ctrl_pend.c   ****     float  C[2];            /* 1×2 */
  92:ctrl_pend.c   ****     float  D;
  93:ctrl_pend.c   ****     float  L[2];            /* ganancia de observador */
  94:ctrl_pend.c   ****     float  K[2];            /* ganancia de realimentación */
  95:ctrl_pend.c   ****     float  Kx;              /* Nbar (sin integrador) o Ki (con integrador) */
  96:ctrl_pend.c   **** 
  97:ctrl_pend.c   ****     /* SS – estados del observador (float, siempre) */
  98:ctrl_pend.c   ****     float  xhat[2];         /* estimado posterior */
  99:ctrl_pend.c   ****     float  zhat[2];         /* estimado prior (observer actual) */
 100:ctrl_pend.c   ****     float  vint;            /* acumulador integral (float, sin Ts) */
 101:ctrl_pend.c   **** 
 102:ctrl_pend.c   ****     float  ref;             /* setpoint actual */
 103:ctrl_pend.c   ****     float  Nbar;            /* feedforward: u_total = C(z)*(ref-y) + Nbar*ref  (TF mode) */
 104:ctrl_pend.c   ****     float  u_out;           /* salida anterior saturada (para observer) */
 105:ctrl_pend.c   **** 
 106:ctrl_pend.c   ****     /* Decimación (solo outer, planta 1) */
 107:ctrl_pend.c   ****     uint16 N;
 108:ctrl_pend.c   ****     uint16 cnt;
 109:ctrl_pend.c   **** 
 110:ctrl_pend.c   ****     /* Normalización para Q-format (c[16], default 1.0f).
 111:ctrl_pend.c   ****        Señales: x_q = float_to_q(x / q_scale).
 112:ctrl_pend.c   ****        Coeficientes: almacenados sin dividir por q_scale. */
 113:ctrl_pend.c   ****     float  q_scale;
 114:ctrl_pend.c   **** 
 115:ctrl_pend.c   ****     /* Pre-convertidos Q31 (SS mode, arm_float_to_q31) */
 116:ctrl_pend.c   ****     q31_t  qA31[4];
 117:ctrl_pend.c   ****     q31_t  qB31[2];
 118:ctrl_pend.c   ****     q31_t  qC31[2];
 119:ctrl_pend.c   ****     q31_t  qK31[2];
 120:ctrl_pend.c   ****     q31_t  qL31[2];
 121:ctrl_pend.c   ****     q31_t  qD31;
 122:ctrl_pend.c   ****     q31_t  qKx31;
 123:ctrl_pend.c   **** 
 124:ctrl_pend.c   ****     /* Pre-convertidos Q15 */
 125:ctrl_pend.c   ****     q15_t  qA15[4];
 126:ctrl_pend.c   ****     q15_t  qB15[2];
 127:ctrl_pend.c   ****     q15_t  qC15[2];
 128:ctrl_pend.c   ****     q15_t  qK15[2];
 129:ctrl_pend.c   ****     q15_t  qL15[2];
 130:ctrl_pend.c   ****     q15_t  qD15;
 131:ctrl_pend.c   ****     q15_t  qKx15;
 132:ctrl_pend.c   **** 
 133:ctrl_pend.c   ****     /* Pre-convertidos Q7 */
 134:ctrl_pend.c   ****     q7_t   qA7[4];
 135:ctrl_pend.c   ****     q7_t   qB7[2];
 136:ctrl_pend.c   ****     q7_t   qC7[2];
 137:ctrl_pend.c   ****     q7_t   qK7[2];
 138:ctrl_pend.c   ****     q7_t   qL7[2];
 139:ctrl_pend.c   ****     q7_t   qD7;
 140:ctrl_pend.c   ****     q7_t   qKx7;
 141:ctrl_pend.c   **** 
 142:ctrl_pend.c   **** } CtrlLoop;
 143:ctrl_pend.c   **** 
ARM GAS  C:\Users\user\AppData\Local\Temp\ccoNEg7E.s 			page 4


 144:ctrl_pend.c   **** /* ============================================================
 145:ctrl_pend.c   ****    Estado del módulo
 146:ctrl_pend.c   ****    ============================================================ */
 147:ctrl_pend.c   **** static CtrlLoop g_lp[PLANT_COUNT];
 148:ctrl_pend.c   **** static float    g_Ts      = 0.005f;
 149:ctrl_pend.c   **** static uint8    g_running = 0u;
 150:ctrl_pend.c   **** 
 151:ctrl_pend.c   **** /* Tipo numérico activo */
 152:ctrl_pend.c   **** static uint8    g_num_type = CTRL_NUM_F32;
 153:ctrl_pend.c   **** 
 154:ctrl_pend.c   **** /* Estados de los filtros Åström */
 155:ctrl_pend.c   **** static float g_y1_filt = 0.0f;   /* y1 = velocidad angular del motor (rad/s) */
 156:ctrl_pend.c   **** static float g_y2_filt = 0.0f;   /* y2 = ángulo del péndulo (rad)             */
 157:ctrl_pend.c   **** 
 158:ctrl_pend.c   **** /* Telemetría */
 159:ctrl_pend.c   **** volatile float ctrl_telem_u1    = 0.0f;
 160:ctrl_pend.c   **** volatile float ctrl_telem_y1    = 0.0f;
 161:ctrl_pend.c   **** volatile float ctrl_telem_u2    = 0.0f;
 162:ctrl_pend.c   **** volatile float ctrl_telem_y2    = 0.0f;
 163:ctrl_pend.c   **** volatile float ctrl_telem_x1i   = 0.0f;
 164:ctrl_pend.c   **** volatile float ctrl_telem_x2i   = 0.0f;
 165:ctrl_pend.c   **** volatile float ctrl_telem_x1o   = 0.0f;
 166:ctrl_pend.c   **** volatile float ctrl_telem_x2o   = 0.0f;
 167:ctrl_pend.c   **** volatile uint8 ctrl_telem_ready = 0u;
 168:ctrl_pend.c   **** 
 169:ctrl_pend.c   **** /* Timer */
 170:ctrl_pend.c   **** volatile uint8  ctrl_period_pending = 0u;
 171:ctrl_pend.c   **** volatile uint32 ctrl_period_ticks   = (TIMER_CLOCK_HZ / 200u) - 1u;  /* 200 Hz por defecto */
 172:ctrl_pend.c   **** 
 173:ctrl_pend.c   **** /* Detección de stall — set por ctrl_step, reseteado por main tras notificar */
 174:ctrl_pend.c   **** volatile uint8  ctrl_stall_flag = 0u;
 175:ctrl_pend.c   **** 
 176:ctrl_pend.c   **** /* Saturación configurable */
 177:ctrl_pend.c   **** static float    g_sat_min = PWM_MIN_F;
 178:ctrl_pend.c   **** static float    g_sat_max = PWM_MAX_F;
 179:ctrl_pend.c   **** 
 180:ctrl_pend.c   **** /* ============================================================
 181:ctrl_pend.c   ****    Helpers escalares genéricos
 182:ctrl_pend.c   ****    ============================================================ */
 183:ctrl_pend.c   **** static float satf(float v, float lo, float hi)
 184:ctrl_pend.c   **** {
  29              		.loc 1 184 0
  30              		.cfi_startproc
  31              		@ args = 0, pretend = 0, frame = 0
  32              		@ frame_needed = 0, uses_anonymous_args = 0
  33              	.LVL0:
  34 0000 70B5     		push	{r4, r5, r6, lr}
  35              		.cfi_def_cfa_offset 16
  36              		.cfi_offset 4, -16
  37              		.cfi_offset 5, -12
  38              		.cfi_offset 6, -8
  39              		.cfi_offset 14, -4
  40 0002 0546     		mov	r5, r0
  41 0004 0E46     		mov	r6, r1
  42 0006 1446     		mov	r4, r2
 185:ctrl_pend.c   ****     if (v > hi) return hi;
  43              		.loc 1 185 0
ARM GAS  C:\Users\user\AppData\Local\Temp\ccoNEg7E.s 			page 5


  44 0008 1146     		mov	r1, r2
  45              	.LVL1:
  46 000a FFF7FEFF 		bl	__aeabi_fcmpgt
  47              	.LVL2:
  48 000e 30B9     		cbnz	r0, .L4
 186:ctrl_pend.c   ****     if (v < lo) return lo;
  49              		.loc 1 186 0
  50 0010 3146     		mov	r1, r6
  51 0012 2846     		mov	r0, r5
  52 0014 FFF7FEFF 		bl	__aeabi_fcmplt
  53              	.LVL3:
  54 0018 18B1     		cbz	r0, .L7
  55 001a 3046     		mov	r0, r6
  56 001c 70BD     		pop	{r4, r5, r6, pc}
  57              	.LVL4:
  58              	.L4:
 185:ctrl_pend.c   ****     if (v > hi) return hi;
  59              		.loc 1 185 0
  60 001e 2046     		mov	r0, r4
  61 0020 70BD     		pop	{r4, r5, r6, pc}
  62              	.LVL5:
  63              	.L7:
 187:ctrl_pend.c   ****     return v;
  64              		.loc 1 187 0
  65 0022 2846     		mov	r0, r5
 188:ctrl_pend.c   **** }
  66              		.loc 1 188 0
  67 0024 70BD     		pop	{r4, r5, r6, pc}
  68              		.cfi_endproc
  69              	.LFE119:
  70              		.size	satf, .-satf
  71 0026 00BF     		.section	.text.mode_ss,"ax",%progbits
  72              		.align	2
  73              		.thumb
  74              		.thumb_func
  75              		.type	mode_ss, %function
  76              	mode_ss:
  77              	.LFB120:
 189:ctrl_pend.c   **** 
 190:ctrl_pend.c   **** static uint8 mode_ss(uint8 m)
 191:ctrl_pend.c   **** {
  78              		.loc 1 191 0
  79              		.cfi_startproc
  80              		@ args = 0, pretend = 0, frame = 0
  81              		@ frame_needed = 0, uses_anonymous_args = 0
  82              		@ link register save eliminated.
  83              	.LVL6:
 192:ctrl_pend.c   ****     return (m == CTRL_MODE_SS_PRED_NOI || m == CTRL_MODE_SS_ACT_NOI ||
 193:ctrl_pend.c   ****             m == CTRL_MODE_SS_PRED_I   || m == CTRL_MODE_SS_ACT_I);
  84              		.loc 1 193 0
  85 0000 0138     		subs	r0, r0, #1
  86              	.LVL7:
  87 0002 C0B2     		uxtb	r0, r0
 194:ctrl_pend.c   **** }
  88              		.loc 1 194 0
  89 0004 0328     		cmp	r0, #3
  90 0006 8CBF     		ite	hi
ARM GAS  C:\Users\user\AppData\Local\Temp\ccoNEg7E.s 			page 6


  91 0008 0020     		movhi	r0, #0
  92 000a 0120     		movls	r0, #1
  93 000c 7047     		bx	lr
  94              		.cfi_endproc
  95              	.LFE120:
  96              		.size	mode_ss, .-mode_ss
  97 000e 00BF     		.section	.text.mode_has_i,"ax",%progbits
  98              		.align	2
  99              		.thumb
 100              		.thumb_func
 101              		.type	mode_has_i, %function
 102              	mode_has_i:
 103              	.LFB121:
 195:ctrl_pend.c   **** 
 196:ctrl_pend.c   **** static uint8 mode_has_i(uint8 m)
 197:ctrl_pend.c   **** {
 104              		.loc 1 197 0
 105              		.cfi_startproc
 106              		@ args = 0, pretend = 0, frame = 0
 107              		@ frame_needed = 0, uses_anonymous_args = 0
 108              		@ link register save eliminated.
 109              	.LVL8:
 198:ctrl_pend.c   ****     return (m == CTRL_MODE_SS_PRED_I) || (m == CTRL_MODE_SS_ACT_I);
 110              		.loc 1 198 0
 111 0000 0338     		subs	r0, r0, #3
 112              	.LVL9:
 113 0002 C0B2     		uxtb	r0, r0
 199:ctrl_pend.c   **** }
 114              		.loc 1 199 0
 115 0004 0128     		cmp	r0, #1
 116 0006 8CBF     		ite	hi
 117 0008 0020     		movhi	r0, #0
 118 000a 0120     		movls	r0, #1
 119 000c 7047     		bx	lr
 120              		.cfi_endproc
 121              	.LFE121:
 122              		.size	mode_has_i, .-mode_has_i
 123              		.global	__aeabi_fmul
 124              		.global	__aeabi_fadd
 125              		.global	__aeabi_fsub
 126 000e 00BF     		.section	.text.tf_step,"ax",%progbits
 127              		.align	2
 128              		.thumb
 129              		.thumb_func
 130              		.type	tf_step, %function
 131              	tf_step:
 132              	.LFB131:
 200:ctrl_pend.c   **** 
 201:ctrl_pend.c   **** 
 202:ctrl_pend.c   **** /* ============================================================
 203:ctrl_pend.c   ****    Q-format inline conversions
 204:ctrl_pend.c   ****    Convención: todos los valores representados como fracción de
 205:ctrl_pend.c   ****    q_scale, es decir: q_val = physical_val / q_scale ∈ [-1, 1).
 206:ctrl_pend.c   ****    ============================================================ */
 207:ctrl_pend.c   **** 
 208:ctrl_pend.c   **** /* Float normalizado [-1,1) → Q31 */
 209:ctrl_pend.c   **** static inline q31_t flt_to_q31n(float v) {
ARM GAS  C:\Users\user\AppData\Local\Temp\ccoNEg7E.s 			page 7


 210:ctrl_pend.c   ****     if (v >= 1.0f)  return  (q31_t)0x7FFFFFFF;
 211:ctrl_pend.c   ****     if (v < -1.0f)  return  (q31_t)0x80000000;
 212:ctrl_pend.c   ****     return (q31_t)(v * 2147483648.0f);
 213:ctrl_pend.c   **** }
 214:ctrl_pend.c   **** /* Q31 → float normalizado [-1,1) */
 215:ctrl_pend.c   **** static inline float q31_to_flt(q31_t v) {
 216:ctrl_pend.c   ****     return (float)v * (1.0f / 2147483648.0f);
 217:ctrl_pend.c   **** }
 218:ctrl_pend.c   **** 
 219:ctrl_pend.c   **** /* Float normalizado [-1,1) → Q15 */
 220:ctrl_pend.c   **** static inline q15_t flt_to_q15n(float v) {
 221:ctrl_pend.c   ****     if (v >= 1.0f)  return  (q15_t)0x7FFF;
 222:ctrl_pend.c   ****     if (v < -1.0f)  return  (q15_t)0x8000;
 223:ctrl_pend.c   ****     return (q15_t)(v * 32768.0f);
 224:ctrl_pend.c   **** }
 225:ctrl_pend.c   **** /* Q15 → float normalizado */
 226:ctrl_pend.c   **** static inline float q15_to_flt(q15_t v) {
 227:ctrl_pend.c   ****     return (float)v * (1.0f / 32768.0f);
 228:ctrl_pend.c   **** }
 229:ctrl_pend.c   **** 
 230:ctrl_pend.c   **** /* Float normalizado [-1,1) → Q7 */
 231:ctrl_pend.c   **** static inline q7_t flt_to_q7n(float v) {
 232:ctrl_pend.c   ****     if (v >= 1.0f)  return  (q7_t)0x7F;
 233:ctrl_pend.c   ****     if (v < -1.0f)  return  (q7_t)0x80;
 234:ctrl_pend.c   ****     return (q7_t)(v * 128.0f);
 235:ctrl_pend.c   **** }
 236:ctrl_pend.c   **** /* Q7 → float normalizado */
 237:ctrl_pend.c   **** static inline float q7_to_flt(q7_t v) {
 238:ctrl_pend.c   ****     return (float)v * (1.0f / 128.0f);
 239:ctrl_pend.c   **** }
 240:ctrl_pend.c   **** 
 241:ctrl_pend.c   **** /* Saturating add helpers para escalares Q */
 242:ctrl_pend.c   **** static inline q31_t qsat31(q63_t v) {
 243:ctrl_pend.c   ****     if (v > (q63_t)0x7FFFFFFF)  return (q31_t)0x7FFFFFFF;
 244:ctrl_pend.c   ****     if (v < (q63_t)0xFFFFFFFF80000000LL) return (q31_t)0x80000000;
 245:ctrl_pend.c   ****     return (q31_t)v;
 246:ctrl_pend.c   **** }
 247:ctrl_pend.c   **** static inline q15_t qsat15(q31_t v) {
 248:ctrl_pend.c   ****     if (v >  0x7FFF) return (q15_t)0x7FFF;
 249:ctrl_pend.c   ****     if (v < (q31_t)0xFFFF8000) return (q15_t)0x8000;
 250:ctrl_pend.c   ****     return (q15_t)v;
 251:ctrl_pend.c   **** }
 252:ctrl_pend.c   **** static inline q7_t qsat7(q15_t v) {
 253:ctrl_pend.c   ****     if (v >  0x7F) return (q7_t)0x7F;
 254:ctrl_pend.c   ****     if (v < (q15_t)0xFF80) return (q7_t)0x80;
 255:ctrl_pend.c   ****     return (q7_t)v;
 256:ctrl_pend.c   **** }
 257:ctrl_pend.c   **** 
 258:ctrl_pend.c   **** /* ============================================================
 259:ctrl_pend.c   ****    TF – Direct Form II Transposed step
 260:ctrl_pend.c   ****    Igual al patrón de Elia. CMSIS no aporta para 6 coeficientes
 261:ctrl_pend.c   ****    escalares; DF2T es ya la implementación óptima.
 262:ctrl_pend.c   ****    ============================================================ */
 263:ctrl_pend.c   **** static float tf_step(CtrlLoop *lp, float x)
 264:ctrl_pend.c   **** {
 133              		.loc 1 264 0
 134              		.cfi_startproc
ARM GAS  C:\Users\user\AppData\Local\Temp\ccoNEg7E.s 			page 8


 135              		@ args = 0, pretend = 0, frame = 0
 136              		@ frame_needed = 0, uses_anonymous_args = 0
 137              	.LVL10:
 138 0000 F8B5     		push	{r3, r4, r5, r6, r7, lr}
 139              		.cfi_def_cfa_offset 24
 140              		.cfi_offset 3, -24
 141              		.cfi_offset 4, -20
 142              		.cfi_offset 5, -16
 143              		.cfi_offset 6, -12
 144              		.cfi_offset 7, -8
 145              		.cfi_offset 14, -4
 146 0002 0446     		mov	r4, r0
 147 0004 0E46     		mov	r6, r1
 265:ctrl_pend.c   ****     float y = lp->tf_b[0]*x + lp->tf_w[0];
 148              		.loc 1 265 0
 149 0006 4068     		ldr	r0, [r0, #4]	@ float
 150              	.LVL11:
 151 0008 FFF7FEFF 		bl	__aeabi_fmul
 152              	.LVL12:
 153 000c 616B     		ldr	r1, [r4, #52]	@ float
 154 000e FFF7FEFF 		bl	__aeabi_fadd
 155              	.LVL13:
 156 0012 0546     		mov	r5, r0
 157              	.LVL14:
 266:ctrl_pend.c   ****     lp->tf_w[0] = lp->tf_w[1] + lp->tf_b[1]*x - lp->tf_a[1]*y;
 158              		.loc 1 266 0
 159 0014 A76B     		ldr	r7, [r4, #56]	@ float
 160 0016 A168     		ldr	r1, [r4, #8]	@ float
 161 0018 3046     		mov	r0, r6
 162              	.LVL15:
 163 001a FFF7FEFF 		bl	__aeabi_fmul
 164              	.LVL16:
 165 001e 0146     		mov	r1, r0
 166 0020 3846     		mov	r0, r7
 167 0022 FFF7FEFF 		bl	__aeabi_fadd
 168              	.LVL17:
 169 0026 0746     		mov	r7, r0
 170 0028 216A     		ldr	r1, [r4, #32]	@ float
 171 002a 2846     		mov	r0, r5
 172 002c FFF7FEFF 		bl	__aeabi_fmul
 173              	.LVL18:
 174 0030 0146     		mov	r1, r0
 175 0032 3846     		mov	r0, r7
 176 0034 FFF7FEFF 		bl	__aeabi_fsub
 177              	.LVL19:
 178 0038 6063     		str	r0, [r4, #52]	@ float
 267:ctrl_pend.c   ****     lp->tf_w[1] = lp->tf_w[2] + lp->tf_b[2]*x - lp->tf_a[2]*y;
 179              		.loc 1 267 0
 180 003a E76B     		ldr	r7, [r4, #60]	@ float
 181 003c E168     		ldr	r1, [r4, #12]	@ float
 182 003e 3046     		mov	r0, r6
 183 0040 FFF7FEFF 		bl	__aeabi_fmul
 184              	.LVL20:
 185 0044 0146     		mov	r1, r0
 186 0046 3846     		mov	r0, r7
 187 0048 FFF7FEFF 		bl	__aeabi_fadd
 188              	.LVL21:
ARM GAS  C:\Users\user\AppData\Local\Temp\ccoNEg7E.s 			page 9


 189 004c 0746     		mov	r7, r0
 190 004e 616A     		ldr	r1, [r4, #36]	@ float
 191 0050 2846     		mov	r0, r5
 192 0052 FFF7FEFF 		bl	__aeabi_fmul
 193              	.LVL22:
 194 0056 0146     		mov	r1, r0
 195 0058 3846     		mov	r0, r7
 196 005a FFF7FEFF 		bl	__aeabi_fsub
 197              	.LVL23:
 198 005e A063     		str	r0, [r4, #56]	@ float
 268:ctrl_pend.c   ****     lp->tf_w[2] = lp->tf_w[3] + lp->tf_b[3]*x - lp->tf_a[3]*y;
 199              		.loc 1 268 0
 200 0060 276C     		ldr	r7, [r4, #64]	@ float
 201 0062 2169     		ldr	r1, [r4, #16]	@ float
 202 0064 3046     		mov	r0, r6
 203 0066 FFF7FEFF 		bl	__aeabi_fmul
 204              	.LVL24:
 205 006a 0146     		mov	r1, r0
 206 006c 3846     		mov	r0, r7
 207 006e FFF7FEFF 		bl	__aeabi_fadd
 208              	.LVL25:
 209 0072 0746     		mov	r7, r0
 210 0074 A16A     		ldr	r1, [r4, #40]	@ float
 211 0076 2846     		mov	r0, r5
 212 0078 FFF7FEFF 		bl	__aeabi_fmul
 213              	.LVL26:
 214 007c 0146     		mov	r1, r0
 215 007e 3846     		mov	r0, r7
 216 0080 FFF7FEFF 		bl	__aeabi_fsub
 217              	.LVL27:
 218 0084 E063     		str	r0, [r4, #60]	@ float
 269:ctrl_pend.c   ****     lp->tf_w[3] = lp->tf_w[4] + lp->tf_b[4]*x - lp->tf_a[4]*y;
 219              		.loc 1 269 0
 220 0086 676C     		ldr	r7, [r4, #68]	@ float
 221 0088 6169     		ldr	r1, [r4, #20]	@ float
 222 008a 3046     		mov	r0, r6
 223 008c FFF7FEFF 		bl	__aeabi_fmul
 224              	.LVL28:
 225 0090 0146     		mov	r1, r0
 226 0092 3846     		mov	r0, r7
 227 0094 FFF7FEFF 		bl	__aeabi_fadd
 228              	.LVL29:
 229 0098 0746     		mov	r7, r0
 230 009a E16A     		ldr	r1, [r4, #44]	@ float
 231 009c 2846     		mov	r0, r5
 232 009e FFF7FEFF 		bl	__aeabi_fmul
 233              	.LVL30:
 234 00a2 0146     		mov	r1, r0
 235 00a4 3846     		mov	r0, r7
 236 00a6 FFF7FEFF 		bl	__aeabi_fsub
 237              	.LVL31:
 238 00aa 2064     		str	r0, [r4, #64]	@ float
 270:ctrl_pend.c   ****     lp->tf_w[4] =                lp->tf_b[5]*x - lp->tf_a[5]*y;
 239              		.loc 1 270 0
 240 00ac A169     		ldr	r1, [r4, #24]	@ float
 241 00ae 3046     		mov	r0, r6
 242 00b0 FFF7FEFF 		bl	__aeabi_fmul
ARM GAS  C:\Users\user\AppData\Local\Temp\ccoNEg7E.s 			page 10


 243              	.LVL32:
 244 00b4 0646     		mov	r6, r0
 245              	.LVL33:
 246 00b6 216B     		ldr	r1, [r4, #48]	@ float
 247 00b8 2846     		mov	r0, r5
 248 00ba FFF7FEFF 		bl	__aeabi_fmul
 249              	.LVL34:
 250 00be 0146     		mov	r1, r0
 251 00c0 3046     		mov	r0, r6
 252 00c2 FFF7FEFF 		bl	__aeabi_fsub
 253              	.LVL35:
 254 00c6 6064     		str	r0, [r4, #68]	@ float
 271:ctrl_pend.c   ****     return y;
 272:ctrl_pend.c   **** }
 255              		.loc 1 272 0
 256 00c8 2846     		mov	r0, r5
 257 00ca F8BD     		pop	{r3, r4, r5, r6, r7, pc}
 258              		.cfi_endproc
 259              	.LFE131:
 260              		.size	tf_step, .-tf_step
 261              		.global	__aeabi_fdiv
 262              		.global	__aeabi_fcmpge
 263              		.global	__aeabi_f2iz
 264              		.global	__aeabi_i2f
 265              		.section	.text.ss_yhat_q31,"ax",%progbits
 266              		.align	2
 267              		.thumb
 268              		.thumb_func
 269              		.type	ss_yhat_q31, %function
 270              	ss_yhat_q31:
 271              	.LFB138:
 273:ctrl_pend.c   **** 
 274:ctrl_pend.c   **** /* ============================================================
 275:ctrl_pend.c   ****    SS helpers — F32 (patrón idéntico a Elia control_app.c)
 276:ctrl_pend.c   ****    arm_dot_prod_f32: dot product
 277:ctrl_pend.c   ****    arm_scale_f32:    v * escalar → destino
 278:ctrl_pend.c   ****    arm_add_f32:      suma elemento a elemento
 279:ctrl_pend.c   ****    ============================================================ */
 280:ctrl_pend.c   **** 
 281:ctrl_pend.c   **** /* ŷ = C·x + D·u */
 282:ctrl_pend.c   **** static float ss_yhat_f32(CtrlLoop *lp, const float x[2], float u)
 283:ctrl_pend.c   **** {
 284:ctrl_pend.c   ****     float out = 0.0f;
 285:ctrl_pend.c   ****     arm_dot_prod_f32((float32_t*)lp->C, (float32_t*)x, 2u, (float32_t*)&out);
 286:ctrl_pend.c   ****     return out + lp->D * u;
 287:ctrl_pend.c   **** }
 288:ctrl_pend.c   **** 
 289:ctrl_pend.c   **** /* z = A·x + B·u  (por fila, igual que Elia dot2_cmsis) */
 290:ctrl_pend.c   **** static void ss_predict_f32(CtrlLoop *lp, const float x[2], float u, float z[2])
 291:ctrl_pend.c   **** {
 292:ctrl_pend.c   ****     arm_dot_prod_f32((float32_t*)&lp->A[0], (float32_t*)x, 2u, (float32_t*)&z[0]);
 293:ctrl_pend.c   ****     z[0] += lp->B[0] * u;
 294:ctrl_pend.c   ****     arm_dot_prod_f32((float32_t*)&lp->A[2], (float32_t*)x, 2u, (float32_t*)&z[1]);
 295:ctrl_pend.c   ****     z[1] += lp->B[1] * u;
 296:ctrl_pend.c   **** }
 297:ctrl_pend.c   **** 
 298:ctrl_pend.c   **** /* u_cmd = −K·xhat + Kx*(vint o ref) */
ARM GAS  C:\Users\user\AppData\Local\Temp\ccoNEg7E.s 			page 11


 299:ctrl_pend.c   **** static float ss_u_cmd_f32(CtrlLoop *lp)
 300:ctrl_pend.c   **** {
 301:ctrl_pend.c   ****     float kx = 0.0f;
 302:ctrl_pend.c   ****     arm_dot_prod_f32((float32_t*)lp->K, (float32_t*)lp->xhat, 2u, (float32_t*)&kx);
 303:ctrl_pend.c   ****     float extra = mode_has_i(lp->mode) ? (lp->Kx * lp->vint)
 304:ctrl_pend.c   ****                                        : (lp->Kx * lp->ref);
 305:ctrl_pend.c   ****     return extra - kx;
 306:ctrl_pend.c   **** }
 307:ctrl_pend.c   **** 
 308:ctrl_pend.c   **** /* Observer predictor:
 309:ctrl_pend.c   ****    innov = y − ŷ(xhat, u_prev)
 310:ctrl_pend.c   ****    z = A·xhat + B·u_k
 311:ctrl_pend.c   ****    xhat ← z + L·innov                                         */
 312:ctrl_pend.c   **** static void ss_obs_pred_f32(CtrlLoop *lp, float y, float u_prev, float u_k)
 313:ctrl_pend.c   **** {
 314:ctrl_pend.c   ****     float innov = y - ss_yhat_f32(lp, lp->xhat, u_prev);
 315:ctrl_pend.c   ****     float z[2], Linv[2];
 316:ctrl_pend.c   ****     ss_predict_f32(lp, lp->xhat, u_k, z);
 317:ctrl_pend.c   ****     arm_scale_f32((float32_t*)lp->L, innov, (float32_t*)Linv, 2u);
 318:ctrl_pend.c   ****     arm_add_f32((float32_t*)z, (float32_t*)Linv, (float32_t*)lp->xhat, 2u);
 319:ctrl_pend.c   **** }
 320:ctrl_pend.c   **** 
 321:ctrl_pend.c   **** /* Observer actual — corrección: xhat ← zhat + L·innov       */
 322:ctrl_pend.c   **** static void ss_obs_act_correct_f32(CtrlLoop *lp, float y, float u_prev)
 323:ctrl_pend.c   **** {
 324:ctrl_pend.c   ****     float innov = y - ss_yhat_f32(lp, lp->zhat, u_prev);
 325:ctrl_pend.c   ****     float Linv[2];
 326:ctrl_pend.c   ****     arm_scale_f32((float32_t*)lp->L, innov, (float32_t*)Linv, 2u);
 327:ctrl_pend.c   ****     arm_add_f32((float32_t*)lp->zhat, (float32_t*)Linv, (float32_t*)lp->xhat, 2u);
 328:ctrl_pend.c   **** }
 329:ctrl_pend.c   **** 
 330:ctrl_pend.c   **** /* Observer actual — predicción: zhat ← A·xhat + B·u         */
 331:ctrl_pend.c   **** static void ss_obs_act_predict_f32(CtrlLoop *lp, float u_k)
 332:ctrl_pend.c   **** {
 333:ctrl_pend.c   ****     ss_predict_f32(lp, lp->xhat, u_k, lp->zhat);
 334:ctrl_pend.c   **** }
 335:ctrl_pend.c   **** 
 336:ctrl_pend.c   **** /* ============================================================
 337:ctrl_pend.c   ****    SS helpers — Q31
 338:ctrl_pend.c   ****    Señales normalizadas: x_q = flt_to_q31n(x / q_scale)
 339:ctrl_pend.c   ****    Coeficientes pre-convertidos: qA31, qB31, etc. (= arm_float_to_q31 del valor físico)
 340:ctrl_pend.c   **** 
 341:ctrl_pend.c   ****    arm_dot_prod_q31: resultado 16.48 → >>17 para Q31
 342:ctrl_pend.c   ****    arm_scale_q31(..., shift=0): (src × scaleFract) >> 31 → Q31
 343:ctrl_pend.c   ****    arm_add_q31: suma saturada Q31
 344:ctrl_pend.c   ****    ============================================================ */
 345:ctrl_pend.c   **** 
 346:ctrl_pend.c   **** static float ss_yhat_q31(CtrlLoop *lp, const float x[2], float u)
 347:ctrl_pend.c   **** {
 272              		.loc 1 347 0
 273              		.cfi_startproc
 274              		@ args = 0, pretend = 0, frame = 16
 275              		@ frame_needed = 0, uses_anonymous_args = 0
 276              	.LVL36:
 277 0000 2DE9F043 		push	{r4, r5, r6, r7, r8, r9, lr}
 278              		.cfi_def_cfa_offset 28
 279              		.cfi_offset 4, -28
ARM GAS  C:\Users\user\AppData\Local\Temp\ccoNEg7E.s 			page 12


 280              		.cfi_offset 5, -24
 281              		.cfi_offset 6, -20
 282              		.cfi_offset 7, -16
 283              		.cfi_offset 8, -12
 284              		.cfi_offset 9, -8
 285              		.cfi_offset 14, -4
 286 0004 85B0     		sub	sp, sp, #20
 287              		.cfi_def_cfa_offset 48
 288 0006 0646     		mov	r6, r0
 289 0008 0C46     		mov	r4, r1
 290 000a 1746     		mov	r7, r2
 348:ctrl_pend.c   ****     float qs = lp->q_scale;
 291              		.loc 1 348 0
 292 000c D0F8A450 		ldr	r5, [r0, #164]	@ float
 293              	.LVL37:
 349:ctrl_pend.c   ****     q31_t xq[2];
 350:ctrl_pend.c   ****     q63_t dot;
 351:ctrl_pend.c   **** 
 352:ctrl_pend.c   ****     xq[0] = flt_to_q31n(x[0] / qs);
 294              		.loc 1 352 0
 295 0010 2946     		mov	r1, r5
 296              	.LVL38:
 297 0012 2068     		ldr	r0, [r4]	@ float
 298              	.LVL39:
 299 0014 FFF7FEFF 		bl	__aeabi_fdiv
 300              	.LVL40:
 301 0018 8046     		mov	r8, r0
 302              	.LVL41:
 303              	.LBB206:
 304              	.LBB207:
 210:ctrl_pend.c   ****     if (v < -1.0f)  return  (q31_t)0x80000000;
 305              		.loc 1 210 0
 306 001a 4FF07E51 		mov	r1, #1065353216
 307 001e FFF7FEFF 		bl	__aeabi_fcmpge
 308              	.LVL42:
 309 0022 60B9     		cbnz	r0, .L18
 211:ctrl_pend.c   ****     return (q31_t)(v * 2147483648.0f);
 310              		.loc 1 211 0
 311 0024 4449     		ldr	r1, .L27
 312 0026 4046     		mov	r0, r8
 313 0028 FFF7FEFF 		bl	__aeabi_fcmplt
 314              	.LVL43:
 315 002c 50B9     		cbnz	r0, .L19
 212:ctrl_pend.c   **** }
 316              		.loc 1 212 0
 317 002e 4FF09E41 		mov	r1, #1325400064
 318 0032 4046     		mov	r0, r8
 319 0034 FFF7FEFF 		bl	__aeabi_fmul
 320              	.LVL44:
 321 0038 FFF7FEFF 		bl	__aeabi_f2iz
 322              	.LVL45:
 323 003c 04E0     		b	.L14
 324              	.L18:
 210:ctrl_pend.c   ****     if (v < -1.0f)  return  (q31_t)0x80000000;
 325              		.loc 1 210 0
 326 003e 6FF00040 		mvn	r0, #-2147483648
 327 0042 01E0     		b	.L14
ARM GAS  C:\Users\user\AppData\Local\Temp\ccoNEg7E.s 			page 13


 328              	.L19:
 211:ctrl_pend.c   ****     return (q31_t)(v * 2147483648.0f);
 329              		.loc 1 211 0
 330 0044 4FF00040 		mov	r0, #-2147483648
 331              	.L14:
 332              	.LVL46:
 333              	.LBE207:
 334              	.LBE206:
 335              		.loc 1 352 0
 336 0048 0290     		str	r0, [sp, #8]
 353:ctrl_pend.c   ****     xq[1] = flt_to_q31n(x[1] / qs);
 337              		.loc 1 353 0
 338 004a 2946     		mov	r1, r5
 339 004c 6068     		ldr	r0, [r4, #4]	@ float
 340 004e FFF7FEFF 		bl	__aeabi_fdiv
 341              	.LVL47:
 342 0052 0446     		mov	r4, r0
 343              	.LVL48:
 344              	.LBB208:
 345              	.LBB209:
 210:ctrl_pend.c   ****     if (v < -1.0f)  return  (q31_t)0x80000000;
 346              		.loc 1 210 0
 347 0054 4FF07E51 		mov	r1, #1065353216
 348 0058 FFF7FEFF 		bl	__aeabi_fcmpge
 349              	.LVL49:
 350 005c 60B9     		cbnz	r0, .L20
 211:ctrl_pend.c   ****     return (q31_t)(v * 2147483648.0f);
 351              		.loc 1 211 0
 352 005e 3649     		ldr	r1, .L27
 353 0060 2046     		mov	r0, r4
 354 0062 FFF7FEFF 		bl	__aeabi_fcmplt
 355              	.LVL50:
 356 0066 50B9     		cbnz	r0, .L21
 212:ctrl_pend.c   **** }
 357              		.loc 1 212 0
 358 0068 4FF09E41 		mov	r1, #1325400064
 359 006c 2046     		mov	r0, r4
 360 006e FFF7FEFF 		bl	__aeabi_fmul
 361              	.LVL51:
 362 0072 FFF7FEFF 		bl	__aeabi_f2iz
 363              	.LVL52:
 364 0076 04E0     		b	.L15
 365              	.L20:
 210:ctrl_pend.c   ****     if (v < -1.0f)  return  (q31_t)0x80000000;
 366              		.loc 1 210 0
 367 0078 6FF00040 		mvn	r0, #-2147483648
 368 007c 01E0     		b	.L15
 369              	.L21:
 211:ctrl_pend.c   ****     return (q31_t)(v * 2147483648.0f);
 370              		.loc 1 211 0
 371 007e 4FF00040 		mov	r0, #-2147483648
 372              	.L15:
 373              	.LVL53:
 374              	.LBE209:
 375              	.LBE208:
 376              		.loc 1 353 0
 377 0082 0390     		str	r0, [sp, #12]
ARM GAS  C:\Users\user\AppData\Local\Temp\ccoNEg7E.s 			page 14


 354:ctrl_pend.c   ****     q31_t uq = flt_to_q31n(u / qs);
 378              		.loc 1 354 0
 379 0084 2946     		mov	r1, r5
 380 0086 3846     		mov	r0, r7
 381 0088 FFF7FEFF 		bl	__aeabi_fdiv
 382              	.LVL54:
 383 008c 0446     		mov	r4, r0
 384              	.LVL55:
 385              	.LBB210:
 386              	.LBB211:
 210:ctrl_pend.c   ****     if (v < -1.0f)  return  (q31_t)0x80000000;
 387              		.loc 1 210 0
 388 008e 4FF07E51 		mov	r1, #1065353216
 389 0092 FFF7FEFF 		bl	__aeabi_fcmpge
 390              	.LVL56:
 391 0096 68B9     		cbnz	r0, .L22
 211:ctrl_pend.c   ****     return (q31_t)(v * 2147483648.0f);
 392              		.loc 1 211 0
 393 0098 2749     		ldr	r1, .L27
 394 009a 2046     		mov	r0, r4
 395 009c FFF7FEFF 		bl	__aeabi_fcmplt
 396              	.LVL57:
 397 00a0 58B9     		cbnz	r0, .L23
 212:ctrl_pend.c   **** }
 398              		.loc 1 212 0
 399 00a2 4FF09E41 		mov	r1, #1325400064
 400 00a6 2046     		mov	r0, r4
 401 00a8 FFF7FEFF 		bl	__aeabi_fmul
 402              	.LVL58:
 403 00ac FFF7FEFF 		bl	__aeabi_f2iz
 404              	.LVL59:
 405 00b0 0446     		mov	r4, r0
 406              	.LVL60:
 407 00b2 04E0     		b	.L16
 408              	.LVL61:
 409              	.L22:
 210:ctrl_pend.c   ****     if (v < -1.0f)  return  (q31_t)0x80000000;
 410              		.loc 1 210 0
 411 00b4 6FF00044 		mvn	r4, #-2147483648
 412              	.LVL62:
 413 00b8 01E0     		b	.L16
 414              	.LVL63:
 415              	.L23:
 211:ctrl_pend.c   ****     return (q31_t)(v * 2147483648.0f);
 416              		.loc 1 211 0
 417 00ba 4FF00044 		mov	r4, #-2147483648
 418              	.LVL64:
 419              	.L16:
 420              	.LBE211:
 421              	.LBE210:
 355:ctrl_pend.c   **** 
 356:ctrl_pend.c   ****     /* C·x: dot product, 16.48 → >> 17 → Q31 */
 357:ctrl_pend.c   ****     arm_dot_prod_q31(lp->qC31, xq, 2u, &dot);
 422              		.loc 1 357 0
 423 00be 6B46     		mov	r3, sp
 424 00c0 0222     		movs	r2, #2
 425 00c2 02A9     		add	r1, sp, #8
ARM GAS  C:\Users\user\AppData\Local\Temp\ccoNEg7E.s 			page 15


 426 00c4 06F1C000 		add	r0, r6, #192
 427 00c8 FFF7FEFF 		bl	arm_dot_prod_q31
 428              	.LVL65:
 358:ctrl_pend.c   ****     q31_t Cx = (q31_t)(dot >> 17);
 429              		.loc 1 358 0
 430 00cc 0099     		ldr	r1, [sp]
 431 00ce 490C     		lsrs	r1, r1, #17
 432 00d0 019B     		ldr	r3, [sp, #4]
 433 00d2 41EAC331 		orr	r1, r1, r3, lsl #15
 434              	.LVL66:
 359:ctrl_pend.c   **** 
 360:ctrl_pend.c   ****     /* D·u: (D_q31 × u_q) >> 31 → Q31 */
 361:ctrl_pend.c   ****     q31_t Du = (q31_t)(((q63_t)lp->qD31 * uq) >> 31);
 435              		.loc 1 361 0
 436 00d6 D6F8D820 		ldr	r2, [r6, #216]
 437 00da 4FEAE279 		asr	r9, r2, #31
 438 00de E717     		asrs	r7, r4, #31
 439              	.LVL67:
 440 00e0 04FB09F0 		mul	r0, r4, r9
 441 00e4 02FB0700 		mla	r0, r2, r7, r0
 442 00e8 A4FB0223 		umull	r2, r3, r4, r2
 443 00ec 0344     		add	r3, r3, r0
 444 00ee D00F     		lsrs	r0, r2, #31
 445 00f0 40EA4300 		orr	r0, r0, r3, lsl #1
 446              	.LVL68:
 362:ctrl_pend.c   **** 
 363:ctrl_pend.c   ****     return q31_to_flt(qsat31((q63_t)Cx + Du)) * qs;
 447              		.loc 1 363 0
 448 00f4 C317     		asrs	r3, r0, #31
 449 00f6 4218     		adds	r2, r0, r1
 450 00f8 43EBE173 		adc	r3, r3, r1, asr #31
 451              	.LVL69:
 452              	.LBB212:
 453              	.LBB213:
 243:ctrl_pend.c   ****     if (v < (q63_t)0xFFFFFFFF80000000LL) return (q31_t)0x80000000;
 454              		.loc 1 243 0
 455 00fc B2F1004F 		cmp	r2, #-2147483648
 456 0100 73F10004 		sbcs	r4, r3, #0
 457 0104 06DA     		bge	.L24
 244:ctrl_pend.c   ****     return (q31_t)v;
 458              		.loc 1 244 0
 459 0106 B2F1004F 		cmp	r2, #-2147483648
 460 010a 73F1FF33 		sbcs	r3, r3, #-1
 461 010e 04DB     		blt	.L25
 245:ctrl_pend.c   **** }
 462              		.loc 1 245 0
 463 0110 0844     		add	r0, r0, r1
 464              	.LVL70:
 465 0112 04E0     		b	.L17
 466              	.LVL71:
 467              	.L24:
 243:ctrl_pend.c   ****     if (v < (q63_t)0xFFFFFFFF80000000LL) return (q31_t)0x80000000;
 468              		.loc 1 243 0
 469 0114 6FF00040 		mvn	r0, #-2147483648
 470              	.LVL72:
 471 0118 01E0     		b	.L17
 472              	.LVL73:
ARM GAS  C:\Users\user\AppData\Local\Temp\ccoNEg7E.s 			page 16


 473              	.L25:
 244:ctrl_pend.c   ****     return (q31_t)v;
 474              		.loc 1 244 0
 475 011a 4FF00040 		mov	r0, #-2147483648
 476              	.LVL74:
 477              	.L17:
 478              	.LBE213:
 479              	.LBE212:
 480              	.LBB214:
 481              	.LBB215:
 216:ctrl_pend.c   **** }
 482              		.loc 1 216 0
 483 011e FFF7FEFF 		bl	__aeabi_i2f
 484              	.LVL75:
 485 0122 4FF04051 		mov	r1, #805306368
 486 0126 FFF7FEFF 		bl	__aeabi_fmul
 487              	.LVL76:
 488              	.LBE215:
 489              	.LBE214:
 490              		.loc 1 363 0
 491 012a 0146     		mov	r1, r0
 492 012c 2846     		mov	r0, r5
 493 012e FFF7FEFF 		bl	__aeabi_fmul
 494              	.LVL77:
 364:ctrl_pend.c   **** }
 495              		.loc 1 364 0
 496 0132 05B0     		add	sp, sp, #20
 497              		.cfi_def_cfa_offset 28
 498              		@ sp needed
 499 0134 BDE8F083 		pop	{r4, r5, r6, r7, r8, r9, pc}
 500              	.LVL78:
 501              	.L28:
 502              		.align	2
 503              	.L27:
 504 0138 000080BF 		.word	-1082130432
 505              		.cfi_endproc
 506              	.LFE138:
 507              		.size	ss_yhat_q31, .-ss_yhat_q31
 508              		.section	.text.ss_obs_act_correct_q31,"ax",%progbits
 509              		.align	2
 510              		.thumb
 511              		.thumb_func
 512              		.type	ss_obs_act_correct_q31, %function
 513              	ss_obs_act_correct_q31:
 514              	.LFB142:
 365:ctrl_pend.c   **** 
 366:ctrl_pend.c   **** static void ss_predict_q31(CtrlLoop *lp, const float x[2], float u, float z[2])
 367:ctrl_pend.c   **** {
 368:ctrl_pend.c   ****     float qs = lp->q_scale;
 369:ctrl_pend.c   ****     q31_t xq[2], Buq[2];
 370:ctrl_pend.c   ****     q63_t dot;
 371:ctrl_pend.c   **** 
 372:ctrl_pend.c   ****     xq[0] = flt_to_q31n(x[0] / qs);
 373:ctrl_pend.c   ****     xq[1] = flt_to_q31n(x[1] / qs);
 374:ctrl_pend.c   ****     q31_t uq = flt_to_q31n(u / qs);
 375:ctrl_pend.c   **** 
 376:ctrl_pend.c   ****     /* B·u: arm_scale_q31 escala el vector B por el escalar u.
ARM GAS  C:\Users\user\AppData\Local\Temp\ccoNEg7E.s 			page 17


 377:ctrl_pend.c   ****        Resultado: Buq[i] = (B_q31[i] × uq) >> 31 → Q31 */
 378:ctrl_pend.c   ****     arm_scale_q31(lp->qB31, uq, 0, Buq, 2u);
 379:ctrl_pend.c   **** 
 380:ctrl_pend.c   ****     /* Fila 0: A[0..1]·x */
 381:ctrl_pend.c   ****     arm_dot_prod_q31(&lp->qA31[0], xq, 2u, &dot);
 382:ctrl_pend.c   ****     q31_t Ax0 = (q31_t)(dot >> 17);
 383:ctrl_pend.c   ****     z[0] = q31_to_flt(qsat31((q63_t)Ax0 + Buq[0])) * qs;
 384:ctrl_pend.c   **** 
 385:ctrl_pend.c   ****     /* Fila 1: A[2..3]·x */
 386:ctrl_pend.c   ****     arm_dot_prod_q31(&lp->qA31[2], xq, 2u, &dot);
 387:ctrl_pend.c   ****     q31_t Ax1 = (q31_t)(dot >> 17);
 388:ctrl_pend.c   ****     z[1] = q31_to_flt(qsat31((q63_t)Ax1 + Buq[1])) * qs;
 389:ctrl_pend.c   **** }
 390:ctrl_pend.c   **** 
 391:ctrl_pend.c   **** static float ss_u_cmd_q31(CtrlLoop *lp)
 392:ctrl_pend.c   **** {
 393:ctrl_pend.c   ****     float qs = lp->q_scale;
 394:ctrl_pend.c   ****     q31_t xhat_q[2];
 395:ctrl_pend.c   ****     q63_t dot;
 396:ctrl_pend.c   **** 
 397:ctrl_pend.c   ****     xhat_q[0] = flt_to_q31n(lp->xhat[0] / qs);
 398:ctrl_pend.c   ****     xhat_q[1] = flt_to_q31n(lp->xhat[1] / qs);
 399:ctrl_pend.c   **** 
 400:ctrl_pend.c   ****     arm_dot_prod_q31(lp->qK31, xhat_q, 2u, &dot);
 401:ctrl_pend.c   ****     q31_t kx = (q31_t)(dot >> 17);
 402:ctrl_pend.c   **** 
 403:ctrl_pend.c   ****     /* extra = Kx * vint_or_ref — calculado en float, luego normalizado */
 404:ctrl_pend.c   ****     float extra_f = mode_has_i(lp->mode) ? (lp->Kx * lp->vint)
 405:ctrl_pend.c   ****                                          : (lp->Kx * lp->ref);
 406:ctrl_pend.c   ****     q31_t extra_q = flt_to_q31n(extra_f / qs);
 407:ctrl_pend.c   **** 
 408:ctrl_pend.c   ****     return q31_to_flt(qsat31((q63_t)extra_q - kx)) * qs;
 409:ctrl_pend.c   **** }
 410:ctrl_pend.c   **** 
 411:ctrl_pend.c   **** static void ss_obs_pred_q31(CtrlLoop *lp, float y, float u_prev, float u_k)
 412:ctrl_pend.c   **** {
 413:ctrl_pend.c   ****     float qs = lp->q_scale;
 414:ctrl_pend.c   **** 
 415:ctrl_pend.c   ****     /* innov = y - ŷ(xhat, u_prev) */
 416:ctrl_pend.c   ****     float innov = y - ss_yhat_q31(lp, lp->xhat, u_prev);
 417:ctrl_pend.c   ****     q31_t innov_q = flt_to_q31n(innov / qs);
 418:ctrl_pend.c   **** 
 419:ctrl_pend.c   ****     /* z = A·xhat + B·u_k (resultado en float) */
 420:ctrl_pend.c   ****     float z[2];
 421:ctrl_pend.c   ****     ss_predict_q31(lp, lp->xhat, u_k, z);
 422:ctrl_pend.c   **** 
 423:ctrl_pend.c   ****     /* Linv = L × innov: arm_scale_q31(L_q, innov_q, shift=0, Linv, 2) */
 424:ctrl_pend.c   ****     q31_t Linv[2];
 425:ctrl_pend.c   ****     arm_scale_q31(lp->qL31, innov_q, 0, Linv, 2u);
 426:ctrl_pend.c   **** 
 427:ctrl_pend.c   ****     /* xhat = z + Linv (suma Q31 saturada) */
 428:ctrl_pend.c   ****     q31_t zq[2];
 429:ctrl_pend.c   ****     zq[0] = flt_to_q31n(z[0] / qs);
 430:ctrl_pend.c   ****     zq[1] = flt_to_q31n(z[1] / qs);
 431:ctrl_pend.c   ****     q31_t xhat_q[2];
 432:ctrl_pend.c   ****     arm_add_q31(zq, Linv, xhat_q, 2u);
 433:ctrl_pend.c   **** 
ARM GAS  C:\Users\user\AppData\Local\Temp\ccoNEg7E.s 			page 18


 434:ctrl_pend.c   ****     lp->xhat[0] = q31_to_flt(xhat_q[0]) * qs;
 435:ctrl_pend.c   ****     lp->xhat[1] = q31_to_flt(xhat_q[1]) * qs;
 436:ctrl_pend.c   **** }
 437:ctrl_pend.c   **** 
 438:ctrl_pend.c   **** static void ss_obs_act_correct_q31(CtrlLoop *lp, float y, float u_prev)
 439:ctrl_pend.c   **** {
 515              		.loc 1 439 0
 516              		.cfi_startproc
 517              		@ args = 0, pretend = 0, frame = 24
 518              		@ frame_needed = 0, uses_anonymous_args = 0
 519              	.LVL79:
 520 0000 70B5     		push	{r4, r5, r6, lr}
 521              		.cfi_def_cfa_offset 16
 522              		.cfi_offset 4, -16
 523              		.cfi_offset 5, -12
 524              		.cfi_offset 6, -8
 525              		.cfi_offset 14, -4
 526 0002 88B0     		sub	sp, sp, #32
 527              		.cfi_def_cfa_offset 48
 528 0004 0446     		mov	r4, r0
 529 0006 0E46     		mov	r6, r1
 440:ctrl_pend.c   ****     float qs = lp->q_scale;
 530              		.loc 1 440 0
 531 0008 D0F8A450 		ldr	r5, [r0, #164]	@ float
 532              	.LVL80:
 441:ctrl_pend.c   **** 
 442:ctrl_pend.c   ****     float innov = y - ss_yhat_q31(lp, lp->zhat, u_prev);
 533              		.loc 1 442 0
 534 000c 00F18801 		add	r1, r0, #136
 535              	.LVL81:
 536 0010 FFF7FEFF 		bl	ss_yhat_q31
 537              	.LVL82:
 538 0014 0146     		mov	r1, r0
 539 0016 3046     		mov	r0, r6
 540 0018 FFF7FEFF 		bl	__aeabi_fsub
 541              	.LVL83:
 443:ctrl_pend.c   ****     q31_t innov_q = flt_to_q31n(innov / qs);
 542              		.loc 1 443 0
 543 001c 2946     		mov	r1, r5
 544 001e FFF7FEFF 		bl	__aeabi_fdiv
 545              	.LVL84:
 546 0022 0646     		mov	r6, r0
 547              	.LVL85:
 548              	.LBB216:
 549              	.LBB217:
 210:ctrl_pend.c   ****     if (v < -1.0f)  return  (q31_t)0x80000000;
 550              		.loc 1 210 0
 551 0024 4FF07E51 		mov	r1, #1065353216
 552 0028 FFF7FEFF 		bl	__aeabi_fcmpge
 553              	.LVL86:
 554 002c 68B9     		cbnz	r0, .L33
 211:ctrl_pend.c   ****     return (q31_t)(v * 2147483648.0f);
 555              		.loc 1 211 0
 556 002e 3C49     		ldr	r1, .L40
 557 0030 3046     		mov	r0, r6
 558 0032 FFF7FEFF 		bl	__aeabi_fcmplt
 559              	.LVL87:
ARM GAS  C:\Users\user\AppData\Local\Temp\ccoNEg7E.s 			page 19


 560 0036 58B9     		cbnz	r0, .L34
 212:ctrl_pend.c   **** }
 561              		.loc 1 212 0
 562 0038 4FF09E41 		mov	r1, #1325400064
 563 003c 3046     		mov	r0, r6
 564 003e FFF7FEFF 		bl	__aeabi_fmul
 565              	.LVL88:
 566 0042 FFF7FEFF 		bl	__aeabi_f2iz
 567              	.LVL89:
 568 0046 0146     		mov	r1, r0
 569 0048 04E0     		b	.L30
 570              	.L33:
 210:ctrl_pend.c   ****     if (v < -1.0f)  return  (q31_t)0x80000000;
 571              		.loc 1 210 0
 572 004a 6FF00041 		mvn	r1, #-2147483648
 573 004e 01E0     		b	.L30
 574              	.L34:
 211:ctrl_pend.c   ****     return (q31_t)(v * 2147483648.0f);
 575              		.loc 1 211 0
 576 0050 4FF00041 		mov	r1, #-2147483648
 577              	.L30:
 578              	.LVL90:
 579              	.LBE217:
 580              	.LBE216:
 444:ctrl_pend.c   **** 
 445:ctrl_pend.c   ****     q31_t Linv[2];
 446:ctrl_pend.c   ****     arm_scale_q31(lp->qL31, innov_q, 0, Linv, 2u);
 581              		.loc 1 446 0
 582 0054 0223     		movs	r3, #2
 583 0056 0093     		str	r3, [sp]
 584 0058 06AB     		add	r3, sp, #24
 585 005a 0022     		movs	r2, #0
 586 005c 04F1D000 		add	r0, r4, #208
 587 0060 FFF7FEFF 		bl	arm_scale_q31
 588              	.LVL91:
 447:ctrl_pend.c   **** 
 448:ctrl_pend.c   ****     q31_t zhat_q[2];
 449:ctrl_pend.c   ****     zhat_q[0] = flt_to_q31n(lp->zhat[0] / qs);
 589              		.loc 1 449 0
 590 0064 2946     		mov	r1, r5
 591 0066 D4F88800 		ldr	r0, [r4, #136]	@ float
 592 006a FFF7FEFF 		bl	__aeabi_fdiv
 593              	.LVL92:
 594 006e 0646     		mov	r6, r0
 595              	.LVL93:
 596              	.LBB218:
 597              	.LBB219:
 210:ctrl_pend.c   ****     if (v < -1.0f)  return  (q31_t)0x80000000;
 598              		.loc 1 210 0
 599 0070 4FF07E51 		mov	r1, #1065353216
 600 0074 FFF7FEFF 		bl	__aeabi_fcmpge
 601              	.LVL94:
 602 0078 60B9     		cbnz	r0, .L35
 211:ctrl_pend.c   ****     return (q31_t)(v * 2147483648.0f);
 603              		.loc 1 211 0
 604 007a 2949     		ldr	r1, .L40
 605 007c 3046     		mov	r0, r6
ARM GAS  C:\Users\user\AppData\Local\Temp\ccoNEg7E.s 			page 20


 606 007e FFF7FEFF 		bl	__aeabi_fcmplt
 607              	.LVL95:
 608 0082 50B9     		cbnz	r0, .L36
 212:ctrl_pend.c   **** }
 609              		.loc 1 212 0
 610 0084 4FF09E41 		mov	r1, #1325400064
 611 0088 3046     		mov	r0, r6
 612 008a FFF7FEFF 		bl	__aeabi_fmul
 613              	.LVL96:
 614 008e FFF7FEFF 		bl	__aeabi_f2iz
 615              	.LVL97:
 616 0092 04E0     		b	.L31
 617              	.L35:
 210:ctrl_pend.c   ****     if (v < -1.0f)  return  (q31_t)0x80000000;
 618              		.loc 1 210 0
 619 0094 6FF00040 		mvn	r0, #-2147483648
 620 0098 01E0     		b	.L31
 621              	.L36:
 211:ctrl_pend.c   ****     return (q31_t)(v * 2147483648.0f);
 622              		.loc 1 211 0
 623 009a 4FF00040 		mov	r0, #-2147483648
 624              	.L31:
 625              	.LVL98:
 626              	.LBE219:
 627              	.LBE218:
 628              		.loc 1 449 0
 629 009e 0490     		str	r0, [sp, #16]
 450:ctrl_pend.c   ****     zhat_q[1] = flt_to_q31n(lp->zhat[1] / qs);
 630              		.loc 1 450 0
 631 00a0 2946     		mov	r1, r5
 632 00a2 D4F88C00 		ldr	r0, [r4, #140]	@ float
 633 00a6 FFF7FEFF 		bl	__aeabi_fdiv
 634              	.LVL99:
 635 00aa 0646     		mov	r6, r0
 636              	.LVL100:
 637              	.LBB220:
 638              	.LBB221:
 210:ctrl_pend.c   ****     if (v < -1.0f)  return  (q31_t)0x80000000;
 639              		.loc 1 210 0
 640 00ac 4FF07E51 		mov	r1, #1065353216
 641 00b0 FFF7FEFF 		bl	__aeabi_fcmpge
 642              	.LVL101:
 643 00b4 60B9     		cbnz	r0, .L37
 211:ctrl_pend.c   ****     return (q31_t)(v * 2147483648.0f);
 644              		.loc 1 211 0
 645 00b6 1A49     		ldr	r1, .L40
 646 00b8 3046     		mov	r0, r6
 647 00ba FFF7FEFF 		bl	__aeabi_fcmplt
 648              	.LVL102:
 649 00be 50B9     		cbnz	r0, .L38
 212:ctrl_pend.c   **** }
 650              		.loc 1 212 0
 651 00c0 4FF09E41 		mov	r1, #1325400064
 652 00c4 3046     		mov	r0, r6
 653 00c6 FFF7FEFF 		bl	__aeabi_fmul
 654              	.LVL103:
 655 00ca FFF7FEFF 		bl	__aeabi_f2iz
ARM GAS  C:\Users\user\AppData\Local\Temp\ccoNEg7E.s 			page 21


 656              	.LVL104:
 657 00ce 04E0     		b	.L32
 658              	.L37:
 210:ctrl_pend.c   ****     if (v < -1.0f)  return  (q31_t)0x80000000;
 659              		.loc 1 210 0
 660 00d0 6FF00040 		mvn	r0, #-2147483648
 661 00d4 01E0     		b	.L32
 662              	.L38:
 211:ctrl_pend.c   ****     return (q31_t)(v * 2147483648.0f);
 663              		.loc 1 211 0
 664 00d6 4FF00040 		mov	r0, #-2147483648
 665              	.L32:
 666              	.LVL105:
 667              	.LBE221:
 668              	.LBE220:
 669              		.loc 1 450 0
 670 00da 0590     		str	r0, [sp, #20]
 451:ctrl_pend.c   ****     q31_t xhat_q[2];
 452:ctrl_pend.c   ****     arm_add_q31(zhat_q, Linv, xhat_q, 2u);
 671              		.loc 1 452 0
 672 00dc 0223     		movs	r3, #2
 673 00de 02AA     		add	r2, sp, #8
 674 00e0 06A9     		add	r1, sp, #24
 675 00e2 04A8     		add	r0, sp, #16
 676 00e4 FFF7FEFF 		bl	arm_add_q31
 677              	.LVL106:
 678              	.LBB222:
 679              	.LBB223:
 216:ctrl_pend.c   **** }
 680              		.loc 1 216 0
 681 00e8 0298     		ldr	r0, [sp, #8]
 682 00ea FFF7FEFF 		bl	__aeabi_i2f
 683              	.LVL107:
 684 00ee 4FF04051 		mov	r1, #805306368
 685 00f2 FFF7FEFF 		bl	__aeabi_fmul
 686              	.LVL108:
 687              	.LBE223:
 688              	.LBE222:
 453:ctrl_pend.c   **** 
 454:ctrl_pend.c   ****     lp->xhat[0] = q31_to_flt(xhat_q[0]) * qs;
 689              		.loc 1 454 0
 690 00f6 0146     		mov	r1, r0
 691 00f8 2846     		mov	r0, r5
 692 00fa FFF7FEFF 		bl	__aeabi_fmul
 693              	.LVL109:
 694 00fe C4F88000 		str	r0, [r4, #128]	@ float
 695              	.LVL110:
 696              	.LBB224:
 697              	.LBB225:
 216:ctrl_pend.c   **** }
 698              		.loc 1 216 0
 699 0102 0398     		ldr	r0, [sp, #12]
 700 0104 FFF7FEFF 		bl	__aeabi_i2f
 701              	.LVL111:
 702 0108 4FF04051 		mov	r1, #805306368
 703 010c FFF7FEFF 		bl	__aeabi_fmul
 704              	.LVL112:
ARM GAS  C:\Users\user\AppData\Local\Temp\ccoNEg7E.s 			page 22


 705              	.LBE225:
 706              	.LBE224:
 455:ctrl_pend.c   ****     lp->xhat[1] = q31_to_flt(xhat_q[1]) * qs;
 707              		.loc 1 455 0
 708 0110 0146     		mov	r1, r0
 709 0112 2846     		mov	r0, r5
 710 0114 FFF7FEFF 		bl	__aeabi_fmul
 711              	.LVL113:
 712 0118 C4F88400 		str	r0, [r4, #132]	@ float
 456:ctrl_pend.c   **** }
 713              		.loc 1 456 0
 714 011c 08B0     		add	sp, sp, #32
 715              		.cfi_def_cfa_offset 16
 716              		@ sp needed
 717 011e 70BD     		pop	{r4, r5, r6, pc}
 718              	.LVL114:
 719              	.L41:
 720              		.align	2
 721              	.L40:
 722 0120 000080BF 		.word	-1082130432
 723              		.cfi_endproc
 724              	.LFE142:
 725              		.size	ss_obs_act_correct_q31, .-ss_obs_act_correct_q31
 726              		.section	.text.ss_predict_q31,"ax",%progbits
 727              		.align	2
 728              		.thumb
 729              		.thumb_func
 730              		.type	ss_predict_q31, %function
 731              	ss_predict_q31:
 732              	.LFB139:
 367:ctrl_pend.c   ****     float qs = lp->q_scale;
 733              		.loc 1 367 0
 734              		.cfi_startproc
 735              		@ args = 0, pretend = 0, frame = 24
 736              		@ frame_needed = 0, uses_anonymous_args = 0
 737              	.LVL115:
 738 0000 2DE9F043 		push	{r4, r5, r6, r7, r8, r9, lr}
 739              		.cfi_def_cfa_offset 28
 740              		.cfi_offset 4, -28
 741              		.cfi_offset 5, -24
 742              		.cfi_offset 6, -20
 743              		.cfi_offset 7, -16
 744              		.cfi_offset 8, -12
 745              		.cfi_offset 9, -8
 746              		.cfi_offset 14, -4
 747 0004 89B0     		sub	sp, sp, #36
 748              		.cfi_def_cfa_offset 64
 749 0006 0646     		mov	r6, r0
 750 0008 0F46     		mov	r7, r1
 751 000a 9046     		mov	r8, r2
 752 000c 1D46     		mov	r5, r3
 368:ctrl_pend.c   ****     q31_t xq[2], Buq[2];
 753              		.loc 1 368 0
 754 000e D0F8A440 		ldr	r4, [r0, #164]	@ float
 755              	.LVL116:
 372:ctrl_pend.c   ****     xq[1] = flt_to_q31n(x[1] / qs);
 756              		.loc 1 372 0
ARM GAS  C:\Users\user\AppData\Local\Temp\ccoNEg7E.s 			page 23


 757 0012 2146     		mov	r1, r4
 758              	.LVL117:
 759 0014 3868     		ldr	r0, [r7]	@ float
 760              	.LVL118:
 761 0016 FFF7FEFF 		bl	__aeabi_fdiv
 762              	.LVL119:
 763 001a 8146     		mov	r9, r0
 764              	.LVL120:
 765              	.LBB226:
 766              	.LBB227:
 210:ctrl_pend.c   ****     if (v < -1.0f)  return  (q31_t)0x80000000;
 767              		.loc 1 210 0
 768 001c 4FF07E51 		mov	r1, #1065353216
 769 0020 FFF7FEFF 		bl	__aeabi_fcmpge
 770              	.LVL121:
 771 0024 60B9     		cbnz	r0, .L48
 211:ctrl_pend.c   ****     return (q31_t)(v * 2147483648.0f);
 772              		.loc 1 211 0
 773 0026 5A49     		ldr	r1, .L59
 774 0028 4846     		mov	r0, r9
 775 002a FFF7FEFF 		bl	__aeabi_fcmplt
 776              	.LVL122:
 777 002e 50B9     		cbnz	r0, .L49
 212:ctrl_pend.c   **** }
 778              		.loc 1 212 0
 779 0030 4FF09E41 		mov	r1, #1325400064
 780 0034 4846     		mov	r0, r9
 781 0036 FFF7FEFF 		bl	__aeabi_fmul
 782              	.LVL123:
 783 003a FFF7FEFF 		bl	__aeabi_f2iz
 784              	.LVL124:
 785 003e 04E0     		b	.L43
 786              	.L48:
 210:ctrl_pend.c   ****     if (v < -1.0f)  return  (q31_t)0x80000000;
 787              		.loc 1 210 0
 788 0040 6FF00040 		mvn	r0, #-2147483648
 789 0044 01E0     		b	.L43
 790              	.L49:
 211:ctrl_pend.c   ****     return (q31_t)(v * 2147483648.0f);
 791              		.loc 1 211 0
 792 0046 4FF00040 		mov	r0, #-2147483648
 793              	.L43:
 794              	.LVL125:
 795              	.LBE227:
 796              	.LBE226:
 372:ctrl_pend.c   ****     xq[1] = flt_to_q31n(x[1] / qs);
 797              		.loc 1 372 0
 798 004a 0690     		str	r0, [sp, #24]
 373:ctrl_pend.c   ****     q31_t uq = flt_to_q31n(u / qs);
 799              		.loc 1 373 0
 800 004c 2146     		mov	r1, r4
 801 004e 7868     		ldr	r0, [r7, #4]	@ float
 802 0050 FFF7FEFF 		bl	__aeabi_fdiv
 803              	.LVL126:
 804 0054 0746     		mov	r7, r0
 805              	.LVL127:
 806              	.LBB228:
ARM GAS  C:\Users\user\AppData\Local\Temp\ccoNEg7E.s 			page 24


 807              	.LBB229:
 210:ctrl_pend.c   ****     if (v < -1.0f)  return  (q31_t)0x80000000;
 808              		.loc 1 210 0
 809 0056 4FF07E51 		mov	r1, #1065353216
 810 005a FFF7FEFF 		bl	__aeabi_fcmpge
 811              	.LVL128:
 812 005e 60B9     		cbnz	r0, .L50
 211:ctrl_pend.c   ****     return (q31_t)(v * 2147483648.0f);
 813              		.loc 1 211 0
 814 0060 4B49     		ldr	r1, .L59
 815 0062 3846     		mov	r0, r7
 816 0064 FFF7FEFF 		bl	__aeabi_fcmplt
 817              	.LVL129:
 818 0068 50B9     		cbnz	r0, .L51
 212:ctrl_pend.c   **** }
 819              		.loc 1 212 0
 820 006a 4FF09E41 		mov	r1, #1325400064
 821 006e 3846     		mov	r0, r7
 822 0070 FFF7FEFF 		bl	__aeabi_fmul
 823              	.LVL130:
 824 0074 FFF7FEFF 		bl	__aeabi_f2iz
 825              	.LVL131:
 826 0078 04E0     		b	.L44
 827              	.L50:
 210:ctrl_pend.c   ****     if (v < -1.0f)  return  (q31_t)0x80000000;
 828              		.loc 1 210 0
 829 007a 6FF00040 		mvn	r0, #-2147483648
 830 007e 01E0     		b	.L44
 831              	.L51:
 211:ctrl_pend.c   ****     return (q31_t)(v * 2147483648.0f);
 832              		.loc 1 211 0
 833 0080 4FF00040 		mov	r0, #-2147483648
 834              	.L44:
 835              	.LVL132:
 836              	.LBE229:
 837              	.LBE228:
 373:ctrl_pend.c   ****     q31_t uq = flt_to_q31n(u / qs);
 838              		.loc 1 373 0
 839 0084 0790     		str	r0, [sp, #28]
 374:ctrl_pend.c   **** 
 840              		.loc 1 374 0
 841 0086 2146     		mov	r1, r4
 842 0088 4046     		mov	r0, r8
 843 008a FFF7FEFF 		bl	__aeabi_fdiv
 844              	.LVL133:
 845 008e 0746     		mov	r7, r0
 846              	.LVL134:
 847              	.LBB230:
 848              	.LBB231:
 210:ctrl_pend.c   ****     if (v < -1.0f)  return  (q31_t)0x80000000;
 849              		.loc 1 210 0
 850 0090 4FF07E51 		mov	r1, #1065353216
 851 0094 FFF7FEFF 		bl	__aeabi_fcmpge
 852              	.LVL135:
 853 0098 68B9     		cbnz	r0, .L52
 211:ctrl_pend.c   ****     return (q31_t)(v * 2147483648.0f);
 854              		.loc 1 211 0
ARM GAS  C:\Users\user\AppData\Local\Temp\ccoNEg7E.s 			page 25


 855 009a 3D49     		ldr	r1, .L59
 856 009c 3846     		mov	r0, r7
 857 009e FFF7FEFF 		bl	__aeabi_fcmplt
 858              	.LVL136:
 859 00a2 58B9     		cbnz	r0, .L53
 212:ctrl_pend.c   **** }
 860              		.loc 1 212 0
 861 00a4 4FF09E41 		mov	r1, #1325400064
 862 00a8 3846     		mov	r0, r7
 863 00aa FFF7FEFF 		bl	__aeabi_fmul
 864              	.LVL137:
 865 00ae FFF7FEFF 		bl	__aeabi_f2iz
 866              	.LVL138:
 867 00b2 0146     		mov	r1, r0
 868 00b4 04E0     		b	.L45
 869              	.L52:
 210:ctrl_pend.c   ****     if (v < -1.0f)  return  (q31_t)0x80000000;
 870              		.loc 1 210 0
 871 00b6 6FF00041 		mvn	r1, #-2147483648
 872 00ba 01E0     		b	.L45
 873              	.L53:
 211:ctrl_pend.c   ****     return (q31_t)(v * 2147483648.0f);
 874              		.loc 1 211 0
 875 00bc 4FF00041 		mov	r1, #-2147483648
 876              	.L45:
 877              	.LVL139:
 878              	.LBE231:
 879              	.LBE230:
 378:ctrl_pend.c   **** 
 880              		.loc 1 378 0
 881 00c0 0227     		movs	r7, #2
 882 00c2 0097     		str	r7, [sp]
 883 00c4 04AB     		add	r3, sp, #16
 884 00c6 0022     		movs	r2, #0
 885 00c8 06F1B800 		add	r0, r6, #184
 886 00cc FFF7FEFF 		bl	arm_scale_q31
 887              	.LVL140:
 381:ctrl_pend.c   ****     q31_t Ax0 = (q31_t)(dot >> 17);
 888              		.loc 1 381 0
 889 00d0 02AB     		add	r3, sp, #8
 890 00d2 3A46     		mov	r2, r7
 891 00d4 06A9     		add	r1, sp, #24
 892 00d6 06F1A800 		add	r0, r6, #168
 893 00da FFF7FEFF 		bl	arm_dot_prod_q31
 894              	.LVL141:
 382:ctrl_pend.c   ****     z[0] = q31_to_flt(qsat31((q63_t)Ax0 + Buq[0])) * qs;
 895              		.loc 1 382 0
 896 00de 029B     		ldr	r3, [sp, #8]
 897 00e0 5B0C     		lsrs	r3, r3, #17
 898 00e2 039A     		ldr	r2, [sp, #12]
 899 00e4 43EAC233 		orr	r3, r3, r2, lsl #15
 900              	.LVL142:
 383:ctrl_pend.c   **** 
 901              		.loc 1 383 0
 902 00e8 0498     		ldr	r0, [sp, #16]
 903 00ea 4FEAE079 		asr	r9, r0, #31
 904 00ee 10EB0308 		adds	r8, r0, r3
ARM GAS  C:\Users\user\AppData\Local\Temp\ccoNEg7E.s 			page 26


 905              	.LVL143:
 906 00f2 49EBE379 		adc	r9, r9, r3, asr #31
 907              	.LVL144:
 908              	.LBB232:
 909              	.LBB233:
 243:ctrl_pend.c   ****     if (v < (q63_t)0xFFFFFFFF80000000LL) return (q31_t)0x80000000;
 910              		.loc 1 243 0
 911 00f6 B8F1004F 		cmp	r8, #-2147483648
 912 00fa 79F10002 		sbcs	r2, r9, #0
 913 00fe 06DA     		bge	.L54
 244:ctrl_pend.c   ****     return (q31_t)v;
 914              		.loc 1 244 0
 915 0100 B8F1004F 		cmp	r8, #-2147483648
 916 0104 79F1FF32 		sbcs	r2, r9, #-1
 917 0108 04DB     		blt	.L55
 245:ctrl_pend.c   **** }
 918              		.loc 1 245 0
 919 010a 1844     		add	r0, r0, r3
 920 010c 04E0     		b	.L46
 921              	.L54:
 243:ctrl_pend.c   ****     if (v < (q63_t)0xFFFFFFFF80000000LL) return (q31_t)0x80000000;
 922              		.loc 1 243 0
 923 010e 6FF00040 		mvn	r0, #-2147483648
 924 0112 01E0     		b	.L46
 925              	.L55:
 244:ctrl_pend.c   ****     return (q31_t)v;
 926              		.loc 1 244 0
 927 0114 4FF00040 		mov	r0, #-2147483648
 928              	.L46:
 929              	.LVL145:
 930              	.LBE233:
 931              	.LBE232:
 932              	.LBB234:
 933              	.LBB235:
 216:ctrl_pend.c   **** }
 934              		.loc 1 216 0
 935 0118 FFF7FEFF 		bl	__aeabi_i2f
 936              	.LVL146:
 937 011c 4FF04051 		mov	r1, #805306368
 938 0120 FFF7FEFF 		bl	__aeabi_fmul
 939              	.LVL147:
 940              	.LBE235:
 941              	.LBE234:
 383:ctrl_pend.c   **** 
 942              		.loc 1 383 0
 943 0124 0146     		mov	r1, r0
 944 0126 2046     		mov	r0, r4
 945 0128 FFF7FEFF 		bl	__aeabi_fmul
 946              	.LVL148:
 947 012c 2860     		str	r0, [r5]	@ float
 386:ctrl_pend.c   ****     q31_t Ax1 = (q31_t)(dot >> 17);
 948              		.loc 1 386 0
 949 012e 02AB     		add	r3, sp, #8
 950 0130 0222     		movs	r2, #2
 951 0132 06A9     		add	r1, sp, #24
 952 0134 06F1B000 		add	r0, r6, #176
 953 0138 FFF7FEFF 		bl	arm_dot_prod_q31
ARM GAS  C:\Users\user\AppData\Local\Temp\ccoNEg7E.s 			page 27


 954              	.LVL149:
 387:ctrl_pend.c   ****     z[1] = q31_to_flt(qsat31((q63_t)Ax1 + Buq[1])) * qs;
 955              		.loc 1 387 0
 956 013c 029B     		ldr	r3, [sp, #8]
 957 013e 5B0C     		lsrs	r3, r3, #17
 958 0140 039A     		ldr	r2, [sp, #12]
 959 0142 43EAC233 		orr	r3, r3, r2, lsl #15
 960              	.LVL150:
 388:ctrl_pend.c   **** }
 961              		.loc 1 388 0
 962 0146 0598     		ldr	r0, [sp, #20]
 963 0148 C717     		asrs	r7, r0, #31
 964 014a C618     		adds	r6, r0, r3
 965              	.LVL151:
 966 014c 47EBE377 		adc	r7, r7, r3, asr #31
 967              	.LVL152:
 968              	.LBB236:
 969              	.LBB237:
 243:ctrl_pend.c   ****     if (v < (q63_t)0xFFFFFFFF80000000LL) return (q31_t)0x80000000;
 970              		.loc 1 243 0
 971 0150 B6F1004F 		cmp	r6, #-2147483648
 972 0154 77F10002 		sbcs	r2, r7, #0
 973 0158 06DA     		bge	.L56
 244:ctrl_pend.c   ****     return (q31_t)v;
 974              		.loc 1 244 0
 975 015a B6F1004F 		cmp	r6, #-2147483648
 976 015e 77F1FF32 		sbcs	r2, r7, #-1
 977 0162 04DB     		blt	.L57
 245:ctrl_pend.c   **** }
 978              		.loc 1 245 0
 979 0164 1844     		add	r0, r0, r3
 980 0166 04E0     		b	.L47
 981              	.L56:
 243:ctrl_pend.c   ****     if (v < (q63_t)0xFFFFFFFF80000000LL) return (q31_t)0x80000000;
 982              		.loc 1 243 0
 983 0168 6FF00040 		mvn	r0, #-2147483648
 984 016c 01E0     		b	.L47
 985              	.L57:
 244:ctrl_pend.c   ****     return (q31_t)v;
 986              		.loc 1 244 0
 987 016e 4FF00040 		mov	r0, #-2147483648
 988              	.L47:
 989              	.LVL153:
 990              	.LBE237:
 991              	.LBE236:
 992              	.LBB238:
 993              	.LBB239:
 216:ctrl_pend.c   **** }
 994              		.loc 1 216 0
 995 0172 FFF7FEFF 		bl	__aeabi_i2f
 996              	.LVL154:
 997 0176 4FF04051 		mov	r1, #805306368
 998 017a FFF7FEFF 		bl	__aeabi_fmul
 999              	.LVL155:
 1000              	.LBE239:
 1001              	.LBE238:
 388:ctrl_pend.c   **** }
ARM GAS  C:\Users\user\AppData\Local\Temp\ccoNEg7E.s 			page 28


 1002              		.loc 1 388 0
 1003 017e 0146     		mov	r1, r0
 1004 0180 2046     		mov	r0, r4
 1005 0182 FFF7FEFF 		bl	__aeabi_fmul
 1006              	.LVL156:
 1007 0186 6860     		str	r0, [r5, #4]	@ float
 389:ctrl_pend.c   **** 
 1008              		.loc 1 389 0
 1009 0188 09B0     		add	sp, sp, #36
 1010              		.cfi_def_cfa_offset 28
 1011              		@ sp needed
 1012 018a BDE8F083 		pop	{r4, r5, r6, r7, r8, r9, pc}
 1013              	.LVL157:
 1014              	.L60:
 1015 018e 00BF     		.align	2
 1016              	.L59:
 1017 0190 000080BF 		.word	-1082130432
 1018              		.cfi_endproc
 1019              	.LFE139:
 1020              		.size	ss_predict_q31, .-ss_predict_q31
 1021              		.section	.text.ss_obs_pred_q31,"ax",%progbits
 1022              		.align	2
 1023              		.thumb
 1024              		.thumb_func
 1025              		.type	ss_obs_pred_q31, %function
 1026              	ss_obs_pred_q31:
 1027              	.LFB141:
 412:ctrl_pend.c   ****     float qs = lp->q_scale;
 1028              		.loc 1 412 0
 1029              		.cfi_startproc
 1030              		@ args = 0, pretend = 0, frame = 32
 1031              		@ frame_needed = 0, uses_anonymous_args = 0
 1032              	.LVL158:
 1033 0000 2DE9F041 		push	{r4, r5, r6, r7, r8, lr}
 1034              		.cfi_def_cfa_offset 24
 1035              		.cfi_offset 4, -24
 1036              		.cfi_offset 5, -20
 1037              		.cfi_offset 6, -16
 1038              		.cfi_offset 7, -12
 1039              		.cfi_offset 8, -8
 1040              		.cfi_offset 14, -4
 1041 0004 8AB0     		sub	sp, sp, #40
 1042              		.cfi_def_cfa_offset 64
 1043 0006 0446     		mov	r4, r0
 1044 0008 8846     		mov	r8, r1
 1045 000a 1F46     		mov	r7, r3
 413:ctrl_pend.c   **** 
 1046              		.loc 1 413 0
 1047 000c D0F8A450 		ldr	r5, [r0, #164]	@ float
 1048              	.LVL159:
 416:ctrl_pend.c   ****     q31_t innov_q = flt_to_q31n(innov / qs);
 1049              		.loc 1 416 0
 1050 0010 00F18006 		add	r6, r0, #128
 1051 0014 3146     		mov	r1, r6
 1052              	.LVL160:
 1053 0016 FFF7FEFF 		bl	ss_yhat_q31
 1054              	.LVL161:
ARM GAS  C:\Users\user\AppData\Local\Temp\ccoNEg7E.s 			page 29


 1055 001a 0146     		mov	r1, r0
 1056 001c 4046     		mov	r0, r8
 1057 001e FFF7FEFF 		bl	__aeabi_fsub
 1058              	.LVL162:
 417:ctrl_pend.c   **** 
 1059              		.loc 1 417 0
 1060 0022 2946     		mov	r1, r5
 1061 0024 FFF7FEFF 		bl	__aeabi_fdiv
 1062              	.LVL163:
 1063 0028 8046     		mov	r8, r0
 1064              	.LVL164:
 1065              	.LBB240:
 1066              	.LBB241:
 210:ctrl_pend.c   ****     if (v < -1.0f)  return  (q31_t)0x80000000;
 1067              		.loc 1 210 0
 1068 002a 4FF07E51 		mov	r1, #1065353216
 1069 002e FFF7FEFF 		bl	__aeabi_fcmpge
 1070              	.LVL165:
 1071 0032 68B9     		cbnz	r0, .L65
 211:ctrl_pend.c   ****     return (q31_t)(v * 2147483648.0f);
 1072              		.loc 1 211 0
 1073 0034 3F49     		ldr	r1, .L72
 1074 0036 4046     		mov	r0, r8
 1075 0038 FFF7FEFF 		bl	__aeabi_fcmplt
 1076              	.LVL166:
 1077 003c 58B9     		cbnz	r0, .L66
 212:ctrl_pend.c   **** }
 1078              		.loc 1 212 0
 1079 003e 4FF09E41 		mov	r1, #1325400064
 1080 0042 4046     		mov	r0, r8
 1081 0044 FFF7FEFF 		bl	__aeabi_fmul
 1082              	.LVL167:
 1083 0048 FFF7FEFF 		bl	__aeabi_f2iz
 1084              	.LVL168:
 1085 004c 8046     		mov	r8, r0
 1086              	.LVL169:
 1087 004e 04E0     		b	.L62
 1088              	.LVL170:
 1089              	.L65:
 210:ctrl_pend.c   ****     if (v < -1.0f)  return  (q31_t)0x80000000;
 1090              		.loc 1 210 0
 1091 0050 6FF00048 		mvn	r8, #-2147483648
 1092              	.LVL171:
 1093 0054 01E0     		b	.L62
 1094              	.LVL172:
 1095              	.L66:
 211:ctrl_pend.c   ****     return (q31_t)(v * 2147483648.0f);
 1096              		.loc 1 211 0
 1097 0056 4FF00048 		mov	r8, #-2147483648
 1098              	.LVL173:
 1099              	.L62:
 1100              	.LBE241:
 1101              	.LBE240:
 421:ctrl_pend.c   **** 
 1102              		.loc 1 421 0
 1103 005a 08AB     		add	r3, sp, #32
 1104 005c 3A46     		mov	r2, r7
ARM GAS  C:\Users\user\AppData\Local\Temp\ccoNEg7E.s 			page 30


 1105 005e 3146     		mov	r1, r6
 1106 0060 2046     		mov	r0, r4
 1107 0062 FFF7FEFF 		bl	ss_predict_q31
 1108              	.LVL174:
 425:ctrl_pend.c   **** 
 1109              		.loc 1 425 0
 1110 0066 0223     		movs	r3, #2
 1111 0068 0093     		str	r3, [sp]
 1112 006a 06AB     		add	r3, sp, #24
 1113 006c 0022     		movs	r2, #0
 1114 006e 4146     		mov	r1, r8
 1115 0070 04F1D000 		add	r0, r4, #208
 1116 0074 FFF7FEFF 		bl	arm_scale_q31
 1117              	.LVL175:
 429:ctrl_pend.c   ****     zq[1] = flt_to_q31n(z[1] / qs);
 1118              		.loc 1 429 0
 1119 0078 2946     		mov	r1, r5
 1120 007a 0898     		ldr	r0, [sp, #32]	@ float
 1121 007c FFF7FEFF 		bl	__aeabi_fdiv
 1122              	.LVL176:
 1123 0080 0646     		mov	r6, r0
 1124              	.LVL177:
 1125              	.LBB242:
 1126              	.LBB243:
 210:ctrl_pend.c   ****     if (v < -1.0f)  return  (q31_t)0x80000000;
 1127              		.loc 1 210 0
 1128 0082 4FF07E51 		mov	r1, #1065353216
 1129 0086 FFF7FEFF 		bl	__aeabi_fcmpge
 1130              	.LVL178:
 1131 008a 60B9     		cbnz	r0, .L67
 211:ctrl_pend.c   ****     return (q31_t)(v * 2147483648.0f);
 1132              		.loc 1 211 0
 1133 008c 2949     		ldr	r1, .L72
 1134 008e 3046     		mov	r0, r6
 1135 0090 FFF7FEFF 		bl	__aeabi_fcmplt
 1136              	.LVL179:
 1137 0094 50B9     		cbnz	r0, .L68
 212:ctrl_pend.c   **** }
 1138              		.loc 1 212 0
 1139 0096 4FF09E41 		mov	r1, #1325400064
 1140 009a 3046     		mov	r0, r6
 1141 009c FFF7FEFF 		bl	__aeabi_fmul
 1142              	.LVL180:
 1143 00a0 FFF7FEFF 		bl	__aeabi_f2iz
 1144              	.LVL181:
 1145 00a4 04E0     		b	.L63
 1146              	.L67:
 210:ctrl_pend.c   ****     if (v < -1.0f)  return  (q31_t)0x80000000;
 1147              		.loc 1 210 0
 1148 00a6 6FF00040 		mvn	r0, #-2147483648
 1149 00aa 01E0     		b	.L63
 1150              	.L68:
 211:ctrl_pend.c   ****     return (q31_t)(v * 2147483648.0f);
 1151              		.loc 1 211 0
 1152 00ac 4FF00040 		mov	r0, #-2147483648
 1153              	.L63:
 1154              	.LVL182:
ARM GAS  C:\Users\user\AppData\Local\Temp\ccoNEg7E.s 			page 31


 1155              	.LBE243:
 1156              	.LBE242:
 429:ctrl_pend.c   ****     zq[1] = flt_to_q31n(z[1] / qs);
 1157              		.loc 1 429 0
 1158 00b0 0490     		str	r0, [sp, #16]
 430:ctrl_pend.c   ****     q31_t xhat_q[2];
 1159              		.loc 1 430 0
 1160 00b2 2946     		mov	r1, r5
 1161 00b4 0998     		ldr	r0, [sp, #36]	@ float
 1162 00b6 FFF7FEFF 		bl	__aeabi_fdiv
 1163              	.LVL183:
 1164 00ba 0646     		mov	r6, r0
 1165              	.LVL184:
 1166              	.LBB244:
 1167              	.LBB245:
 210:ctrl_pend.c   ****     if (v < -1.0f)  return  (q31_t)0x80000000;
 1168              		.loc 1 210 0
 1169 00bc 4FF07E51 		mov	r1, #1065353216
 1170 00c0 FFF7FEFF 		bl	__aeabi_fcmpge
 1171              	.LVL185:
 1172 00c4 60B9     		cbnz	r0, .L69
 211:ctrl_pend.c   ****     return (q31_t)(v * 2147483648.0f);
 1173              		.loc 1 211 0
 1174 00c6 1B49     		ldr	r1, .L72
 1175 00c8 3046     		mov	r0, r6
 1176 00ca FFF7FEFF 		bl	__aeabi_fcmplt
 1177              	.LVL186:
 1178 00ce 50B9     		cbnz	r0, .L70
 212:ctrl_pend.c   **** }
 1179              		.loc 1 212 0
 1180 00d0 4FF09E41 		mov	r1, #1325400064
 1181 00d4 3046     		mov	r0, r6
 1182 00d6 FFF7FEFF 		bl	__aeabi_fmul
 1183              	.LVL187:
 1184 00da FFF7FEFF 		bl	__aeabi_f2iz
 1185              	.LVL188:
 1186 00de 04E0     		b	.L64
 1187              	.L69:
 210:ctrl_pend.c   ****     if (v < -1.0f)  return  (q31_t)0x80000000;
 1188              		.loc 1 210 0
 1189 00e0 6FF00040 		mvn	r0, #-2147483648
 1190 00e4 01E0     		b	.L64
 1191              	.L70:
 211:ctrl_pend.c   ****     return (q31_t)(v * 2147483648.0f);
 1192              		.loc 1 211 0
 1193 00e6 4FF00040 		mov	r0, #-2147483648
 1194              	.L64:
 1195              	.LVL189:
 1196              	.LBE245:
 1197              	.LBE244:
 430:ctrl_pend.c   ****     q31_t xhat_q[2];
 1198              		.loc 1 430 0
 1199 00ea 0590     		str	r0, [sp, #20]
 432:ctrl_pend.c   **** 
 1200              		.loc 1 432 0
 1201 00ec 0223     		movs	r3, #2
 1202 00ee 02AA     		add	r2, sp, #8
ARM GAS  C:\Users\user\AppData\Local\Temp\ccoNEg7E.s 			page 32


 1203 00f0 06A9     		add	r1, sp, #24
 1204 00f2 04A8     		add	r0, sp, #16
 1205 00f4 FFF7FEFF 		bl	arm_add_q31
 1206              	.LVL190:
 1207              	.LBB246:
 1208              	.LBB247:
 216:ctrl_pend.c   **** }
 1209              		.loc 1 216 0
 1210 00f8 0298     		ldr	r0, [sp, #8]
 1211 00fa FFF7FEFF 		bl	__aeabi_i2f
 1212              	.LVL191:
 1213 00fe 4FF04051 		mov	r1, #805306368
 1214 0102 FFF7FEFF 		bl	__aeabi_fmul
 1215              	.LVL192:
 1216              	.LBE247:
 1217              	.LBE246:
 434:ctrl_pend.c   ****     lp->xhat[1] = q31_to_flt(xhat_q[1]) * qs;
 1218              		.loc 1 434 0
 1219 0106 0146     		mov	r1, r0
 1220 0108 2846     		mov	r0, r5
 1221 010a FFF7FEFF 		bl	__aeabi_fmul
 1222              	.LVL193:
 1223 010e C4F88000 		str	r0, [r4, #128]	@ float
 1224              	.LVL194:
 1225              	.LBB248:
 1226              	.LBB249:
 216:ctrl_pend.c   **** }
 1227              		.loc 1 216 0
 1228 0112 0398     		ldr	r0, [sp, #12]
 1229 0114 FFF7FEFF 		bl	__aeabi_i2f
 1230              	.LVL195:
 1231 0118 4FF04051 		mov	r1, #805306368
 1232 011c FFF7FEFF 		bl	__aeabi_fmul
 1233              	.LVL196:
 1234              	.LBE249:
 1235              	.LBE248:
 435:ctrl_pend.c   **** }
 1236              		.loc 1 435 0
 1237 0120 0146     		mov	r1, r0
 1238 0122 2846     		mov	r0, r5
 1239 0124 FFF7FEFF 		bl	__aeabi_fmul
 1240              	.LVL197:
 1241 0128 C4F88400 		str	r0, [r4, #132]	@ float
 436:ctrl_pend.c   **** 
 1242              		.loc 1 436 0
 1243 012c 0AB0     		add	sp, sp, #40
 1244              		.cfi_def_cfa_offset 24
 1245              		@ sp needed
 1246 012e BDE8F081 		pop	{r4, r5, r6, r7, r8, pc}
 1247              	.LVL198:
 1248              	.L73:
 1249 0132 00BF     		.align	2
 1250              	.L72:
 1251 0134 000080BF 		.word	-1082130432
 1252              		.cfi_endproc
 1253              	.LFE141:
 1254              		.size	ss_obs_pred_q31, .-ss_obs_pred_q31
ARM GAS  C:\Users\user\AppData\Local\Temp\ccoNEg7E.s 			page 33


 1255              		.section	.text.ss_obs_act_predict_q31,"ax",%progbits
 1256              		.align	2
 1257              		.thumb
 1258              		.thumb_func
 1259              		.type	ss_obs_act_predict_q31, %function
 1260              	ss_obs_act_predict_q31:
 1261              	.LFB143:
 457:ctrl_pend.c   **** 
 458:ctrl_pend.c   **** static void ss_obs_act_predict_q31(CtrlLoop *lp, float u_k)
 459:ctrl_pend.c   **** {
 1262              		.loc 1 459 0
 1263              		.cfi_startproc
 1264              		@ args = 0, pretend = 0, frame = 0
 1265              		@ frame_needed = 0, uses_anonymous_args = 0
 1266              	.LVL199:
 1267 0000 10B5     		push	{r4, lr}
 1268              		.cfi_def_cfa_offset 8
 1269              		.cfi_offset 4, -8
 1270              		.cfi_offset 14, -4
 460:ctrl_pend.c   ****     ss_predict_q31(lp, lp->xhat, u_k, lp->zhat);
 1271              		.loc 1 460 0
 1272 0002 00F18803 		add	r3, r0, #136
 1273 0006 0A46     		mov	r2, r1
 1274 0008 00F18001 		add	r1, r0, #128
 1275              	.LVL200:
 1276 000c FFF7FEFF 		bl	ss_predict_q31
 1277              	.LVL201:
 1278 0010 10BD     		pop	{r4, pc}
 1279              		.cfi_endproc
 1280              	.LFE143:
 1281              		.size	ss_obs_act_predict_q31, .-ss_obs_act_predict_q31
 1282 0012 00BF     		.section	.text.ss_u_cmd_q31,"ax",%progbits
 1283              		.align	2
 1284              		.thumb
 1285              		.thumb_func
 1286              		.type	ss_u_cmd_q31, %function
 1287              	ss_u_cmd_q31:
 1288              	.LFB140:
 392:ctrl_pend.c   ****     float qs = lp->q_scale;
 1289              		.loc 1 392 0
 1290              		.cfi_startproc
 1291              		@ args = 0, pretend = 0, frame = 16
 1292              		@ frame_needed = 0, uses_anonymous_args = 0
 1293              	.LVL202:
 1294 0000 F0B5     		push	{r4, r5, r6, r7, lr}
 1295              		.cfi_def_cfa_offset 20
 1296              		.cfi_offset 4, -20
 1297              		.cfi_offset 5, -16
 1298              		.cfi_offset 6, -12
 1299              		.cfi_offset 7, -8
 1300              		.cfi_offset 14, -4
 1301 0002 85B0     		sub	sp, sp, #20
 1302              		.cfi_def_cfa_offset 40
 1303 0004 0446     		mov	r4, r0
 393:ctrl_pend.c   ****     q31_t xhat_q[2];
 1304              		.loc 1 393 0
 1305 0006 D0F8A460 		ldr	r6, [r0, #164]	@ float
ARM GAS  C:\Users\user\AppData\Local\Temp\ccoNEg7E.s 			page 34


 1306              	.LVL203:
 397:ctrl_pend.c   ****     xhat_q[1] = flt_to_q31n(lp->xhat[1] / qs);
 1307              		.loc 1 397 0
 1308 000a 3146     		mov	r1, r6
 1309 000c D0F88000 		ldr	r0, [r0, #128]	@ float
 1310              	.LVL204:
 1311 0010 FFF7FEFF 		bl	__aeabi_fdiv
 1312              	.LVL205:
 1313 0014 0546     		mov	r5, r0
 1314              	.LVL206:
 1315              	.LBB250:
 1316              	.LBB251:
 210:ctrl_pend.c   ****     if (v < -1.0f)  return  (q31_t)0x80000000;
 1317              		.loc 1 210 0
 1318 0016 4FF07E51 		mov	r1, #1065353216
 1319 001a FFF7FEFF 		bl	__aeabi_fcmpge
 1320              	.LVL207:
 1321 001e 60B9     		cbnz	r0, .L83
 211:ctrl_pend.c   ****     return (q31_t)(v * 2147483648.0f);
 1322              		.loc 1 211 0
 1323 0020 4449     		ldr	r1, .L92
 1324 0022 2846     		mov	r0, r5
 1325 0024 FFF7FEFF 		bl	__aeabi_fcmplt
 1326              	.LVL208:
 1327 0028 50B9     		cbnz	r0, .L84
 212:ctrl_pend.c   **** }
 1328              		.loc 1 212 0
 1329 002a 4FF09E41 		mov	r1, #1325400064
 1330 002e 2846     		mov	r0, r5
 1331 0030 FFF7FEFF 		bl	__aeabi_fmul
 1332              	.LVL209:
 1333 0034 FFF7FEFF 		bl	__aeabi_f2iz
 1334              	.LVL210:
 1335 0038 04E0     		b	.L77
 1336              	.L83:
 210:ctrl_pend.c   ****     if (v < -1.0f)  return  (q31_t)0x80000000;
 1337              		.loc 1 210 0
 1338 003a 6FF00040 		mvn	r0, #-2147483648
 1339 003e 01E0     		b	.L77
 1340              	.L84:
 211:ctrl_pend.c   ****     return (q31_t)(v * 2147483648.0f);
 1341              		.loc 1 211 0
 1342 0040 4FF00040 		mov	r0, #-2147483648
 1343              	.L77:
 1344              	.LVL211:
 1345              	.LBE251:
 1346              	.LBE250:
 397:ctrl_pend.c   ****     xhat_q[1] = flt_to_q31n(lp->xhat[1] / qs);
 1347              		.loc 1 397 0
 1348 0044 0290     		str	r0, [sp, #8]
 398:ctrl_pend.c   **** 
 1349              		.loc 1 398 0
 1350 0046 3146     		mov	r1, r6
 1351 0048 D4F88400 		ldr	r0, [r4, #132]	@ float
 1352 004c FFF7FEFF 		bl	__aeabi_fdiv
 1353              	.LVL212:
 1354 0050 0546     		mov	r5, r0
ARM GAS  C:\Users\user\AppData\Local\Temp\ccoNEg7E.s 			page 35


 1355              	.LVL213:
 1356              	.LBB252:
 1357              	.LBB253:
 210:ctrl_pend.c   ****     if (v < -1.0f)  return  (q31_t)0x80000000;
 1358              		.loc 1 210 0
 1359 0052 4FF07E51 		mov	r1, #1065353216
 1360 0056 FFF7FEFF 		bl	__aeabi_fcmpge
 1361              	.LVL214:
 1362 005a 60B9     		cbnz	r0, .L85
 211:ctrl_pend.c   ****     return (q31_t)(v * 2147483648.0f);
 1363              		.loc 1 211 0
 1364 005c 3549     		ldr	r1, .L92
 1365 005e 2846     		mov	r0, r5
 1366 0060 FFF7FEFF 		bl	__aeabi_fcmplt
 1367              	.LVL215:
 1368 0064 50B9     		cbnz	r0, .L86
 212:ctrl_pend.c   **** }
 1369              		.loc 1 212 0
 1370 0066 4FF09E41 		mov	r1, #1325400064
 1371 006a 2846     		mov	r0, r5
 1372 006c FFF7FEFF 		bl	__aeabi_fmul
 1373              	.LVL216:
 1374 0070 FFF7FEFF 		bl	__aeabi_f2iz
 1375              	.LVL217:
 1376 0074 04E0     		b	.L78
 1377              	.L85:
 210:ctrl_pend.c   ****     if (v < -1.0f)  return  (q31_t)0x80000000;
 1378              		.loc 1 210 0
 1379 0076 6FF00040 		mvn	r0, #-2147483648
 1380 007a 01E0     		b	.L78
 1381              	.L86:
 211:ctrl_pend.c   ****     return (q31_t)(v * 2147483648.0f);
 1382              		.loc 1 211 0
 1383 007c 4FF00040 		mov	r0, #-2147483648
 1384              	.L78:
 1385              	.LVL218:
 1386              	.LBE253:
 1387              	.LBE252:
 398:ctrl_pend.c   **** 
 1388              		.loc 1 398 0
 1389 0080 0390     		str	r0, [sp, #12]
 400:ctrl_pend.c   ****     q31_t kx = (q31_t)(dot >> 17);
 1390              		.loc 1 400 0
 1391 0082 6B46     		mov	r3, sp
 1392 0084 0222     		movs	r2, #2
 1393 0086 02A9     		add	r1, sp, #8
 1394 0088 04F1C800 		add	r0, r4, #200
 1395 008c FFF7FEFF 		bl	arm_dot_prod_q31
 1396              	.LVL219:
 401:ctrl_pend.c   **** 
 1397              		.loc 1 401 0
 1398 0090 009D     		ldr	r5, [sp]
 1399 0092 6D0C     		lsrs	r5, r5, #17
 1400 0094 019B     		ldr	r3, [sp, #4]
 1401 0096 45EAC335 		orr	r5, r5, r3, lsl #15
 1402 009a 2F46     		mov	r7, r5
 1403              	.LVL220:
ARM GAS  C:\Users\user\AppData\Local\Temp\ccoNEg7E.s 			page 36


 404:ctrl_pend.c   ****                                          : (lp->Kx * lp->ref);
 1404              		.loc 1 404 0
 1405 009c 2078     		ldrb	r0, [r4]	@ zero_extendqisi2
 1406 009e FFF7FEFF 		bl	mode_has_i
 1407              	.LVL221:
 405:ctrl_pend.c   ****     q31_t extra_q = flt_to_q31n(extra_f / qs);
 1408              		.loc 1 405 0
 1409 00a2 28B1     		cbz	r0, .L79
 405:ctrl_pend.c   ****     q31_t extra_q = flt_to_q31n(extra_f / qs);
 1410              		.loc 1 405 0 is_stmt 0 discriminator 1
 1411 00a4 D4F89010 		ldr	r1, [r4, #144]	@ float
 1412 00a8 E06F     		ldr	r0, [r4, #124]	@ float
 1413 00aa FFF7FEFF 		bl	__aeabi_fmul
 1414              	.LVL222:
 1415 00ae 04E0     		b	.L80
 1416              	.L79:
 405:ctrl_pend.c   ****     q31_t extra_q = flt_to_q31n(extra_f / qs);
 1417              		.loc 1 405 0 discriminator 2
 1418 00b0 D4F89410 		ldr	r1, [r4, #148]	@ float
 1419 00b4 E06F     		ldr	r0, [r4, #124]	@ float
 1420 00b6 FFF7FEFF 		bl	__aeabi_fmul
 1421              	.LVL223:
 1422              	.L80:
 406:ctrl_pend.c   **** 
 1423              		.loc 1 406 0 is_stmt 1
 1424 00ba 3146     		mov	r1, r6
 1425 00bc FFF7FEFF 		bl	__aeabi_fdiv
 1426              	.LVL224:
 1427 00c0 0446     		mov	r4, r0
 1428              	.LVL225:
 1429              	.LBB254:
 1430              	.LBB255:
 210:ctrl_pend.c   ****     if (v < -1.0f)  return  (q31_t)0x80000000;
 1431              		.loc 1 210 0
 1432 00c2 4FF07E51 		mov	r1, #1065353216
 1433 00c6 FFF7FEFF 		bl	__aeabi_fcmpge
 1434              	.LVL226:
 1435 00ca 60B9     		cbnz	r0, .L87
 211:ctrl_pend.c   ****     return (q31_t)(v * 2147483648.0f);
 1436              		.loc 1 211 0
 1437 00cc 1949     		ldr	r1, .L92
 1438 00ce 2046     		mov	r0, r4
 1439 00d0 FFF7FEFF 		bl	__aeabi_fcmplt
 1440              	.LVL227:
 1441 00d4 50B9     		cbnz	r0, .L88
 212:ctrl_pend.c   **** }
 1442              		.loc 1 212 0
 1443 00d6 4FF09E41 		mov	r1, #1325400064
 1444 00da 2046     		mov	r0, r4
 1445 00dc FFF7FEFF 		bl	__aeabi_fmul
 1446              	.LVL228:
 1447 00e0 FFF7FEFF 		bl	__aeabi_f2iz
 1448              	.LVL229:
 1449 00e4 04E0     		b	.L81
 1450              	.L87:
 210:ctrl_pend.c   ****     if (v < -1.0f)  return  (q31_t)0x80000000;
 1451              		.loc 1 210 0
ARM GAS  C:\Users\user\AppData\Local\Temp\ccoNEg7E.s 			page 37


 1452 00e6 6FF00040 		mvn	r0, #-2147483648
 1453 00ea 01E0     		b	.L81
 1454              	.L88:
 211:ctrl_pend.c   ****     return (q31_t)(v * 2147483648.0f);
 1455              		.loc 1 211 0
 1456 00ec 4FF00040 		mov	r0, #-2147483648
 1457              	.L81:
 1458              	.LVL230:
 1459              	.LBE255:
 1460              	.LBE254:
 408:ctrl_pend.c   **** }
 1461              		.loc 1 408 0
 1462 00f0 C317     		asrs	r3, r0, #31
 1463 00f2 C21B     		subs	r2, r0, r7
 1464 00f4 63EBE773 		sbc	r3, r3, r7, asr #31
 1465              	.LVL231:
 1466              	.LBB256:
 1467              	.LBB257:
 243:ctrl_pend.c   ****     if (v < (q63_t)0xFFFFFFFF80000000LL) return (q31_t)0x80000000;
 1468              		.loc 1 243 0
 1469 00f8 B2F1004F 		cmp	r2, #-2147483648
 1470 00fc 73F10001 		sbcs	r1, r3, #0
 1471 0100 06DA     		bge	.L89
 244:ctrl_pend.c   ****     return (q31_t)v;
 1472              		.loc 1 244 0
 1473 0102 B2F1004F 		cmp	r2, #-2147483648
 1474 0106 73F1FF33 		sbcs	r3, r3, #-1
 1475 010a 04DB     		blt	.L90
 245:ctrl_pend.c   **** }
 1476              		.loc 1 245 0
 1477 010c 401B     		subs	r0, r0, r5
 1478 010e 04E0     		b	.L82
 1479              	.L89:
 243:ctrl_pend.c   ****     if (v < (q63_t)0xFFFFFFFF80000000LL) return (q31_t)0x80000000;
 1480              		.loc 1 243 0
 1481 0110 6FF00040 		mvn	r0, #-2147483648
 1482 0114 01E0     		b	.L82
 1483              	.L90:
 244:ctrl_pend.c   ****     return (q31_t)v;
 1484              		.loc 1 244 0
 1485 0116 4FF00040 		mov	r0, #-2147483648
 1486              	.L82:
 1487              	.LVL232:
 1488              	.LBE257:
 1489              	.LBE256:
 1490              	.LBB258:
 1491              	.LBB259:
 216:ctrl_pend.c   **** }
 1492              		.loc 1 216 0
 1493 011a FFF7FEFF 		bl	__aeabi_i2f
 1494              	.LVL233:
 1495 011e 4FF04051 		mov	r1, #805306368
 1496 0122 FFF7FEFF 		bl	__aeabi_fmul
 1497              	.LVL234:
 1498              	.LBE259:
 1499              	.LBE258:
 408:ctrl_pend.c   **** }
ARM GAS  C:\Users\user\AppData\Local\Temp\ccoNEg7E.s 			page 38


 1500              		.loc 1 408 0
 1501 0126 0146     		mov	r1, r0
 1502 0128 3046     		mov	r0, r6
 1503 012a FFF7FEFF 		bl	__aeabi_fmul
 1504              	.LVL235:
 409:ctrl_pend.c   **** 
 1505              		.loc 1 409 0
 1506 012e 05B0     		add	sp, sp, #20
 1507              		.cfi_def_cfa_offset 20
 1508              		@ sp needed
 1509 0130 F0BD     		pop	{r4, r5, r6, r7, pc}
 1510              	.LVL236:
 1511              	.L93:
 1512 0132 00BF     		.align	2
 1513              	.L92:
 1514 0134 000080BF 		.word	-1082130432
 1515              		.cfi_endproc
 1516              	.LFE140:
 1517              		.size	ss_u_cmd_q31, .-ss_u_cmd_q31
 1518              		.section	.text.ss_yhat_q15,"ax",%progbits
 1519              		.align	2
 1520              		.thumb
 1521              		.thumb_func
 1522              		.type	ss_yhat_q15, %function
 1523              	ss_yhat_q15:
 1524              	.LFB144:
 461:ctrl_pend.c   **** }
 462:ctrl_pend.c   **** 
 463:ctrl_pend.c   **** /* ============================================================
 464:ctrl_pend.c   ****    SS helpers — Q15
 465:ctrl_pend.c   ****    arm_dot_prod_q15: resultado 34.30 → >>15 para Q15
 466:ctrl_pend.c   ****    arm_scale_q15(..., shift=0): (src × scaleFract) >> 15 → Q15
 467:ctrl_pend.c   ****    arm_add_q15: suma saturada Q15
 468:ctrl_pend.c   ****    ============================================================ */
 469:ctrl_pend.c   **** 
 470:ctrl_pend.c   **** static float ss_yhat_q15(CtrlLoop *lp, const float x[2], float u)
 471:ctrl_pend.c   **** {
 1525              		.loc 1 471 0
 1526              		.cfi_startproc
 1527              		@ args = 0, pretend = 0, frame = 16
 1528              		@ frame_needed = 0, uses_anonymous_args = 0
 1529              	.LVL237:
 1530 0000 2DE9F041 		push	{r4, r5, r6, r7, r8, lr}
 1531              		.cfi_def_cfa_offset 24
 1532              		.cfi_offset 4, -24
 1533              		.cfi_offset 5, -20
 1534              		.cfi_offset 6, -16
 1535              		.cfi_offset 7, -12
 1536              		.cfi_offset 8, -8
 1537              		.cfi_offset 14, -4
 1538 0004 84B0     		sub	sp, sp, #16
 1539              		.cfi_def_cfa_offset 40
 1540 0006 0546     		mov	r5, r0
 1541 0008 0E46     		mov	r6, r1
 1542 000a 1746     		mov	r7, r2
 472:ctrl_pend.c   ****     float qs = lp->q_scale;
 1543              		.loc 1 472 0
ARM GAS  C:\Users\user\AppData\Local\Temp\ccoNEg7E.s 			page 39


 1544 000c D0F8A440 		ldr	r4, [r0, #164]	@ float
 1545              	.LVL238:
 473:ctrl_pend.c   ****     q15_t xq[2];
 474:ctrl_pend.c   ****     q63_t dot;
 475:ctrl_pend.c   **** 
 476:ctrl_pend.c   ****     xq[0] = flt_to_q15n(x[0] / qs);
 1546              		.loc 1 476 0
 1547 0010 2146     		mov	r1, r4
 1548              	.LVL239:
 1549 0012 3068     		ldr	r0, [r6]	@ float
 1550              	.LVL240:
 1551 0014 FFF7FEFF 		bl	__aeabi_fdiv
 1552              	.LVL241:
 1553 0018 8046     		mov	r8, r0
 1554              	.LVL242:
 1555              	.LBB260:
 1556              	.LBB261:
 221:ctrl_pend.c   ****     if (v < -1.0f)  return  (q15_t)0x8000;
 1557              		.loc 1 221 0
 1558 001a 4FF07E51 		mov	r1, #1065353216
 1559 001e FFF7FEFF 		bl	__aeabi_fcmpge
 1560              	.LVL243:
 1561 0022 68B9     		cbnz	r0, .L101
 222:ctrl_pend.c   ****     return (q15_t)(v * 32768.0f);
 1562              		.loc 1 222 0
 1563 0024 4849     		ldr	r1, .L114
 1564 0026 4046     		mov	r0, r8
 1565 0028 FFF7FEFF 		bl	__aeabi_fcmplt
 1566              	.LVL244:
 1567 002c 58B9     		cbnz	r0, .L102
 223:ctrl_pend.c   **** }
 1568              		.loc 1 223 0
 1569 002e 4FF08E41 		mov	r1, #1191182336
 1570 0032 4046     		mov	r0, r8
 1571 0034 FFF7FEFF 		bl	__aeabi_fmul
 1572              	.LVL245:
 1573 0038 FFF7FEFF 		bl	__aeabi_f2iz
 1574              	.LVL246:
 1575 003c 00B2     		sxth	r0, r0
 1576 003e 03E0     		b	.L95
 1577              	.L101:
 221:ctrl_pend.c   ****     if (v < -1.0f)  return  (q15_t)0x8000;
 1578              		.loc 1 221 0
 1579 0040 47F6FF70 		movw	r0, #32767
 1580 0044 00E0     		b	.L95
 1581              	.L102:
 222:ctrl_pend.c   ****     return (q15_t)(v * 32768.0f);
 1582              		.loc 1 222 0
 1583 0046 4148     		ldr	r0, .L114+4
 1584              	.L95:
 1585              	.LVL247:
 1586              	.LBE261:
 1587              	.LBE260:
 1588              		.loc 1 476 0
 1589 0048 ADF80C00 		strh	r0, [sp, #12]	@ movhi
 477:ctrl_pend.c   ****     xq[1] = flt_to_q15n(x[1] / qs);
 1590              		.loc 1 477 0
ARM GAS  C:\Users\user\AppData\Local\Temp\ccoNEg7E.s 			page 40


 1591 004c 2146     		mov	r1, r4
 1592 004e 7068     		ldr	r0, [r6, #4]	@ float
 1593 0050 FFF7FEFF 		bl	__aeabi_fdiv
 1594              	.LVL248:
 1595 0054 0646     		mov	r6, r0
 1596              	.LVL249:
 1597              	.LBB262:
 1598              	.LBB263:
 221:ctrl_pend.c   ****     if (v < -1.0f)  return  (q15_t)0x8000;
 1599              		.loc 1 221 0
 1600 0056 4FF07E51 		mov	r1, #1065353216
 1601 005a FFF7FEFF 		bl	__aeabi_fcmpge
 1602              	.LVL250:
 1603 005e 68B9     		cbnz	r0, .L103
 222:ctrl_pend.c   ****     return (q15_t)(v * 32768.0f);
 1604              		.loc 1 222 0
 1605 0060 3949     		ldr	r1, .L114
 1606 0062 3046     		mov	r0, r6
 1607 0064 FFF7FEFF 		bl	__aeabi_fcmplt
 1608              	.LVL251:
 1609 0068 58B9     		cbnz	r0, .L104
 223:ctrl_pend.c   **** }
 1610              		.loc 1 223 0
 1611 006a 4FF08E41 		mov	r1, #1191182336
 1612 006e 3046     		mov	r0, r6
 1613 0070 FFF7FEFF 		bl	__aeabi_fmul
 1614              	.LVL252:
 1615 0074 FFF7FEFF 		bl	__aeabi_f2iz
 1616              	.LVL253:
 1617 0078 00B2     		sxth	r0, r0
 1618 007a 03E0     		b	.L96
 1619              	.L103:
 221:ctrl_pend.c   ****     if (v < -1.0f)  return  (q15_t)0x8000;
 1620              		.loc 1 221 0
 1621 007c 47F6FF70 		movw	r0, #32767
 1622 0080 00E0     		b	.L96
 1623              	.L104:
 222:ctrl_pend.c   ****     return (q15_t)(v * 32768.0f);
 1624              		.loc 1 222 0
 1625 0082 3248     		ldr	r0, .L114+4
 1626              	.L96:
 1627              	.LVL254:
 1628              	.LBE263:
 1629              	.LBE262:
 1630              		.loc 1 477 0
 1631 0084 ADF80E00 		strh	r0, [sp, #14]	@ movhi
 478:ctrl_pend.c   ****     q15_t uq = flt_to_q15n(u / qs);
 1632              		.loc 1 478 0
 1633 0088 2146     		mov	r1, r4
 1634 008a 3846     		mov	r0, r7
 1635 008c FFF7FEFF 		bl	__aeabi_fdiv
 1636              	.LVL255:
 1637 0090 0646     		mov	r6, r0
 1638              	.LVL256:
 1639              	.LBB264:
 1640              	.LBB265:
 221:ctrl_pend.c   ****     if (v < -1.0f)  return  (q15_t)0x8000;
ARM GAS  C:\Users\user\AppData\Local\Temp\ccoNEg7E.s 			page 41


 1641              		.loc 1 221 0
 1642 0092 4FF07E51 		mov	r1, #1065353216
 1643 0096 FFF7FEFF 		bl	__aeabi_fcmpge
 1644              	.LVL257:
 1645 009a 68B9     		cbnz	r0, .L105
 222:ctrl_pend.c   ****     return (q15_t)(v * 32768.0f);
 1646              		.loc 1 222 0
 1647 009c 2A49     		ldr	r1, .L114
 1648 009e 3046     		mov	r0, r6
 1649 00a0 FFF7FEFF 		bl	__aeabi_fcmplt
 1650              	.LVL258:
 1651 00a4 58B9     		cbnz	r0, .L106
 223:ctrl_pend.c   **** }
 1652              		.loc 1 223 0
 1653 00a6 4FF08E41 		mov	r1, #1191182336
 1654 00aa 3046     		mov	r0, r6
 1655 00ac FFF7FEFF 		bl	__aeabi_fmul
 1656              	.LVL259:
 1657 00b0 FFF7FEFF 		bl	__aeabi_f2iz
 1658              	.LVL260:
 1659 00b4 06B2     		sxth	r6, r0
 1660              	.LVL261:
 1661 00b6 03E0     		b	.L97
 1662              	.LVL262:
 1663              	.L105:
 221:ctrl_pend.c   ****     if (v < -1.0f)  return  (q15_t)0x8000;
 1664              		.loc 1 221 0
 1665 00b8 47F6FF76 		movw	r6, #32767
 1666              	.LVL263:
 1667 00bc 00E0     		b	.L97
 1668              	.LVL264:
 1669              	.L106:
 222:ctrl_pend.c   ****     return (q15_t)(v * 32768.0f);
 1670              		.loc 1 222 0
 1671 00be 234E     		ldr	r6, .L114+4
 1672              	.LVL265:
 1673              	.L97:
 1674              	.LBE265:
 1675              	.LBE264:
 479:ctrl_pend.c   **** 
 480:ctrl_pend.c   ****     arm_dot_prod_q15(lp->qC15, xq, 2u, &dot);
 1676              		.loc 1 480 0
 1677 00c0 6B46     		mov	r3, sp
 1678 00c2 0222     		movs	r2, #2
 1679 00c4 03A9     		add	r1, sp, #12
 1680 00c6 05F1EC00 		add	r0, r5, #236
 1681 00ca FFF7FEFF 		bl	arm_dot_prod_q15
 1682              	.LVL266:
 481:ctrl_pend.c   ****     q15_t Cx = qsat15((q31_t)(dot >> 15));
 1683              		.loc 1 481 0
 1684 00ce 009B     		ldr	r3, [sp]
 1685 00d0 DB0B     		lsrs	r3, r3, #15
 1686 00d2 019A     		ldr	r2, [sp, #4]
 1687 00d4 43EA4243 		orr	r3, r3, r2, lsl #17
 1688              	.LVL267:
 1689              	.LBB266:
 1690              	.LBB267:
ARM GAS  C:\Users\user\AppData\Local\Temp\ccoNEg7E.s 			page 42


 248:ctrl_pend.c   ****     if (v < (q31_t)0xFFFF8000) return (q15_t)0x8000;
 1691              		.loc 1 248 0
 1692 00d8 B3F5004F 		cmp	r3, #32768
 1693 00dc 04DA     		bge	.L107
 249:ctrl_pend.c   ****     return (q15_t)v;
 1694              		.loc 1 249 0
 1695 00de 13F5004F 		cmn	r3, #32768
 1696 00e2 04DB     		blt	.L108
 250:ctrl_pend.c   **** }
 1697              		.loc 1 250 0
 1698 00e4 18B2     		sxth	r0, r3
 1699 00e6 03E0     		b	.L98
 1700              	.L107:
 248:ctrl_pend.c   ****     if (v < (q31_t)0xFFFF8000) return (q15_t)0x8000;
 1701              		.loc 1 248 0
 1702 00e8 47F6FF70 		movw	r0, #32767
 1703 00ec 00E0     		b	.L98
 1704              	.L108:
 249:ctrl_pend.c   ****     return (q15_t)v;
 1705              		.loc 1 249 0
 1706 00ee 1748     		ldr	r0, .L114+4
 1707              	.L98:
 1708              	.LVL268:
 1709              	.LBE267:
 1710              	.LBE266:
 482:ctrl_pend.c   **** 
 483:ctrl_pend.c   ****     /* D·u: (D_q15 × u_q) >> 15 → Q15 */
 484:ctrl_pend.c   ****     q15_t Du = qsat15((q31_t)((q31_t)lp->qD15 * uq >> 15));
 1711              		.loc 1 484 0
 1712 00f0 B5F9F830 		ldrsh	r3, [r5, #248]
 1713 00f4 03FB06F3 		mul	r3, r3, r6
 1714 00f8 DB13     		asrs	r3, r3, #15
 1715              	.LVL269:
 1716              	.LBB268:
 1717              	.LBB269:
 248:ctrl_pend.c   ****     if (v < (q31_t)0xFFFF8000) return (q15_t)0x8000;
 1718              		.loc 1 248 0
 1719 00fa B3F5004F 		cmp	r3, #32768
 1720 00fe 04DA     		bge	.L109
 249:ctrl_pend.c   ****     return (q15_t)v;
 1721              		.loc 1 249 0
 1722 0100 13F5004F 		cmn	r3, #32768
 1723 0104 04DB     		blt	.L110
 250:ctrl_pend.c   **** }
 1724              		.loc 1 250 0
 1725 0106 1BB2     		sxth	r3, r3
 1726              	.LVL270:
 1727 0108 03E0     		b	.L99
 1728              	.LVL271:
 1729              	.L109:
 248:ctrl_pend.c   ****     if (v < (q31_t)0xFFFF8000) return (q15_t)0x8000;
 1730              		.loc 1 248 0
 1731 010a 47F6FF73 		movw	r3, #32767
 1732              	.LVL272:
 1733 010e 00E0     		b	.L99
 1734              	.LVL273:
 1735              	.L110:
ARM GAS  C:\Users\user\AppData\Local\Temp\ccoNEg7E.s 			page 43


 249:ctrl_pend.c   ****     return (q15_t)v;
 1736              		.loc 1 249 0
 1737 0110 0E4B     		ldr	r3, .L114+4
 1738              	.LVL274:
 1739              	.L99:
 1740              	.LBE269:
 1741              	.LBE268:
 485:ctrl_pend.c   **** 
 486:ctrl_pend.c   ****     return q15_to_flt(qsat15((q31_t)Cx + Du)) * qs;
 1742              		.loc 1 486 0
 1743 0112 1A18     		adds	r2, r3, r0
 1744              	.LVL275:
 1745              	.LBB270:
 1746              	.LBB271:
 248:ctrl_pend.c   ****     if (v < (q31_t)0xFFFF8000) return (q15_t)0x8000;
 1747              		.loc 1 248 0
 1748 0114 B2F5004F 		cmp	r2, #32768
 1749 0118 04DA     		bge	.L111
 249:ctrl_pend.c   ****     return (q15_t)v;
 1750              		.loc 1 249 0
 1751 011a 12F5004F 		cmn	r2, #32768
 1752 011e 04DB     		blt	.L112
 250:ctrl_pend.c   **** }
 1753              		.loc 1 250 0
 1754 0120 10B2     		sxth	r0, r2
 1755 0122 03E0     		b	.L100
 1756              	.L111:
 248:ctrl_pend.c   ****     if (v < (q31_t)0xFFFF8000) return (q15_t)0x8000;
 1757              		.loc 1 248 0
 1758 0124 47F6FF70 		movw	r0, #32767
 1759 0128 00E0     		b	.L100
 1760              	.L112:
 249:ctrl_pend.c   ****     return (q15_t)v;
 1761              		.loc 1 249 0
 1762 012a 0848     		ldr	r0, .L114+4
 1763              	.L100:
 1764              	.LVL276:
 1765              	.LBE271:
 1766              	.LBE270:
 1767              	.LBB272:
 1768              	.LBB273:
 227:ctrl_pend.c   **** }
 1769              		.loc 1 227 0
 1770 012c FFF7FEFF 		bl	__aeabi_i2f
 1771              	.LVL277:
 1772 0130 4FF06051 		mov	r1, #939524096
 1773 0134 FFF7FEFF 		bl	__aeabi_fmul
 1774              	.LVL278:
 1775              	.LBE273:
 1776              	.LBE272:
 1777              		.loc 1 486 0
 1778 0138 0146     		mov	r1, r0
 1779 013a 2046     		mov	r0, r4
 1780 013c FFF7FEFF 		bl	__aeabi_fmul
 1781              	.LVL279:
 487:ctrl_pend.c   **** }
 1782              		.loc 1 487 0
ARM GAS  C:\Users\user\AppData\Local\Temp\ccoNEg7E.s 			page 44


 1783 0140 04B0     		add	sp, sp, #16
 1784              		.cfi_def_cfa_offset 24
 1785              		@ sp needed
 1786 0142 BDE8F081 		pop	{r4, r5, r6, r7, r8, pc}
 1787              	.LVL280:
 1788              	.L115:
 1789 0146 00BF     		.align	2
 1790              	.L114:
 1791 0148 000080BF 		.word	-1082130432
 1792 014c 0080FFFF 		.word	-32768
 1793              		.cfi_endproc
 1794              	.LFE144:
 1795              		.size	ss_yhat_q15, .-ss_yhat_q15
 1796              		.section	.text.ss_obs_act_correct_q15,"ax",%progbits
 1797              		.align	2
 1798              		.thumb
 1799              		.thumb_func
 1800              		.type	ss_obs_act_correct_q15, %function
 1801              	ss_obs_act_correct_q15:
 1802              	.LFB148:
 488:ctrl_pend.c   **** 
 489:ctrl_pend.c   **** static void ss_predict_q15(CtrlLoop *lp, const float x[2], float u, float z[2])
 490:ctrl_pend.c   **** {
 491:ctrl_pend.c   ****     float qs = lp->q_scale;
 492:ctrl_pend.c   ****     q15_t xq[2], Buq[2];
 493:ctrl_pend.c   ****     q63_t dot;
 494:ctrl_pend.c   **** 
 495:ctrl_pend.c   ****     xq[0] = flt_to_q15n(x[0] / qs);
 496:ctrl_pend.c   ****     xq[1] = flt_to_q15n(x[1] / qs);
 497:ctrl_pend.c   ****     q15_t uq = flt_to_q15n(u / qs);
 498:ctrl_pend.c   **** 
 499:ctrl_pend.c   ****     /* B·u: arm_scale_q15 escala el vector B por escalar u */
 500:ctrl_pend.c   ****     arm_scale_q15(lp->qB15, uq, 0, Buq, 2u);
 501:ctrl_pend.c   **** 
 502:ctrl_pend.c   ****     arm_dot_prod_q15(&lp->qA15[0], xq, 2u, &dot);
 503:ctrl_pend.c   ****     q15_t Ax0 = qsat15((q31_t)(dot >> 15));
 504:ctrl_pend.c   ****     z[0] = q15_to_flt(qsat15((q31_t)Ax0 + Buq[0])) * qs;
 505:ctrl_pend.c   **** 
 506:ctrl_pend.c   ****     arm_dot_prod_q15(&lp->qA15[2], xq, 2u, &dot);
 507:ctrl_pend.c   ****     q15_t Ax1 = qsat15((q31_t)(dot >> 15));
 508:ctrl_pend.c   ****     z[1] = q15_to_flt(qsat15((q31_t)Ax1 + Buq[1])) * qs;
 509:ctrl_pend.c   **** }
 510:ctrl_pend.c   **** 
 511:ctrl_pend.c   **** static float ss_u_cmd_q15(CtrlLoop *lp)
 512:ctrl_pend.c   **** {
 513:ctrl_pend.c   ****     float qs = lp->q_scale;
 514:ctrl_pend.c   ****     q15_t xhat_q[2];
 515:ctrl_pend.c   ****     q63_t dot;
 516:ctrl_pend.c   **** 
 517:ctrl_pend.c   ****     xhat_q[0] = flt_to_q15n(lp->xhat[0] / qs);
 518:ctrl_pend.c   ****     xhat_q[1] = flt_to_q15n(lp->xhat[1] / qs);
 519:ctrl_pend.c   **** 
 520:ctrl_pend.c   ****     arm_dot_prod_q15(lp->qK15, xhat_q, 2u, &dot);
 521:ctrl_pend.c   ****     q15_t kx = qsat15((q31_t)(dot >> 15));
 522:ctrl_pend.c   **** 
 523:ctrl_pend.c   ****     float extra_f = mode_has_i(lp->mode) ? (lp->Kx * lp->vint)
 524:ctrl_pend.c   ****                                          : (lp->Kx * lp->ref);
ARM GAS  C:\Users\user\AppData\Local\Temp\ccoNEg7E.s 			page 45


 525:ctrl_pend.c   ****     q15_t extra_q = flt_to_q15n(extra_f / qs);
 526:ctrl_pend.c   **** 
 527:ctrl_pend.c   ****     return q15_to_flt(qsat15((q31_t)extra_q - kx)) * qs;
 528:ctrl_pend.c   **** }
 529:ctrl_pend.c   **** 
 530:ctrl_pend.c   **** static void ss_obs_pred_q15(CtrlLoop *lp, float y, float u_prev, float u_k)
 531:ctrl_pend.c   **** {
 532:ctrl_pend.c   ****     float qs = lp->q_scale;
 533:ctrl_pend.c   **** 
 534:ctrl_pend.c   ****     float innov = y - ss_yhat_q15(lp, lp->xhat, u_prev);
 535:ctrl_pend.c   ****     q15_t innov_q = flt_to_q15n(innov / qs);
 536:ctrl_pend.c   **** 
 537:ctrl_pend.c   ****     float z[2];
 538:ctrl_pend.c   ****     ss_predict_q15(lp, lp->xhat, u_k, z);
 539:ctrl_pend.c   **** 
 540:ctrl_pend.c   ****     q15_t Linv[2];
 541:ctrl_pend.c   ****     arm_scale_q15(lp->qL15, innov_q, 0, Linv, 2u);
 542:ctrl_pend.c   **** 
 543:ctrl_pend.c   ****     q15_t zq[2];
 544:ctrl_pend.c   ****     zq[0] = flt_to_q15n(z[0] / qs);
 545:ctrl_pend.c   ****     zq[1] = flt_to_q15n(z[1] / qs);
 546:ctrl_pend.c   ****     q15_t xhat_q[2];
 547:ctrl_pend.c   ****     arm_add_q15(zq, Linv, xhat_q, 2u);
 548:ctrl_pend.c   **** 
 549:ctrl_pend.c   ****     lp->xhat[0] = q15_to_flt(xhat_q[0]) * qs;
 550:ctrl_pend.c   ****     lp->xhat[1] = q15_to_flt(xhat_q[1]) * qs;
 551:ctrl_pend.c   **** }
 552:ctrl_pend.c   **** 
 553:ctrl_pend.c   **** static void ss_obs_act_correct_q15(CtrlLoop *lp, float y, float u_prev)
 554:ctrl_pend.c   **** {
 1803              		.loc 1 554 0
 1804              		.cfi_startproc
 1805              		@ args = 0, pretend = 0, frame = 16
 1806              		@ frame_needed = 0, uses_anonymous_args = 0
 1807              	.LVL281:
 1808 0000 70B5     		push	{r4, r5, r6, lr}
 1809              		.cfi_def_cfa_offset 16
 1810              		.cfi_offset 4, -16
 1811              		.cfi_offset 5, -12
 1812              		.cfi_offset 6, -8
 1813              		.cfi_offset 14, -4
 1814 0002 86B0     		sub	sp, sp, #24
 1815              		.cfi_def_cfa_offset 40
 1816 0004 0446     		mov	r4, r0
 1817 0006 0E46     		mov	r6, r1
 555:ctrl_pend.c   ****     float qs = lp->q_scale;
 1818              		.loc 1 555 0
 1819 0008 D0F8A450 		ldr	r5, [r0, #164]	@ float
 1820              	.LVL282:
 556:ctrl_pend.c   **** 
 557:ctrl_pend.c   ****     float innov = y - ss_yhat_q15(lp, lp->zhat, u_prev);
 1821              		.loc 1 557 0
 1822 000c 00F18801 		add	r1, r0, #136
 1823              	.LVL283:
 1824 0010 FFF7FEFF 		bl	ss_yhat_q15
 1825              	.LVL284:
 1826 0014 0146     		mov	r1, r0
ARM GAS  C:\Users\user\AppData\Local\Temp\ccoNEg7E.s 			page 46


 1827 0016 3046     		mov	r0, r6
 1828 0018 FFF7FEFF 		bl	__aeabi_fsub
 1829              	.LVL285:
 558:ctrl_pend.c   ****     q15_t innov_q = flt_to_q15n(innov / qs);
 1830              		.loc 1 558 0
 1831 001c 2946     		mov	r1, r5
 1832 001e FFF7FEFF 		bl	__aeabi_fdiv
 1833              	.LVL286:
 1834 0022 0646     		mov	r6, r0
 1835              	.LVL287:
 1836              	.LBB274:
 1837              	.LBB275:
 221:ctrl_pend.c   ****     if (v < -1.0f)  return  (q15_t)0x8000;
 1838              		.loc 1 221 0
 1839 0024 4FF07E51 		mov	r1, #1065353216
 1840 0028 FFF7FEFF 		bl	__aeabi_fcmpge
 1841              	.LVL288:
 1842 002c 68B9     		cbnz	r0, .L120
 222:ctrl_pend.c   ****     return (q15_t)(v * 32768.0f);
 1843              		.loc 1 222 0
 1844 002e 3E49     		ldr	r1, .L127
 1845 0030 3046     		mov	r0, r6
 1846 0032 FFF7FEFF 		bl	__aeabi_fcmplt
 1847              	.LVL289:
 1848 0036 58B9     		cbnz	r0, .L121
 223:ctrl_pend.c   **** }
 1849              		.loc 1 223 0
 1850 0038 4FF08E41 		mov	r1, #1191182336
 1851 003c 3046     		mov	r0, r6
 1852 003e FFF7FEFF 		bl	__aeabi_fmul
 1853              	.LVL290:
 1854 0042 FFF7FEFF 		bl	__aeabi_f2iz
 1855              	.LVL291:
 1856 0046 01B2     		sxth	r1, r0
 1857 0048 03E0     		b	.L117
 1858              	.L120:
 221:ctrl_pend.c   ****     if (v < -1.0f)  return  (q15_t)0x8000;
 1859              		.loc 1 221 0
 1860 004a 47F6FF71 		movw	r1, #32767
 1861 004e 00E0     		b	.L117
 1862              	.L121:
 222:ctrl_pend.c   ****     return (q15_t)(v * 32768.0f);
 1863              		.loc 1 222 0
 1864 0050 3649     		ldr	r1, .L127+4
 1865              	.L117:
 1866              	.LVL292:
 1867              	.LBE275:
 1868              	.LBE274:
 559:ctrl_pend.c   **** 
 560:ctrl_pend.c   ****     q15_t Linv[2];
 561:ctrl_pend.c   ****     arm_scale_q15(lp->qL15, innov_q, 0, Linv, 2u);
 1869              		.loc 1 561 0
 1870 0052 0223     		movs	r3, #2
 1871 0054 0093     		str	r3, [sp]
 1872 0056 05AB     		add	r3, sp, #20
 1873 0058 0022     		movs	r2, #0
 1874 005a 04F1F400 		add	r0, r4, #244
ARM GAS  C:\Users\user\AppData\Local\Temp\ccoNEg7E.s 			page 47


 1875 005e FFF7FEFF 		bl	arm_scale_q15
 1876              	.LVL293:
 562:ctrl_pend.c   **** 
 563:ctrl_pend.c   ****     q15_t zhat_q[2];
 564:ctrl_pend.c   ****     zhat_q[0] = flt_to_q15n(lp->zhat[0] / qs);
 1877              		.loc 1 564 0
 1878 0062 2946     		mov	r1, r5
 1879 0064 D4F88800 		ldr	r0, [r4, #136]	@ float
 1880 0068 FFF7FEFF 		bl	__aeabi_fdiv
 1881              	.LVL294:
 1882 006c 0646     		mov	r6, r0
 1883              	.LVL295:
 1884              	.LBB276:
 1885              	.LBB277:
 221:ctrl_pend.c   ****     if (v < -1.0f)  return  (q15_t)0x8000;
 1886              		.loc 1 221 0
 1887 006e 4FF07E51 		mov	r1, #1065353216
 1888 0072 FFF7FEFF 		bl	__aeabi_fcmpge
 1889              	.LVL296:
 1890 0076 68B9     		cbnz	r0, .L122
 222:ctrl_pend.c   ****     return (q15_t)(v * 32768.0f);
 1891              		.loc 1 222 0
 1892 0078 2B49     		ldr	r1, .L127
 1893 007a 3046     		mov	r0, r6
 1894 007c FFF7FEFF 		bl	__aeabi_fcmplt
 1895              	.LVL297:
 1896 0080 58B9     		cbnz	r0, .L123
 223:ctrl_pend.c   **** }
 1897              		.loc 1 223 0
 1898 0082 4FF08E41 		mov	r1, #1191182336
 1899 0086 3046     		mov	r0, r6
 1900 0088 FFF7FEFF 		bl	__aeabi_fmul
 1901              	.LVL298:
 1902 008c FFF7FEFF 		bl	__aeabi_f2iz
 1903              	.LVL299:
 1904 0090 00B2     		sxth	r0, r0
 1905 0092 03E0     		b	.L118
 1906              	.L122:
 221:ctrl_pend.c   ****     if (v < -1.0f)  return  (q15_t)0x8000;
 1907              		.loc 1 221 0
 1908 0094 47F6FF70 		movw	r0, #32767
 1909 0098 00E0     		b	.L118
 1910              	.L123:
 222:ctrl_pend.c   ****     return (q15_t)(v * 32768.0f);
 1911              		.loc 1 222 0
 1912 009a 2448     		ldr	r0, .L127+4
 1913              	.L118:
 1914              	.LVL300:
 1915              	.LBE277:
 1916              	.LBE276:
 1917              		.loc 1 564 0
 1918 009c ADF81000 		strh	r0, [sp, #16]	@ movhi
 565:ctrl_pend.c   ****     zhat_q[1] = flt_to_q15n(lp->zhat[1] / qs);
 1919              		.loc 1 565 0
 1920 00a0 2946     		mov	r1, r5
 1921 00a2 D4F88C00 		ldr	r0, [r4, #140]	@ float
 1922 00a6 FFF7FEFF 		bl	__aeabi_fdiv
ARM GAS  C:\Users\user\AppData\Local\Temp\ccoNEg7E.s 			page 48


 1923              	.LVL301:
 1924 00aa 0646     		mov	r6, r0
 1925              	.LVL302:
 1926              	.LBB278:
 1927              	.LBB279:
 221:ctrl_pend.c   ****     if (v < -1.0f)  return  (q15_t)0x8000;
 1928              		.loc 1 221 0
 1929 00ac 4FF07E51 		mov	r1, #1065353216
 1930 00b0 FFF7FEFF 		bl	__aeabi_fcmpge
 1931              	.LVL303:
 1932 00b4 68B9     		cbnz	r0, .L124
 222:ctrl_pend.c   ****     return (q15_t)(v * 32768.0f);
 1933              		.loc 1 222 0
 1934 00b6 1C49     		ldr	r1, .L127
 1935 00b8 3046     		mov	r0, r6
 1936 00ba FFF7FEFF 		bl	__aeabi_fcmplt
 1937              	.LVL304:
 1938 00be 58B9     		cbnz	r0, .L125
 223:ctrl_pend.c   **** }
 1939              		.loc 1 223 0
 1940 00c0 4FF08E41 		mov	r1, #1191182336
 1941 00c4 3046     		mov	r0, r6
 1942 00c6 FFF7FEFF 		bl	__aeabi_fmul
 1943              	.LVL305:
 1944 00ca FFF7FEFF 		bl	__aeabi_f2iz
 1945              	.LVL306:
 1946 00ce 00B2     		sxth	r0, r0
 1947 00d0 03E0     		b	.L119
 1948              	.L124:
 221:ctrl_pend.c   ****     if (v < -1.0f)  return  (q15_t)0x8000;
 1949              		.loc 1 221 0
 1950 00d2 47F6FF70 		movw	r0, #32767
 1951 00d6 00E0     		b	.L119
 1952              	.L125:
 222:ctrl_pend.c   ****     return (q15_t)(v * 32768.0f);
 1953              		.loc 1 222 0
 1954 00d8 1448     		ldr	r0, .L127+4
 1955              	.L119:
 1956              	.LVL307:
 1957              	.LBE279:
 1958              	.LBE278:
 1959              		.loc 1 565 0
 1960 00da ADF81200 		strh	r0, [sp, #18]	@ movhi
 566:ctrl_pend.c   ****     q15_t xhat_q[2];
 567:ctrl_pend.c   ****     arm_add_q15(zhat_q, Linv, xhat_q, 2u);
 1961              		.loc 1 567 0
 1962 00de 0223     		movs	r3, #2
 1963 00e0 03AA     		add	r2, sp, #12
 1964 00e2 05A9     		add	r1, sp, #20
 1965 00e4 04A8     		add	r0, sp, #16
 1966 00e6 FFF7FEFF 		bl	arm_add_q15
 1967              	.LVL308:
 1968              	.LBB280:
 1969              	.LBB281:
 227:ctrl_pend.c   **** }
 1970              		.loc 1 227 0
 1971 00ea BDF90C00 		ldrsh	r0, [sp, #12]
ARM GAS  C:\Users\user\AppData\Local\Temp\ccoNEg7E.s 			page 49


 1972 00ee FFF7FEFF 		bl	__aeabi_i2f
 1973              	.LVL309:
 1974 00f2 4FF06051 		mov	r1, #939524096
 1975 00f6 FFF7FEFF 		bl	__aeabi_fmul
 1976              	.LVL310:
 1977              	.LBE281:
 1978              	.LBE280:
 568:ctrl_pend.c   **** 
 569:ctrl_pend.c   ****     lp->xhat[0] = q15_to_flt(xhat_q[0]) * qs;
 1979              		.loc 1 569 0
 1980 00fa 0146     		mov	r1, r0
 1981 00fc 2846     		mov	r0, r5
 1982 00fe FFF7FEFF 		bl	__aeabi_fmul
 1983              	.LVL311:
 1984 0102 C4F88000 		str	r0, [r4, #128]	@ float
 1985              	.LVL312:
 1986              	.LBB282:
 1987              	.LBB283:
 227:ctrl_pend.c   **** }
 1988              		.loc 1 227 0
 1989 0106 BDF90E00 		ldrsh	r0, [sp, #14]
 1990 010a FFF7FEFF 		bl	__aeabi_i2f
 1991              	.LVL313:
 1992 010e 4FF06051 		mov	r1, #939524096
 1993 0112 FFF7FEFF 		bl	__aeabi_fmul
 1994              	.LVL314:
 1995              	.LBE283:
 1996              	.LBE282:
 570:ctrl_pend.c   ****     lp->xhat[1] = q15_to_flt(xhat_q[1]) * qs;
 1997              		.loc 1 570 0
 1998 0116 0146     		mov	r1, r0
 1999 0118 2846     		mov	r0, r5
 2000 011a FFF7FEFF 		bl	__aeabi_fmul
 2001              	.LVL315:
 2002 011e C4F88400 		str	r0, [r4, #132]	@ float
 571:ctrl_pend.c   **** }
 2003              		.loc 1 571 0
 2004 0122 06B0     		add	sp, sp, #24
 2005              		.cfi_def_cfa_offset 16
 2006              		@ sp needed
 2007 0124 70BD     		pop	{r4, r5, r6, pc}
 2008              	.LVL316:
 2009              	.L128:
 2010 0126 00BF     		.align	2
 2011              	.L127:
 2012 0128 000080BF 		.word	-1082130432
 2013 012c 0080FFFF 		.word	-32768
 2014              		.cfi_endproc
 2015              	.LFE148:
 2016              		.size	ss_obs_act_correct_q15, .-ss_obs_act_correct_q15
 2017              		.section	.text.ss_predict_q15,"ax",%progbits
 2018              		.align	2
 2019              		.thumb
 2020              		.thumb_func
 2021              		.type	ss_predict_q15, %function
 2022              	ss_predict_q15:
 2023              	.LFB145:
ARM GAS  C:\Users\user\AppData\Local\Temp\ccoNEg7E.s 			page 50


 490:ctrl_pend.c   ****     float qs = lp->q_scale;
 2024              		.loc 1 490 0
 2025              		.cfi_startproc
 2026              		@ args = 0, pretend = 0, frame = 16
 2027              		@ frame_needed = 0, uses_anonymous_args = 0
 2028              	.LVL317:
 2029 0000 2DE9F043 		push	{r4, r5, r6, r7, r8, r9, lr}
 2030              		.cfi_def_cfa_offset 28
 2031              		.cfi_offset 4, -28
 2032              		.cfi_offset 5, -24
 2033              		.cfi_offset 6, -20
 2034              		.cfi_offset 7, -16
 2035              		.cfi_offset 8, -12
 2036              		.cfi_offset 9, -8
 2037              		.cfi_offset 14, -4
 2038 0004 87B0     		sub	sp, sp, #28
 2039              		.cfi_def_cfa_offset 56
 2040 0006 0646     		mov	r6, r0
 2041 0008 0F46     		mov	r7, r1
 2042 000a 9046     		mov	r8, r2
 2043 000c 1D46     		mov	r5, r3
 491:ctrl_pend.c   ****     q15_t xq[2], Buq[2];
 2044              		.loc 1 491 0
 2045 000e D0F8A440 		ldr	r4, [r0, #164]	@ float
 2046              	.LVL318:
 495:ctrl_pend.c   ****     xq[1] = flt_to_q15n(x[1] / qs);
 2047              		.loc 1 495 0
 2048 0012 2146     		mov	r1, r4
 2049              	.LVL319:
 2050 0014 3868     		ldr	r0, [r7]	@ float
 2051              	.LVL320:
 2052 0016 FFF7FEFF 		bl	__aeabi_fdiv
 2053              	.LVL321:
 2054 001a 8146     		mov	r9, r0
 2055              	.LVL322:
 2056              	.LBB284:
 2057              	.LBB285:
 221:ctrl_pend.c   ****     if (v < -1.0f)  return  (q15_t)0x8000;
 2058              		.loc 1 221 0
 2059 001c 4FF07E51 		mov	r1, #1065353216
 2060 0020 FFF7FEFF 		bl	__aeabi_fcmpge
 2061              	.LVL323:
 2062 0024 68B9     		cbnz	r0, .L137
 222:ctrl_pend.c   ****     return (q15_t)(v * 32768.0f);
 2063              		.loc 1 222 0
 2064 0026 5E49     		ldr	r1, .L152
 2065 0028 4846     		mov	r0, r9
 2066 002a FFF7FEFF 		bl	__aeabi_fcmplt
 2067              	.LVL324:
 2068 002e 58B9     		cbnz	r0, .L138
 223:ctrl_pend.c   **** }
 2069              		.loc 1 223 0
 2070 0030 4FF08E41 		mov	r1, #1191182336
 2071 0034 4846     		mov	r0, r9
 2072 0036 FFF7FEFF 		bl	__aeabi_fmul
 2073              	.LVL325:
 2074 003a FFF7FEFF 		bl	__aeabi_f2iz
ARM GAS  C:\Users\user\AppData\Local\Temp\ccoNEg7E.s 			page 51


 2075              	.LVL326:
 2076 003e 00B2     		sxth	r0, r0
 2077 0040 03E0     		b	.L130
 2078              	.L137:
 221:ctrl_pend.c   ****     if (v < -1.0f)  return  (q15_t)0x8000;
 2079              		.loc 1 221 0
 2080 0042 47F6FF70 		movw	r0, #32767
 2081 0046 00E0     		b	.L130
 2082              	.L138:
 222:ctrl_pend.c   ****     return (q15_t)(v * 32768.0f);
 2083              		.loc 1 222 0
 2084 0048 5648     		ldr	r0, .L152+4
 2085              	.L130:
 2086              	.LVL327:
 2087              	.LBE285:
 2088              	.LBE284:
 495:ctrl_pend.c   ****     xq[1] = flt_to_q15n(x[1] / qs);
 2089              		.loc 1 495 0
 2090 004a ADF81400 		strh	r0, [sp, #20]	@ movhi
 496:ctrl_pend.c   ****     q15_t uq = flt_to_q15n(u / qs);
 2091              		.loc 1 496 0
 2092 004e 2146     		mov	r1, r4
 2093 0050 7868     		ldr	r0, [r7, #4]	@ float
 2094 0052 FFF7FEFF 		bl	__aeabi_fdiv
 2095              	.LVL328:
 2096 0056 0746     		mov	r7, r0
 2097              	.LVL329:
 2098              	.LBB286:
 2099              	.LBB287:
 221:ctrl_pend.c   ****     if (v < -1.0f)  return  (q15_t)0x8000;
 2100              		.loc 1 221 0
 2101 0058 4FF07E51 		mov	r1, #1065353216
 2102 005c FFF7FEFF 		bl	__aeabi_fcmpge
 2103              	.LVL330:
 2104 0060 68B9     		cbnz	r0, .L139
 222:ctrl_pend.c   ****     return (q15_t)(v * 32768.0f);
 2105              		.loc 1 222 0
 2106 0062 4F49     		ldr	r1, .L152
 2107 0064 3846     		mov	r0, r7
 2108 0066 FFF7FEFF 		bl	__aeabi_fcmplt
 2109              	.LVL331:
 2110 006a 58B9     		cbnz	r0, .L140
 223:ctrl_pend.c   **** }
 2111              		.loc 1 223 0
 2112 006c 4FF08E41 		mov	r1, #1191182336
 2113 0070 3846     		mov	r0, r7
 2114 0072 FFF7FEFF 		bl	__aeabi_fmul
 2115              	.LVL332:
 2116 0076 FFF7FEFF 		bl	__aeabi_f2iz
 2117              	.LVL333:
 2118 007a 00B2     		sxth	r0, r0
 2119 007c 03E0     		b	.L131
 2120              	.L139:
 221:ctrl_pend.c   ****     if (v < -1.0f)  return  (q15_t)0x8000;
 2121              		.loc 1 221 0
 2122 007e 47F6FF70 		movw	r0, #32767
 2123 0082 00E0     		b	.L131
ARM GAS  C:\Users\user\AppData\Local\Temp\ccoNEg7E.s 			page 52


 2124              	.L140:
 222:ctrl_pend.c   ****     return (q15_t)(v * 32768.0f);
 2125              		.loc 1 222 0
 2126 0084 4748     		ldr	r0, .L152+4
 2127              	.L131:
 2128              	.LVL334:
 2129              	.LBE287:
 2130              	.LBE286:
 496:ctrl_pend.c   ****     q15_t uq = flt_to_q15n(u / qs);
 2131              		.loc 1 496 0
 2132 0086 ADF81600 		strh	r0, [sp, #22]	@ movhi
 497:ctrl_pend.c   **** 
 2133              		.loc 1 497 0
 2134 008a 2146     		mov	r1, r4
 2135 008c 4046     		mov	r0, r8
 2136 008e FFF7FEFF 		bl	__aeabi_fdiv
 2137              	.LVL335:
 2138 0092 0746     		mov	r7, r0
 2139              	.LVL336:
 2140              	.LBB288:
 2141              	.LBB289:
 221:ctrl_pend.c   ****     if (v < -1.0f)  return  (q15_t)0x8000;
 2142              		.loc 1 221 0
 2143 0094 4FF07E51 		mov	r1, #1065353216
 2144 0098 FFF7FEFF 		bl	__aeabi_fcmpge
 2145              	.LVL337:
 2146 009c 68B9     		cbnz	r0, .L141
 222:ctrl_pend.c   ****     return (q15_t)(v * 32768.0f);
 2147              		.loc 1 222 0
 2148 009e 4049     		ldr	r1, .L152
 2149 00a0 3846     		mov	r0, r7
 2150 00a2 FFF7FEFF 		bl	__aeabi_fcmplt
 2151              	.LVL338:
 2152 00a6 58B9     		cbnz	r0, .L142
 223:ctrl_pend.c   **** }
 2153              		.loc 1 223 0
 2154 00a8 4FF08E41 		mov	r1, #1191182336
 2155 00ac 3846     		mov	r0, r7
 2156 00ae FFF7FEFF 		bl	__aeabi_fmul
 2157              	.LVL339:
 2158 00b2 FFF7FEFF 		bl	__aeabi_f2iz
 2159              	.LVL340:
 2160 00b6 01B2     		sxth	r1, r0
 2161 00b8 03E0     		b	.L132
 2162              	.L141:
 221:ctrl_pend.c   ****     if (v < -1.0f)  return  (q15_t)0x8000;
 2163              		.loc 1 221 0
 2164 00ba 47F6FF71 		movw	r1, #32767
 2165 00be 00E0     		b	.L132
 2166              	.L142:
 222:ctrl_pend.c   ****     return (q15_t)(v * 32768.0f);
 2167              		.loc 1 222 0
 2168 00c0 3849     		ldr	r1, .L152+4
 2169              	.L132:
 2170              	.LVL341:
 2171              	.LBE289:
 2172              	.LBE288:
ARM GAS  C:\Users\user\AppData\Local\Temp\ccoNEg7E.s 			page 53


 500:ctrl_pend.c   **** 
 2173              		.loc 1 500 0
 2174 00c2 0227     		movs	r7, #2
 2175 00c4 0097     		str	r7, [sp]
 2176 00c6 04AB     		add	r3, sp, #16
 2177 00c8 0022     		movs	r2, #0
 2178 00ca 06F1E800 		add	r0, r6, #232
 2179 00ce FFF7FEFF 		bl	arm_scale_q15
 2180              	.LVL342:
 502:ctrl_pend.c   ****     q15_t Ax0 = qsat15((q31_t)(dot >> 15));
 2181              		.loc 1 502 0
 2182 00d2 02AB     		add	r3, sp, #8
 2183 00d4 3A46     		mov	r2, r7
 2184 00d6 05A9     		add	r1, sp, #20
 2185 00d8 06F1E000 		add	r0, r6, #224
 2186 00dc FFF7FEFF 		bl	arm_dot_prod_q15
 2187              	.LVL343:
 503:ctrl_pend.c   ****     z[0] = q15_to_flt(qsat15((q31_t)Ax0 + Buq[0])) * qs;
 2188              		.loc 1 503 0
 2189 00e0 029B     		ldr	r3, [sp, #8]
 2190 00e2 DB0B     		lsrs	r3, r3, #15
 2191 00e4 039A     		ldr	r2, [sp, #12]
 2192 00e6 43EA4243 		orr	r3, r3, r2, lsl #17
 2193              	.LVL344:
 2194              	.LBB290:
 2195              	.LBB291:
 248:ctrl_pend.c   ****     if (v < (q31_t)0xFFFF8000) return (q15_t)0x8000;
 2196              		.loc 1 248 0
 2197 00ea B3F5004F 		cmp	r3, #32768
 2198 00ee 04DA     		bge	.L143
 249:ctrl_pend.c   ****     return (q15_t)v;
 2199              		.loc 1 249 0
 2200 00f0 13F5004F 		cmn	r3, #32768
 2201 00f4 04DB     		blt	.L144
 250:ctrl_pend.c   **** }
 2202              		.loc 1 250 0
 2203 00f6 1BB2     		sxth	r3, r3
 2204              	.LVL345:
 2205 00f8 03E0     		b	.L133
 2206              	.LVL346:
 2207              	.L143:
 248:ctrl_pend.c   ****     if (v < (q31_t)0xFFFF8000) return (q15_t)0x8000;
 2208              		.loc 1 248 0
 2209 00fa 47F6FF73 		movw	r3, #32767
 2210              	.LVL347:
 2211 00fe 00E0     		b	.L133
 2212              	.LVL348:
 2213              	.L144:
 249:ctrl_pend.c   ****     return (q15_t)v;
 2214              		.loc 1 249 0
 2215 0100 284B     		ldr	r3, .L152+4
 2216              	.LVL349:
 2217              	.L133:
 2218              	.LBE291:
 2219              	.LBE290:
 504:ctrl_pend.c   **** 
 2220              		.loc 1 504 0
ARM GAS  C:\Users\user\AppData\Local\Temp\ccoNEg7E.s 			page 54


 2221 0102 BDF91000 		ldrsh	r0, [sp, #16]
 2222 0106 C218     		adds	r2, r0, r3
 2223              	.LVL350:
 2224              	.LBB292:
 2225              	.LBB293:
 248:ctrl_pend.c   ****     if (v < (q31_t)0xFFFF8000) return (q15_t)0x8000;
 2226              		.loc 1 248 0
 2227 0108 B2F5004F 		cmp	r2, #32768
 2228 010c 04DA     		bge	.L145
 249:ctrl_pend.c   ****     return (q15_t)v;
 2229              		.loc 1 249 0
 2230 010e 12F5004F 		cmn	r2, #32768
 2231 0112 04DB     		blt	.L146
 250:ctrl_pend.c   **** }
 2232              		.loc 1 250 0
 2233 0114 10B2     		sxth	r0, r2
 2234 0116 03E0     		b	.L134
 2235              	.L145:
 248:ctrl_pend.c   ****     if (v < (q31_t)0xFFFF8000) return (q15_t)0x8000;
 2236              		.loc 1 248 0
 2237 0118 47F6FF70 		movw	r0, #32767
 2238 011c 00E0     		b	.L134
 2239              	.L146:
 249:ctrl_pend.c   ****     return (q15_t)v;
 2240              		.loc 1 249 0
 2241 011e 2148     		ldr	r0, .L152+4
 2242              	.L134:
 2243              	.LVL351:
 2244              	.LBE293:
 2245              	.LBE292:
 2246              	.LBB294:
 2247              	.LBB295:
 227:ctrl_pend.c   **** }
 2248              		.loc 1 227 0
 2249 0120 FFF7FEFF 		bl	__aeabi_i2f
 2250              	.LVL352:
 2251 0124 4FF06051 		mov	r1, #939524096
 2252 0128 FFF7FEFF 		bl	__aeabi_fmul
 2253              	.LVL353:
 2254              	.LBE295:
 2255              	.LBE294:
 504:ctrl_pend.c   **** 
 2256              		.loc 1 504 0
 2257 012c 0146     		mov	r1, r0
 2258 012e 2046     		mov	r0, r4
 2259 0130 FFF7FEFF 		bl	__aeabi_fmul
 2260              	.LVL354:
 2261 0134 2860     		str	r0, [r5]	@ float
 506:ctrl_pend.c   ****     q15_t Ax1 = qsat15((q31_t)(dot >> 15));
 2262              		.loc 1 506 0
 2263 0136 02AB     		add	r3, sp, #8
 2264 0138 0222     		movs	r2, #2
 2265 013a 05A9     		add	r1, sp, #20
 2266 013c 06F1E400 		add	r0, r6, #228
 2267 0140 FFF7FEFF 		bl	arm_dot_prod_q15
 2268              	.LVL355:
 507:ctrl_pend.c   ****     z[1] = q15_to_flt(qsat15((q31_t)Ax1 + Buq[1])) * qs;
ARM GAS  C:\Users\user\AppData\Local\Temp\ccoNEg7E.s 			page 55


 2269              		.loc 1 507 0
 2270 0144 029B     		ldr	r3, [sp, #8]
 2271 0146 DB0B     		lsrs	r3, r3, #15
 2272 0148 039A     		ldr	r2, [sp, #12]
 2273 014a 43EA4243 		orr	r3, r3, r2, lsl #17
 2274              	.LVL356:
 2275              	.LBB296:
 2276              	.LBB297:
 248:ctrl_pend.c   ****     if (v < (q31_t)0xFFFF8000) return (q15_t)0x8000;
 2277              		.loc 1 248 0
 2278 014e B3F5004F 		cmp	r3, #32768
 2279 0152 04DA     		bge	.L147
 249:ctrl_pend.c   ****     return (q15_t)v;
 2280              		.loc 1 249 0
 2281 0154 13F5004F 		cmn	r3, #32768
 2282 0158 04DB     		blt	.L148
 250:ctrl_pend.c   **** }
 2283              		.loc 1 250 0
 2284 015a 1BB2     		sxth	r3, r3
 2285              	.LVL357:
 2286 015c 03E0     		b	.L135
 2287              	.LVL358:
 2288              	.L147:
 248:ctrl_pend.c   ****     if (v < (q31_t)0xFFFF8000) return (q15_t)0x8000;
 2289              		.loc 1 248 0
 2290 015e 47F6FF73 		movw	r3, #32767
 2291              	.LVL359:
 2292 0162 00E0     		b	.L135
 2293              	.LVL360:
 2294              	.L148:
 249:ctrl_pend.c   ****     return (q15_t)v;
 2295              		.loc 1 249 0
 2296 0164 0F4B     		ldr	r3, .L152+4
 2297              	.LVL361:
 2298              	.L135:
 2299              	.LBE297:
 2300              	.LBE296:
 508:ctrl_pend.c   **** }
 2301              		.loc 1 508 0
 2302 0166 BDF91200 		ldrsh	r0, [sp, #18]
 2303 016a C218     		adds	r2, r0, r3
 2304              	.LVL362:
 2305              	.LBB298:
 2306              	.LBB299:
 248:ctrl_pend.c   ****     if (v < (q31_t)0xFFFF8000) return (q15_t)0x8000;
 2307              		.loc 1 248 0
 2308 016c B2F5004F 		cmp	r2, #32768
 2309 0170 04DA     		bge	.L149
 249:ctrl_pend.c   ****     return (q15_t)v;
 2310              		.loc 1 249 0
 2311 0172 12F5004F 		cmn	r2, #32768
 2312 0176 04DB     		blt	.L150
 250:ctrl_pend.c   **** }
 2313              		.loc 1 250 0
 2314 0178 10B2     		sxth	r0, r2
 2315 017a 03E0     		b	.L136
 2316              	.L149:
ARM GAS  C:\Users\user\AppData\Local\Temp\ccoNEg7E.s 			page 56


 248:ctrl_pend.c   ****     if (v < (q31_t)0xFFFF8000) return (q15_t)0x8000;
 2317              		.loc 1 248 0
 2318 017c 47F6FF70 		movw	r0, #32767
 2319 0180 00E0     		b	.L136
 2320              	.L150:
 249:ctrl_pend.c   ****     return (q15_t)v;
 2321              		.loc 1 249 0
 2322 0182 0848     		ldr	r0, .L152+4
 2323              	.L136:
 2324              	.LVL363:
 2325              	.LBE299:
 2326              	.LBE298:
 2327              	.LBB300:
 2328              	.LBB301:
 227:ctrl_pend.c   **** }
 2329              		.loc 1 227 0
 2330 0184 FFF7FEFF 		bl	__aeabi_i2f
 2331              	.LVL364:
 2332 0188 4FF06051 		mov	r1, #939524096
 2333 018c FFF7FEFF 		bl	__aeabi_fmul
 2334              	.LVL365:
 2335              	.LBE301:
 2336              	.LBE300:
 508:ctrl_pend.c   **** }
 2337              		.loc 1 508 0
 2338 0190 0146     		mov	r1, r0
 2339 0192 2046     		mov	r0, r4
 2340 0194 FFF7FEFF 		bl	__aeabi_fmul
 2341              	.LVL366:
 2342 0198 6860     		str	r0, [r5, #4]	@ float
 509:ctrl_pend.c   **** 
 2343              		.loc 1 509 0
 2344 019a 07B0     		add	sp, sp, #28
 2345              		.cfi_def_cfa_offset 28
 2346              		@ sp needed
 2347 019c BDE8F083 		pop	{r4, r5, r6, r7, r8, r9, pc}
 2348              	.LVL367:
 2349              	.L153:
 2350              		.align	2
 2351              	.L152:
 2352 01a0 000080BF 		.word	-1082130432
 2353 01a4 0080FFFF 		.word	-32768
 2354              		.cfi_endproc
 2355              	.LFE145:
 2356              		.size	ss_predict_q15, .-ss_predict_q15
 2357              		.section	.text.ss_obs_pred_q15,"ax",%progbits
 2358              		.align	2
 2359              		.thumb
 2360              		.thumb_func
 2361              		.type	ss_obs_pred_q15, %function
 2362              	ss_obs_pred_q15:
 2363              	.LFB147:
 531:ctrl_pend.c   ****     float qs = lp->q_scale;
 2364              		.loc 1 531 0
 2365              		.cfi_startproc
 2366              		@ args = 0, pretend = 0, frame = 24
 2367              		@ frame_needed = 0, uses_anonymous_args = 0
ARM GAS  C:\Users\user\AppData\Local\Temp\ccoNEg7E.s 			page 57


 2368              	.LVL368:
 2369 0000 2DE9F041 		push	{r4, r5, r6, r7, r8, lr}
 2370              		.cfi_def_cfa_offset 24
 2371              		.cfi_offset 4, -24
 2372              		.cfi_offset 5, -20
 2373              		.cfi_offset 6, -16
 2374              		.cfi_offset 7, -12
 2375              		.cfi_offset 8, -8
 2376              		.cfi_offset 14, -4
 2377 0004 88B0     		sub	sp, sp, #32
 2378              		.cfi_def_cfa_offset 56
 2379 0006 0446     		mov	r4, r0
 2380 0008 8846     		mov	r8, r1
 2381 000a 1F46     		mov	r7, r3
 532:ctrl_pend.c   **** 
 2382              		.loc 1 532 0
 2383 000c D0F8A450 		ldr	r5, [r0, #164]	@ float
 2384              	.LVL369:
 534:ctrl_pend.c   ****     q15_t innov_q = flt_to_q15n(innov / qs);
 2385              		.loc 1 534 0
 2386 0010 00F18006 		add	r6, r0, #128
 2387 0014 3146     		mov	r1, r6
 2388              	.LVL370:
 2389 0016 FFF7FEFF 		bl	ss_yhat_q15
 2390              	.LVL371:
 2391 001a 0146     		mov	r1, r0
 2392 001c 4046     		mov	r0, r8
 2393 001e FFF7FEFF 		bl	__aeabi_fsub
 2394              	.LVL372:
 535:ctrl_pend.c   **** 
 2395              		.loc 1 535 0
 2396 0022 2946     		mov	r1, r5
 2397 0024 FFF7FEFF 		bl	__aeabi_fdiv
 2398              	.LVL373:
 2399 0028 8046     		mov	r8, r0
 2400              	.LVL374:
 2401              	.LBB302:
 2402              	.LBB303:
 221:ctrl_pend.c   ****     if (v < -1.0f)  return  (q15_t)0x8000;
 2403              		.loc 1 221 0
 2404 002a 4FF07E51 		mov	r1, #1065353216
 2405 002e FFF7FEFF 		bl	__aeabi_fcmpge
 2406              	.LVL375:
 2407 0032 70B9     		cbnz	r0, .L158
 222:ctrl_pend.c   ****     return (q15_t)(v * 32768.0f);
 2408              		.loc 1 222 0
 2409 0034 4149     		ldr	r1, .L165
 2410 0036 4046     		mov	r0, r8
 2411 0038 FFF7FEFF 		bl	__aeabi_fcmplt
 2412              	.LVL376:
 2413 003c 60B9     		cbnz	r0, .L159
 223:ctrl_pend.c   **** }
 2414              		.loc 1 223 0
 2415 003e 4FF08E41 		mov	r1, #1191182336
 2416 0042 4046     		mov	r0, r8
 2417 0044 FFF7FEFF 		bl	__aeabi_fmul
 2418              	.LVL377:
ARM GAS  C:\Users\user\AppData\Local\Temp\ccoNEg7E.s 			page 58


 2419 0048 FFF7FEFF 		bl	__aeabi_f2iz
 2420              	.LVL378:
 2421 004c 0FFA80F8 		sxth	r8, r0
 2422              	.LVL379:
 2423 0050 04E0     		b	.L155
 2424              	.LVL380:
 2425              	.L158:
 221:ctrl_pend.c   ****     if (v < -1.0f)  return  (q15_t)0x8000;
 2426              		.loc 1 221 0
 2427 0052 47F6FF78 		movw	r8, #32767
 2428              	.LVL381:
 2429 0056 01E0     		b	.L155
 2430              	.LVL382:
 2431              	.L159:
 222:ctrl_pend.c   ****     return (q15_t)(v * 32768.0f);
 2432              		.loc 1 222 0
 2433 0058 DFF8E480 		ldr	r8, .L165+4
 2434              	.LVL383:
 2435              	.L155:
 2436              	.LBE303:
 2437              	.LBE302:
 538:ctrl_pend.c   **** 
 2438              		.loc 1 538 0
 2439 005c 06AB     		add	r3, sp, #24
 2440 005e 3A46     		mov	r2, r7
 2441 0060 3146     		mov	r1, r6
 2442 0062 2046     		mov	r0, r4
 2443 0064 FFF7FEFF 		bl	ss_predict_q15
 2444              	.LVL384:
 541:ctrl_pend.c   **** 
 2445              		.loc 1 541 0
 2446 0068 0223     		movs	r3, #2
 2447 006a 0093     		str	r3, [sp]
 2448 006c 05AB     		add	r3, sp, #20
 2449 006e 0022     		movs	r2, #0
 2450 0070 4146     		mov	r1, r8
 2451 0072 04F1F400 		add	r0, r4, #244
 2452 0076 FFF7FEFF 		bl	arm_scale_q15
 2453              	.LVL385:
 544:ctrl_pend.c   ****     zq[1] = flt_to_q15n(z[1] / qs);
 2454              		.loc 1 544 0
 2455 007a 2946     		mov	r1, r5
 2456 007c 0698     		ldr	r0, [sp, #24]	@ float
 2457 007e FFF7FEFF 		bl	__aeabi_fdiv
 2458              	.LVL386:
 2459 0082 0646     		mov	r6, r0
 2460              	.LVL387:
 2461              	.LBB304:
 2462              	.LBB305:
 221:ctrl_pend.c   ****     if (v < -1.0f)  return  (q15_t)0x8000;
 2463              		.loc 1 221 0
 2464 0084 4FF07E51 		mov	r1, #1065353216
 2465 0088 FFF7FEFF 		bl	__aeabi_fcmpge
 2466              	.LVL388:
 2467 008c 68B9     		cbnz	r0, .L160
 222:ctrl_pend.c   ****     return (q15_t)(v * 32768.0f);
 2468              		.loc 1 222 0
ARM GAS  C:\Users\user\AppData\Local\Temp\ccoNEg7E.s 			page 59


 2469 008e 2B49     		ldr	r1, .L165
 2470 0090 3046     		mov	r0, r6
 2471 0092 FFF7FEFF 		bl	__aeabi_fcmplt
 2472              	.LVL389:
 2473 0096 58B9     		cbnz	r0, .L161
 223:ctrl_pend.c   **** }
 2474              		.loc 1 223 0
 2475 0098 4FF08E41 		mov	r1, #1191182336
 2476 009c 3046     		mov	r0, r6
 2477 009e FFF7FEFF 		bl	__aeabi_fmul
 2478              	.LVL390:
 2479 00a2 FFF7FEFF 		bl	__aeabi_f2iz
 2480              	.LVL391:
 2481 00a6 00B2     		sxth	r0, r0
 2482 00a8 03E0     		b	.L156
 2483              	.L160:
 221:ctrl_pend.c   ****     if (v < -1.0f)  return  (q15_t)0x8000;
 2484              		.loc 1 221 0
 2485 00aa 47F6FF70 		movw	r0, #32767
 2486 00ae 00E0     		b	.L156
 2487              	.L161:
 222:ctrl_pend.c   ****     return (q15_t)(v * 32768.0f);
 2488              		.loc 1 222 0
 2489 00b0 2348     		ldr	r0, .L165+4
 2490              	.L156:
 2491              	.LVL392:
 2492              	.LBE305:
 2493              	.LBE304:
 544:ctrl_pend.c   ****     zq[1] = flt_to_q15n(z[1] / qs);
 2494              		.loc 1 544 0
 2495 00b2 ADF81000 		strh	r0, [sp, #16]	@ movhi
 545:ctrl_pend.c   ****     q15_t xhat_q[2];
 2496              		.loc 1 545 0
 2497 00b6 2946     		mov	r1, r5
 2498 00b8 0798     		ldr	r0, [sp, #28]	@ float
 2499 00ba FFF7FEFF 		bl	__aeabi_fdiv
 2500              	.LVL393:
 2501 00be 0646     		mov	r6, r0
 2502              	.LVL394:
 2503              	.LBB306:
 2504              	.LBB307:
 221:ctrl_pend.c   ****     if (v < -1.0f)  return  (q15_t)0x8000;
 2505              		.loc 1 221 0
 2506 00c0 4FF07E51 		mov	r1, #1065353216
 2507 00c4 FFF7FEFF 		bl	__aeabi_fcmpge
 2508              	.LVL395:
 2509 00c8 68B9     		cbnz	r0, .L162
 222:ctrl_pend.c   ****     return (q15_t)(v * 32768.0f);
 2510              		.loc 1 222 0
 2511 00ca 1C49     		ldr	r1, .L165
 2512 00cc 3046     		mov	r0, r6
 2513 00ce FFF7FEFF 		bl	__aeabi_fcmplt
 2514              	.LVL396:
 2515 00d2 58B9     		cbnz	r0, .L163
 223:ctrl_pend.c   **** }
 2516              		.loc 1 223 0
 2517 00d4 4FF08E41 		mov	r1, #1191182336
ARM GAS  C:\Users\user\AppData\Local\Temp\ccoNEg7E.s 			page 60


 2518 00d8 3046     		mov	r0, r6
 2519 00da FFF7FEFF 		bl	__aeabi_fmul
 2520              	.LVL397:
 2521 00de FFF7FEFF 		bl	__aeabi_f2iz
 2522              	.LVL398:
 2523 00e2 00B2     		sxth	r0, r0
 2524 00e4 03E0     		b	.L157
 2525              	.L162:
 221:ctrl_pend.c   ****     if (v < -1.0f)  return  (q15_t)0x8000;
 2526              		.loc 1 221 0
 2527 00e6 47F6FF70 		movw	r0, #32767
 2528 00ea 00E0     		b	.L157
 2529              	.L163:
 222:ctrl_pend.c   ****     return (q15_t)(v * 32768.0f);
 2530              		.loc 1 222 0
 2531 00ec 1448     		ldr	r0, .L165+4
 2532              	.L157:
 2533              	.LVL399:
 2534              	.LBE307:
 2535              	.LBE306:
 545:ctrl_pend.c   ****     q15_t xhat_q[2];
 2536              		.loc 1 545 0
 2537 00ee ADF81200 		strh	r0, [sp, #18]	@ movhi
 547:ctrl_pend.c   **** 
 2538              		.loc 1 547 0
 2539 00f2 0223     		movs	r3, #2
 2540 00f4 03AA     		add	r2, sp, #12
 2541 00f6 05A9     		add	r1, sp, #20
 2542 00f8 04A8     		add	r0, sp, #16
 2543 00fa FFF7FEFF 		bl	arm_add_q15
 2544              	.LVL400:
 2545              	.LBB308:
 2546              	.LBB309:
 227:ctrl_pend.c   **** }
 2547              		.loc 1 227 0
 2548 00fe BDF90C00 		ldrsh	r0, [sp, #12]
 2549 0102 FFF7FEFF 		bl	__aeabi_i2f
 2550              	.LVL401:
 2551 0106 4FF06051 		mov	r1, #939524096
 2552 010a FFF7FEFF 		bl	__aeabi_fmul
 2553              	.LVL402:
 2554              	.LBE309:
 2555              	.LBE308:
 549:ctrl_pend.c   ****     lp->xhat[1] = q15_to_flt(xhat_q[1]) * qs;
 2556              		.loc 1 549 0
 2557 010e 0146     		mov	r1, r0
 2558 0110 2846     		mov	r0, r5
 2559 0112 FFF7FEFF 		bl	__aeabi_fmul
 2560              	.LVL403:
 2561 0116 C4F88000 		str	r0, [r4, #128]	@ float
 2562              	.LVL404:
 2563              	.LBB310:
 2564              	.LBB311:
 227:ctrl_pend.c   **** }
 2565              		.loc 1 227 0
 2566 011a BDF90E00 		ldrsh	r0, [sp, #14]
 2567 011e FFF7FEFF 		bl	__aeabi_i2f
ARM GAS  C:\Users\user\AppData\Local\Temp\ccoNEg7E.s 			page 61


 2568              	.LVL405:
 2569 0122 4FF06051 		mov	r1, #939524096
 2570 0126 FFF7FEFF 		bl	__aeabi_fmul
 2571              	.LVL406:
 2572              	.LBE311:
 2573              	.LBE310:
 550:ctrl_pend.c   **** }
 2574              		.loc 1 550 0
 2575 012a 0146     		mov	r1, r0
 2576 012c 2846     		mov	r0, r5
 2577 012e FFF7FEFF 		bl	__aeabi_fmul
 2578              	.LVL407:
 2579 0132 C4F88400 		str	r0, [r4, #132]	@ float
 551:ctrl_pend.c   **** 
 2580              		.loc 1 551 0
 2581 0136 08B0     		add	sp, sp, #32
 2582              		.cfi_def_cfa_offset 24
 2583              		@ sp needed
 2584 0138 BDE8F081 		pop	{r4, r5, r6, r7, r8, pc}
 2585              	.LVL408:
 2586              	.L166:
 2587              		.align	2
 2588              	.L165:
 2589 013c 000080BF 		.word	-1082130432
 2590 0140 0080FFFF 		.word	-32768
 2591              		.cfi_endproc
 2592              	.LFE147:
 2593              		.size	ss_obs_pred_q15, .-ss_obs_pred_q15
 2594              		.section	.text.ss_obs_act_predict_q15,"ax",%progbits
 2595              		.align	2
 2596              		.thumb
 2597              		.thumb_func
 2598              		.type	ss_obs_act_predict_q15, %function
 2599              	ss_obs_act_predict_q15:
 2600              	.LFB149:
 572:ctrl_pend.c   **** 
 573:ctrl_pend.c   **** static void ss_obs_act_predict_q15(CtrlLoop *lp, float u_k)
 574:ctrl_pend.c   **** {
 2601              		.loc 1 574 0
 2602              		.cfi_startproc
 2603              		@ args = 0, pretend = 0, frame = 0
 2604              		@ frame_needed = 0, uses_anonymous_args = 0
 2605              	.LVL409:
 2606 0000 10B5     		push	{r4, lr}
 2607              		.cfi_def_cfa_offset 8
 2608              		.cfi_offset 4, -8
 2609              		.cfi_offset 14, -4
 575:ctrl_pend.c   ****     ss_predict_q15(lp, lp->xhat, u_k, lp->zhat);
 2610              		.loc 1 575 0
 2611 0002 00F18803 		add	r3, r0, #136
 2612 0006 0A46     		mov	r2, r1
 2613 0008 00F18001 		add	r1, r0, #128
 2614              	.LVL410:
 2615 000c FFF7FEFF 		bl	ss_predict_q15
 2616              	.LVL411:
 2617 0010 10BD     		pop	{r4, pc}
 2618              		.cfi_endproc
ARM GAS  C:\Users\user\AppData\Local\Temp\ccoNEg7E.s 			page 62


 2619              	.LFE149:
 2620              		.size	ss_obs_act_predict_q15, .-ss_obs_act_predict_q15
 2621 0012 00BF     		.section	.text.ss_u_cmd_q15,"ax",%progbits
 2622              		.align	2
 2623              		.thumb
 2624              		.thumb_func
 2625              		.type	ss_u_cmd_q15, %function
 2626              	ss_u_cmd_q15:
 2627              	.LFB146:
 512:ctrl_pend.c   ****     float qs = lp->q_scale;
 2628              		.loc 1 512 0
 2629              		.cfi_startproc
 2630              		@ args = 0, pretend = 0, frame = 16
 2631              		@ frame_needed = 0, uses_anonymous_args = 0
 2632              	.LVL412:
 2633 0000 70B5     		push	{r4, r5, r6, lr}
 2634              		.cfi_def_cfa_offset 16
 2635              		.cfi_offset 4, -16
 2636              		.cfi_offset 5, -12
 2637              		.cfi_offset 6, -8
 2638              		.cfi_offset 14, -4
 2639 0002 84B0     		sub	sp, sp, #16
 2640              		.cfi_def_cfa_offset 32
 2641 0004 0546     		mov	r5, r0
 513:ctrl_pend.c   ****     q15_t xhat_q[2];
 2642              		.loc 1 513 0
 2643 0006 D0F8A460 		ldr	r6, [r0, #164]	@ float
 2644              	.LVL413:
 517:ctrl_pend.c   ****     xhat_q[1] = flt_to_q15n(lp->xhat[1] / qs);
 2645              		.loc 1 517 0
 2646 000a 3146     		mov	r1, r6
 2647 000c D0F88000 		ldr	r0, [r0, #128]	@ float
 2648              	.LVL414:
 2649 0010 FFF7FEFF 		bl	__aeabi_fdiv
 2650              	.LVL415:
 2651 0014 0446     		mov	r4, r0
 2652              	.LVL416:
 2653              	.LBB312:
 2654              	.LBB313:
 221:ctrl_pend.c   ****     if (v < -1.0f)  return  (q15_t)0x8000;
 2655              		.loc 1 221 0
 2656 0016 4FF07E51 		mov	r1, #1065353216
 2657 001a FFF7FEFF 		bl	__aeabi_fcmpge
 2658              	.LVL417:
 2659 001e 68B9     		cbnz	r0, .L177
 222:ctrl_pend.c   ****     return (q15_t)(v * 32768.0f);
 2660              		.loc 1 222 0
 2661 0020 4649     		ldr	r1, .L188
 2662 0022 2046     		mov	r0, r4
 2663 0024 FFF7FEFF 		bl	__aeabi_fcmplt
 2664              	.LVL418:
 2665 0028 58B9     		cbnz	r0, .L178
 223:ctrl_pend.c   **** }
 2666              		.loc 1 223 0
 2667 002a 4FF08E41 		mov	r1, #1191182336
 2668 002e 2046     		mov	r0, r4
 2669 0030 FFF7FEFF 		bl	__aeabi_fmul
ARM GAS  C:\Users\user\AppData\Local\Temp\ccoNEg7E.s 			page 63


 2670              	.LVL419:
 2671 0034 FFF7FEFF 		bl	__aeabi_f2iz
 2672              	.LVL420:
 2673 0038 00B2     		sxth	r0, r0
 2674 003a 03E0     		b	.L170
 2675              	.L177:
 221:ctrl_pend.c   ****     if (v < -1.0f)  return  (q15_t)0x8000;
 2676              		.loc 1 221 0
 2677 003c 47F6FF70 		movw	r0, #32767
 2678 0040 00E0     		b	.L170
 2679              	.L178:
 222:ctrl_pend.c   ****     return (q15_t)(v * 32768.0f);
 2680              		.loc 1 222 0
 2681 0042 3F48     		ldr	r0, .L188+4
 2682              	.L170:
 2683              	.LVL421:
 2684              	.LBE313:
 2685              	.LBE312:
 517:ctrl_pend.c   ****     xhat_q[1] = flt_to_q15n(lp->xhat[1] / qs);
 2686              		.loc 1 517 0
 2687 0044 ADF80C00 		strh	r0, [sp, #12]	@ movhi
 518:ctrl_pend.c   **** 
 2688              		.loc 1 518 0
 2689 0048 3146     		mov	r1, r6
 2690 004a D5F88400 		ldr	r0, [r5, #132]	@ float
 2691 004e FFF7FEFF 		bl	__aeabi_fdiv
 2692              	.LVL422:
 2693 0052 0446     		mov	r4, r0
 2694              	.LVL423:
 2695              	.LBB314:
 2696              	.LBB315:
 221:ctrl_pend.c   ****     if (v < -1.0f)  return  (q15_t)0x8000;
 2697              		.loc 1 221 0
 2698 0054 4FF07E51 		mov	r1, #1065353216
 2699 0058 FFF7FEFF 		bl	__aeabi_fcmpge
 2700              	.LVL424:
 2701 005c 68B9     		cbnz	r0, .L179
 222:ctrl_pend.c   ****     return (q15_t)(v * 32768.0f);
 2702              		.loc 1 222 0
 2703 005e 3749     		ldr	r1, .L188
 2704 0060 2046     		mov	r0, r4
 2705 0062 FFF7FEFF 		bl	__aeabi_fcmplt
 2706              	.LVL425:
 2707 0066 58B9     		cbnz	r0, .L180
 223:ctrl_pend.c   **** }
 2708              		.loc 1 223 0
 2709 0068 4FF08E41 		mov	r1, #1191182336
 2710 006c 2046     		mov	r0, r4
 2711 006e FFF7FEFF 		bl	__aeabi_fmul
 2712              	.LVL426:
 2713 0072 FFF7FEFF 		bl	__aeabi_f2iz
 2714              	.LVL427:
 2715 0076 00B2     		sxth	r0, r0
 2716 0078 03E0     		b	.L171
 2717              	.L179:
 221:ctrl_pend.c   ****     if (v < -1.0f)  return  (q15_t)0x8000;
 2718              		.loc 1 221 0
ARM GAS  C:\Users\user\AppData\Local\Temp\ccoNEg7E.s 			page 64


 2719 007a 47F6FF70 		movw	r0, #32767
 2720 007e 00E0     		b	.L171
 2721              	.L180:
 222:ctrl_pend.c   ****     return (q15_t)(v * 32768.0f);
 2722              		.loc 1 222 0
 2723 0080 2F48     		ldr	r0, .L188+4
 2724              	.L171:
 2725              	.LVL428:
 2726              	.LBE315:
 2727              	.LBE314:
 518:ctrl_pend.c   **** 
 2728              		.loc 1 518 0
 2729 0082 ADF80E00 		strh	r0, [sp, #14]	@ movhi
 520:ctrl_pend.c   ****     q15_t kx = qsat15((q31_t)(dot >> 15));
 2730              		.loc 1 520 0
 2731 0086 6B46     		mov	r3, sp
 2732 0088 0222     		movs	r2, #2
 2733 008a 03A9     		add	r1, sp, #12
 2734 008c 05F1F000 		add	r0, r5, #240
 2735 0090 FFF7FEFF 		bl	arm_dot_prod_q15
 2736              	.LVL429:
 521:ctrl_pend.c   **** 
 2737              		.loc 1 521 0
 2738 0094 009B     		ldr	r3, [sp]
 2739 0096 DB0B     		lsrs	r3, r3, #15
 2740 0098 019A     		ldr	r2, [sp, #4]
 2741 009a 43EA4243 		orr	r3, r3, r2, lsl #17
 2742              	.LVL430:
 2743              	.LBB316:
 2744              	.LBB317:
 248:ctrl_pend.c   ****     if (v < (q31_t)0xFFFF8000) return (q15_t)0x8000;
 2745              		.loc 1 248 0
 2746 009e B3F5004F 		cmp	r3, #32768
 2747 00a2 04DA     		bge	.L181
 249:ctrl_pend.c   ****     return (q15_t)v;
 2748              		.loc 1 249 0
 2749 00a4 13F5004F 		cmn	r3, #32768
 2750 00a8 04DB     		blt	.L182
 250:ctrl_pend.c   **** }
 2751              		.loc 1 250 0
 2752 00aa 1CB2     		sxth	r4, r3
 2753 00ac 03E0     		b	.L172
 2754              	.L181:
 248:ctrl_pend.c   ****     if (v < (q31_t)0xFFFF8000) return (q15_t)0x8000;
 2755              		.loc 1 248 0
 2756 00ae 47F6FF74 		movw	r4, #32767
 2757 00b2 00E0     		b	.L172
 2758              	.L182:
 249:ctrl_pend.c   ****     return (q15_t)v;
 2759              		.loc 1 249 0
 2760 00b4 224C     		ldr	r4, .L188+4
 2761              	.L172:
 2762              	.LVL431:
 2763              	.LBE317:
 2764              	.LBE316:
 523:ctrl_pend.c   ****                                          : (lp->Kx * lp->ref);
 2765              		.loc 1 523 0
ARM GAS  C:\Users\user\AppData\Local\Temp\ccoNEg7E.s 			page 65


 2766 00b6 2878     		ldrb	r0, [r5]	@ zero_extendqisi2
 2767 00b8 FFF7FEFF 		bl	mode_has_i
 2768              	.LVL432:
 524:ctrl_pend.c   ****     q15_t extra_q = flt_to_q15n(extra_f / qs);
 2769              		.loc 1 524 0
 2770 00bc 28B1     		cbz	r0, .L173
 524:ctrl_pend.c   ****     q15_t extra_q = flt_to_q15n(extra_f / qs);
 2771              		.loc 1 524 0 is_stmt 0 discriminator 1
 2772 00be D5F89010 		ldr	r1, [r5, #144]	@ float
 2773 00c2 E86F     		ldr	r0, [r5, #124]	@ float
 2774 00c4 FFF7FEFF 		bl	__aeabi_fmul
 2775              	.LVL433:
 2776 00c8 04E0     		b	.L174
 2777              	.L173:
 524:ctrl_pend.c   ****     q15_t extra_q = flt_to_q15n(extra_f / qs);
 2778              		.loc 1 524 0 discriminator 2
 2779 00ca D5F89410 		ldr	r1, [r5, #148]	@ float
 2780 00ce E86F     		ldr	r0, [r5, #124]	@ float
 2781 00d0 FFF7FEFF 		bl	__aeabi_fmul
 2782              	.LVL434:
 2783              	.L174:
 525:ctrl_pend.c   **** 
 2784              		.loc 1 525 0 is_stmt 1
 2785 00d4 3146     		mov	r1, r6
 2786 00d6 FFF7FEFF 		bl	__aeabi_fdiv
 2787              	.LVL435:
 2788 00da 0546     		mov	r5, r0
 2789              	.LVL436:
 2790              	.LBB318:
 2791              	.LBB319:
 221:ctrl_pend.c   ****     if (v < -1.0f)  return  (q15_t)0x8000;
 2792              		.loc 1 221 0
 2793 00dc 4FF07E51 		mov	r1, #1065353216
 2794 00e0 FFF7FEFF 		bl	__aeabi_fcmpge
 2795              	.LVL437:
 2796 00e4 68B9     		cbnz	r0, .L183
 222:ctrl_pend.c   ****     return (q15_t)(v * 32768.0f);
 2797              		.loc 1 222 0
 2798 00e6 1549     		ldr	r1, .L188
 2799 00e8 2846     		mov	r0, r5
 2800 00ea FFF7FEFF 		bl	__aeabi_fcmplt
 2801              	.LVL438:
 2802 00ee 58B9     		cbnz	r0, .L184
 223:ctrl_pend.c   **** }
 2803              		.loc 1 223 0
 2804 00f0 4FF08E41 		mov	r1, #1191182336
 2805 00f4 2846     		mov	r0, r5
 2806 00f6 FFF7FEFF 		bl	__aeabi_fmul
 2807              	.LVL439:
 2808 00fa FFF7FEFF 		bl	__aeabi_f2iz
 2809              	.LVL440:
 2810 00fe 00B2     		sxth	r0, r0
 2811 0100 03E0     		b	.L175
 2812              	.L183:
 221:ctrl_pend.c   ****     if (v < -1.0f)  return  (q15_t)0x8000;
 2813              		.loc 1 221 0
 2814 0102 47F6FF70 		movw	r0, #32767
ARM GAS  C:\Users\user\AppData\Local\Temp\ccoNEg7E.s 			page 66


 2815 0106 00E0     		b	.L175
 2816              	.L184:
 222:ctrl_pend.c   ****     return (q15_t)(v * 32768.0f);
 2817              		.loc 1 222 0
 2818 0108 0D48     		ldr	r0, .L188+4
 2819              	.L175:
 2820              	.LVL441:
 2821              	.LBE319:
 2822              	.LBE318:
 527:ctrl_pend.c   **** }
 2823              		.loc 1 527 0
 2824 010a 031B     		subs	r3, r0, r4
 2825              	.LVL442:
 2826              	.LBB320:
 2827              	.LBB321:
 248:ctrl_pend.c   ****     if (v < (q31_t)0xFFFF8000) return (q15_t)0x8000;
 2828              		.loc 1 248 0
 2829 010c B3F5004F 		cmp	r3, #32768
 2830 0110 04DA     		bge	.L185
 249:ctrl_pend.c   ****     return (q15_t)v;
 2831              		.loc 1 249 0
 2832 0112 13F5004F 		cmn	r3, #32768
 2833 0116 04DB     		blt	.L186
 250:ctrl_pend.c   **** }
 2834              		.loc 1 250 0
 2835 0118 18B2     		sxth	r0, r3
 2836 011a 03E0     		b	.L176
 2837              	.L185:
 248:ctrl_pend.c   ****     if (v < (q31_t)0xFFFF8000) return (q15_t)0x8000;
 2838              		.loc 1 248 0
 2839 011c 47F6FF70 		movw	r0, #32767
 2840 0120 00E0     		b	.L176
 2841              	.L186:
 249:ctrl_pend.c   ****     return (q15_t)v;
 2842              		.loc 1 249 0
 2843 0122 0748     		ldr	r0, .L188+4
 2844              	.L176:
 2845              	.LVL443:
 2846              	.LBE321:
 2847              	.LBE320:
 2848              	.LBB322:
 2849              	.LBB323:
 227:ctrl_pend.c   **** }
 2850              		.loc 1 227 0
 2851 0124 FFF7FEFF 		bl	__aeabi_i2f
 2852              	.LVL444:
 2853 0128 4FF06051 		mov	r1, #939524096
 2854 012c FFF7FEFF 		bl	__aeabi_fmul
 2855              	.LVL445:
 2856              	.LBE323:
 2857              	.LBE322:
 527:ctrl_pend.c   **** }
 2858              		.loc 1 527 0
 2859 0130 0146     		mov	r1, r0
 2860 0132 3046     		mov	r0, r6
 2861 0134 FFF7FEFF 		bl	__aeabi_fmul
 2862              	.LVL446:
ARM GAS  C:\Users\user\AppData\Local\Temp\ccoNEg7E.s 			page 67


 528:ctrl_pend.c   **** 
 2863              		.loc 1 528 0
 2864 0138 04B0     		add	sp, sp, #16
 2865              		.cfi_def_cfa_offset 16
 2866              		@ sp needed
 2867 013a 70BD     		pop	{r4, r5, r6, pc}
 2868              	.LVL447:
 2869              	.L189:
 2870              		.align	2
 2871              	.L188:
 2872 013c 000080BF 		.word	-1082130432
 2873 0140 0080FFFF 		.word	-32768
 2874              		.cfi_endproc
 2875              	.LFE146:
 2876              		.size	ss_u_cmd_q15, .-ss_u_cmd_q15
 2877              		.section	.text.ss_yhat_q7,"ax",%progbits
 2878              		.align	2
 2879              		.thumb
 2880              		.thumb_func
 2881              		.type	ss_yhat_q7, %function
 2882              	ss_yhat_q7:
 2883              	.LFB150:
 576:ctrl_pend.c   **** }
 577:ctrl_pend.c   **** 
 578:ctrl_pend.c   **** /* ============================================================
 579:ctrl_pend.c   ****    SS helpers — Q7
 580:ctrl_pend.c   ****    arm_dot_prod_q7: resultado q31_t en 18.14 → >>7 para Q7
 581:ctrl_pend.c   ****    arm_scale_q7(..., shift=0): (src × scaleFract) >> 7 → Q7
 582:ctrl_pend.c   ****    arm_add_q7: suma saturada Q7
 583:ctrl_pend.c   ****    ============================================================ */
 584:ctrl_pend.c   **** 
 585:ctrl_pend.c   **** static float ss_yhat_q7(CtrlLoop *lp, const float x[2], float u)
 586:ctrl_pend.c   **** {
 2884              		.loc 1 586 0
 2885              		.cfi_startproc
 2886              		@ args = 0, pretend = 0, frame = 8
 2887              		@ frame_needed = 0, uses_anonymous_args = 0
 2888              	.LVL448:
 2889 0000 2DE9F041 		push	{r4, r5, r6, r7, r8, lr}
 2890              		.cfi_def_cfa_offset 24
 2891              		.cfi_offset 4, -24
 2892              		.cfi_offset 5, -20
 2893              		.cfi_offset 6, -16
 2894              		.cfi_offset 7, -12
 2895              		.cfi_offset 8, -8
 2896              		.cfi_offset 14, -4
 2897 0004 82B0     		sub	sp, sp, #8
 2898              		.cfi_def_cfa_offset 32
 2899 0006 0646     		mov	r6, r0
 2900 0008 0C46     		mov	r4, r1
 2901 000a 1746     		mov	r7, r2
 587:ctrl_pend.c   ****     float qs = lp->q_scale;
 2902              		.loc 1 587 0
 2903 000c D0F8A450 		ldr	r5, [r0, #164]	@ float
 2904              	.LVL449:
 588:ctrl_pend.c   ****     q7_t xq[2];
 589:ctrl_pend.c   ****     q31_t dot7;
ARM GAS  C:\Users\user\AppData\Local\Temp\ccoNEg7E.s 			page 68


 590:ctrl_pend.c   **** 
 591:ctrl_pend.c   ****     xq[0] = flt_to_q7n(x[0] / qs);
 2905              		.loc 1 591 0
 2906 0010 2946     		mov	r1, r5
 2907              	.LVL450:
 2908 0012 2068     		ldr	r0, [r4]	@ float
 2909              	.LVL451:
 2910 0014 FFF7FEFF 		bl	__aeabi_fdiv
 2911              	.LVL452:
 2912 0018 8046     		mov	r8, r0
 2913              	.LVL453:
 2914              	.LBB324:
 2915              	.LBB325:
 232:ctrl_pend.c   ****     if (v < -1.0f)  return  (q7_t)0x80;
 2916              		.loc 1 232 0
 2917 001a 4FF07E51 		mov	r1, #1065353216
 2918 001e FFF7FEFF 		bl	__aeabi_fcmpge
 2919              	.LVL454:
 2920 0022 68B9     		cbnz	r0, .L197
 233:ctrl_pend.c   ****     return (q7_t)(v * 128.0f);
 2921              		.loc 1 233 0
 2922 0024 4649     		ldr	r1, .L210
 2923 0026 4046     		mov	r0, r8
 2924 0028 FFF7FEFF 		bl	__aeabi_fcmplt
 2925              	.LVL455:
 2926 002c 50B9     		cbnz	r0, .L198
 234:ctrl_pend.c   **** }
 2927              		.loc 1 234 0
 2928 002e 4FF08641 		mov	r1, #1124073472
 2929 0032 4046     		mov	r0, r8
 2930 0034 FFF7FEFF 		bl	__aeabi_fmul
 2931              	.LVL456:
 2932 0038 FFF7FEFF 		bl	__aeabi_f2iz
 2933              	.LVL457:
 2934 003c 40B2     		sxtb	r0, r0
 2935 003e 03E0     		b	.L191
 2936              	.L197:
 232:ctrl_pend.c   ****     if (v < -1.0f)  return  (q7_t)0x80;
 2937              		.loc 1 232 0
 2938 0040 7F20     		movs	r0, #127
 2939 0042 01E0     		b	.L191
 2940              	.L198:
 233:ctrl_pend.c   ****     return (q7_t)(v * 128.0f);
 2941              		.loc 1 233 0
 2942 0044 6FF07F00 		mvn	r0, #127
 2943              	.L191:
 2944              	.LVL458:
 2945              	.LBE325:
 2946              	.LBE324:
 2947              		.loc 1 591 0
 2948 0048 8DF80400 		strb	r0, [sp, #4]
 592:ctrl_pend.c   ****     xq[1] = flt_to_q7n(x[1] / qs);
 2949              		.loc 1 592 0
 2950 004c 2946     		mov	r1, r5
 2951 004e 6068     		ldr	r0, [r4, #4]	@ float
 2952 0050 FFF7FEFF 		bl	__aeabi_fdiv
 2953              	.LVL459:
ARM GAS  C:\Users\user\AppData\Local\Temp\ccoNEg7E.s 			page 69


 2954 0054 0446     		mov	r4, r0
 2955              	.LVL460:
 2956              	.LBB326:
 2957              	.LBB327:
 232:ctrl_pend.c   ****     if (v < -1.0f)  return  (q7_t)0x80;
 2958              		.loc 1 232 0
 2959 0056 4FF07E51 		mov	r1, #1065353216
 2960 005a FFF7FEFF 		bl	__aeabi_fcmpge
 2961              	.LVL461:
 2962 005e 68B9     		cbnz	r0, .L199
 233:ctrl_pend.c   ****     return (q7_t)(v * 128.0f);
 2963              		.loc 1 233 0
 2964 0060 3749     		ldr	r1, .L210
 2965 0062 2046     		mov	r0, r4
 2966 0064 FFF7FEFF 		bl	__aeabi_fcmplt
 2967              	.LVL462:
 2968 0068 50B9     		cbnz	r0, .L200
 234:ctrl_pend.c   **** }
 2969              		.loc 1 234 0
 2970 006a 4FF08641 		mov	r1, #1124073472
 2971 006e 2046     		mov	r0, r4
 2972 0070 FFF7FEFF 		bl	__aeabi_fmul
 2973              	.LVL463:
 2974 0074 FFF7FEFF 		bl	__aeabi_f2iz
 2975              	.LVL464:
 2976 0078 40B2     		sxtb	r0, r0
 2977 007a 03E0     		b	.L192
 2978              	.L199:
 232:ctrl_pend.c   ****     if (v < -1.0f)  return  (q7_t)0x80;
 2979              		.loc 1 232 0
 2980 007c 7F20     		movs	r0, #127
 2981 007e 01E0     		b	.L192
 2982              	.L200:
 233:ctrl_pend.c   ****     return (q7_t)(v * 128.0f);
 2983              		.loc 1 233 0
 2984 0080 6FF07F00 		mvn	r0, #127
 2985              	.L192:
 2986              	.LVL465:
 2987              	.LBE327:
 2988              	.LBE326:
 2989              		.loc 1 592 0
 2990 0084 8DF80500 		strb	r0, [sp, #5]
 593:ctrl_pend.c   ****     q7_t uq = flt_to_q7n(u / qs);
 2991              		.loc 1 593 0
 2992 0088 2946     		mov	r1, r5
 2993 008a 3846     		mov	r0, r7
 2994 008c FFF7FEFF 		bl	__aeabi_fdiv
 2995              	.LVL466:
 2996 0090 0446     		mov	r4, r0
 2997              	.LVL467:
 2998              	.LBB328:
 2999              	.LBB329:
 232:ctrl_pend.c   ****     if (v < -1.0f)  return  (q7_t)0x80;
 3000              		.loc 1 232 0
 3001 0092 4FF07E51 		mov	r1, #1065353216
 3002 0096 FFF7FEFF 		bl	__aeabi_fcmpge
 3003              	.LVL468:
ARM GAS  C:\Users\user\AppData\Local\Temp\ccoNEg7E.s 			page 70


 3004 009a 68B9     		cbnz	r0, .L201
 233:ctrl_pend.c   ****     return (q7_t)(v * 128.0f);
 3005              		.loc 1 233 0
 3006 009c 2849     		ldr	r1, .L210
 3007 009e 2046     		mov	r0, r4
 3008 00a0 FFF7FEFF 		bl	__aeabi_fcmplt
 3009              	.LVL469:
 3010 00a4 50B9     		cbnz	r0, .L202
 234:ctrl_pend.c   **** }
 3011              		.loc 1 234 0
 3012 00a6 4FF08641 		mov	r1, #1124073472
 3013 00aa 2046     		mov	r0, r4
 3014 00ac FFF7FEFF 		bl	__aeabi_fmul
 3015              	.LVL470:
 3016 00b0 FFF7FEFF 		bl	__aeabi_f2iz
 3017              	.LVL471:
 3018 00b4 44B2     		sxtb	r4, r0
 3019              	.LVL472:
 3020 00b6 03E0     		b	.L193
 3021              	.LVL473:
 3022              	.L201:
 232:ctrl_pend.c   ****     if (v < -1.0f)  return  (q7_t)0x80;
 3023              		.loc 1 232 0
 3024 00b8 7F24     		movs	r4, #127
 3025              	.LVL474:
 3026 00ba 01E0     		b	.L193
 3027              	.LVL475:
 3028              	.L202:
 233:ctrl_pend.c   ****     return (q7_t)(v * 128.0f);
 3029              		.loc 1 233 0
 3030 00bc 6FF07F04 		mvn	r4, #127
 3031              	.LVL476:
 3032              	.L193:
 3033              	.LBE329:
 3034              	.LBE328:
 594:ctrl_pend.c   **** 
 595:ctrl_pend.c   ****     /* C·x: dot product 18.14 → >>7 → Q7 */
 596:ctrl_pend.c   ****     arm_dot_prod_q7(lp->qC7, xq, 2u, &dot7);
 3035              		.loc 1 596 0
 3036 00c0 6B46     		mov	r3, sp
 3037 00c2 0222     		movs	r2, #2
 3038 00c4 01A9     		add	r1, sp, #4
 3039 00c6 06F58170 		add	r0, r6, #258
 3040 00ca FFF7FEFF 		bl	arm_dot_prod_q7
 3041              	.LVL477:
 597:ctrl_pend.c   ****     q7_t Cx = qsat7((q15_t)(dot7 >> 7));
 3042              		.loc 1 597 0
 3043 00ce 0098     		ldr	r0, [sp]
 3044 00d0 C011     		asrs	r0, r0, #7
 3045 00d2 03B2     		sxth	r3, r0
 3046              	.LVL478:
 3047              	.LBB330:
 3048              	.LBB331:
 253:ctrl_pend.c   ****     if (v < (q15_t)0xFF80) return (q7_t)0x80;
 3049              		.loc 1 253 0
 3050 00d4 7F2B     		cmp	r3, #127
 3051 00d6 04DC     		bgt	.L203
ARM GAS  C:\Users\user\AppData\Local\Temp\ccoNEg7E.s 			page 71


 254:ctrl_pend.c   ****     return (q7_t)v;
 3052              		.loc 1 254 0
 3053 00d8 13F1800F 		cmn	r3, #128
 3054 00dc 03DB     		blt	.L204
 255:ctrl_pend.c   **** }
 3055              		.loc 1 255 0
 3056 00de 40B2     		sxtb	r0, r0
 3057 00e0 03E0     		b	.L194
 3058              	.L203:
 253:ctrl_pend.c   ****     if (v < (q15_t)0xFF80) return (q7_t)0x80;
 3059              		.loc 1 253 0
 3060 00e2 7F20     		movs	r0, #127
 3061 00e4 01E0     		b	.L194
 3062              	.L204:
 254:ctrl_pend.c   ****     return (q7_t)v;
 3063              		.loc 1 254 0
 3064 00e6 6FF07F00 		mvn	r0, #127
 3065              	.L194:
 3066              	.LVL479:
 3067              	.LBE331:
 3068              	.LBE330:
 598:ctrl_pend.c   **** 
 599:ctrl_pend.c   ****     /* D·u: (D_q7 × u_q) >> 7 → Q7 */
 600:ctrl_pend.c   ****     q7_t Du = qsat7((q15_t)((q15_t)lp->qD7 * uq >> 7));
 3069              		.loc 1 600 0
 3070 00ea 96F90831 		ldrsb	r3, [r6, #264]
 3071 00ee 04FB03F3 		mul	r3, r4, r3
 3072 00f2 DB11     		asrs	r3, r3, #7
 3073 00f4 1AB2     		sxth	r2, r3
 3074              	.LVL480:
 3075              	.LBB332:
 3076              	.LBB333:
 253:ctrl_pend.c   ****     if (v < (q15_t)0xFF80) return (q7_t)0x80;
 3077              		.loc 1 253 0
 3078 00f6 7F2A     		cmp	r2, #127
 3079 00f8 04DC     		bgt	.L205
 254:ctrl_pend.c   ****     return (q7_t)v;
 3080              		.loc 1 254 0
 3081 00fa 12F1800F 		cmn	r2, #128
 3082 00fe 03DB     		blt	.L206
 255:ctrl_pend.c   **** }
 3083              		.loc 1 255 0
 3084 0100 5BB2     		sxtb	r3, r3
 3085 0102 03E0     		b	.L195
 3086              	.L205:
 253:ctrl_pend.c   ****     if (v < (q15_t)0xFF80) return (q7_t)0x80;
 3087              		.loc 1 253 0
 3088 0104 7F23     		movs	r3, #127
 3089 0106 01E0     		b	.L195
 3090              	.L206:
 254:ctrl_pend.c   ****     return (q7_t)v;
 3091              		.loc 1 254 0
 3092 0108 6FF07F03 		mvn	r3, #127
 3093              	.L195:
 3094              	.LVL481:
 3095              	.LBE333:
 3096              	.LBE332:
ARM GAS  C:\Users\user\AppData\Local\Temp\ccoNEg7E.s 			page 72


 601:ctrl_pend.c   **** 
 602:ctrl_pend.c   ****     return q7_to_flt(qsat7((q15_t)Cx + Du)) * qs;
 3097              		.loc 1 602 0
 3098 010c C218     		adds	r2, r0, r3
 3099              	.LVL482:
 3100              	.LBB334:
 3101              	.LBB335:
 253:ctrl_pend.c   ****     if (v < (q15_t)0xFF80) return (q7_t)0x80;
 3102              		.loc 1 253 0
 3103 010e 7F2A     		cmp	r2, #127
 3104 0110 04DC     		bgt	.L207
 254:ctrl_pend.c   ****     return (q7_t)v;
 3105              		.loc 1 254 0
 3106 0112 12F1800F 		cmn	r2, #128
 3107 0116 03DB     		blt	.L208
 255:ctrl_pend.c   **** }
 3108              		.loc 1 255 0
 3109 0118 50B2     		sxtb	r0, r2
 3110 011a 03E0     		b	.L196
 3111              	.L207:
 253:ctrl_pend.c   ****     if (v < (q15_t)0xFF80) return (q7_t)0x80;
 3112              		.loc 1 253 0
 3113 011c 7F20     		movs	r0, #127
 3114 011e 01E0     		b	.L196
 3115              	.L208:
 254:ctrl_pend.c   ****     return (q7_t)v;
 3116              		.loc 1 254 0
 3117 0120 6FF07F00 		mvn	r0, #127
 3118              	.L196:
 3119              	.LVL483:
 3120              	.LBE335:
 3121              	.LBE334:
 3122              	.LBB336:
 3123              	.LBB337:
 238:ctrl_pend.c   **** }
 3124              		.loc 1 238 0
 3125 0124 FFF7FEFF 		bl	__aeabi_i2f
 3126              	.LVL484:
 3127 0128 4FF07051 		mov	r1, #1006632960
 3128 012c FFF7FEFF 		bl	__aeabi_fmul
 3129              	.LVL485:
 3130              	.LBE337:
 3131              	.LBE336:
 3132              		.loc 1 602 0
 3133 0130 0146     		mov	r1, r0
 3134 0132 2846     		mov	r0, r5
 3135 0134 FFF7FEFF 		bl	__aeabi_fmul
 3136              	.LVL486:
 603:ctrl_pend.c   **** }
 3137              		.loc 1 603 0
 3138 0138 02B0     		add	sp, sp, #8
 3139              		.cfi_def_cfa_offset 24
 3140              		@ sp needed
 3141 013a BDE8F081 		pop	{r4, r5, r6, r7, r8, pc}
 3142              	.LVL487:
 3143              	.L211:
 3144 013e 00BF     		.align	2
ARM GAS  C:\Users\user\AppData\Local\Temp\ccoNEg7E.s 			page 73


 3145              	.L210:
 3146 0140 000080BF 		.word	-1082130432
 3147              		.cfi_endproc
 3148              	.LFE150:
 3149              		.size	ss_yhat_q7, .-ss_yhat_q7
 3150              		.section	.text.ss_obs_act_correct_q7,"ax",%progbits
 3151              		.align	2
 3152              		.thumb
 3153              		.thumb_func
 3154              		.type	ss_obs_act_correct_q7, %function
 3155              	ss_obs_act_correct_q7:
 3156              	.LFB154:
 604:ctrl_pend.c   **** 
 605:ctrl_pend.c   **** static void ss_predict_q7(CtrlLoop *lp, const float x[2], float u, float z[2])
 606:ctrl_pend.c   **** {
 607:ctrl_pend.c   ****     float qs = lp->q_scale;
 608:ctrl_pend.c   ****     q7_t xq[2], Buq[2];
 609:ctrl_pend.c   ****     q31_t dot7;
 610:ctrl_pend.c   **** 
 611:ctrl_pend.c   ****     xq[0] = flt_to_q7n(x[0] / qs);
 612:ctrl_pend.c   ****     xq[1] = flt_to_q7n(x[1] / qs);
 613:ctrl_pend.c   ****     q7_t uq = flt_to_q7n(u / qs);
 614:ctrl_pend.c   **** 
 615:ctrl_pend.c   ****     /* B·u: arm_scale_q7 escala el vector B por escalar u */
 616:ctrl_pend.c   ****     arm_scale_q7(lp->qB7, uq, 0, Buq, 2u);
 617:ctrl_pend.c   **** 
 618:ctrl_pend.c   ****     arm_dot_prod_q7(&lp->qA7[0], xq, 2u, &dot7);
 619:ctrl_pend.c   ****     q7_t Ax0 = qsat7((q15_t)(dot7 >> 7));
 620:ctrl_pend.c   ****     z[0] = q7_to_flt(qsat7((q15_t)Ax0 + Buq[0])) * qs;
 621:ctrl_pend.c   **** 
 622:ctrl_pend.c   ****     arm_dot_prod_q7(&lp->qA7[2], xq, 2u, &dot7);
 623:ctrl_pend.c   ****     q7_t Ax1 = qsat7((q15_t)(dot7 >> 7));
 624:ctrl_pend.c   ****     z[1] = q7_to_flt(qsat7((q15_t)Ax1 + Buq[1])) * qs;
 625:ctrl_pend.c   **** }
 626:ctrl_pend.c   **** 
 627:ctrl_pend.c   **** static float ss_u_cmd_q7(CtrlLoop *lp)
 628:ctrl_pend.c   **** {
 629:ctrl_pend.c   ****     float qs = lp->q_scale;
 630:ctrl_pend.c   ****     q7_t xhat_q[2];
 631:ctrl_pend.c   ****     q31_t dot7;
 632:ctrl_pend.c   **** 
 633:ctrl_pend.c   ****     xhat_q[0] = flt_to_q7n(lp->xhat[0] / qs);
 634:ctrl_pend.c   ****     xhat_q[1] = flt_to_q7n(lp->xhat[1] / qs);
 635:ctrl_pend.c   **** 
 636:ctrl_pend.c   ****     arm_dot_prod_q7(lp->qK7, xhat_q, 2u, &dot7);
 637:ctrl_pend.c   ****     q7_t kx = qsat7((q15_t)(dot7 >> 7));
 638:ctrl_pend.c   **** 
 639:ctrl_pend.c   ****     float extra_f = mode_has_i(lp->mode) ? (lp->Kx * lp->vint)
 640:ctrl_pend.c   ****                                          : (lp->Kx * lp->ref);
 641:ctrl_pend.c   ****     q7_t extra_q = flt_to_q7n(extra_f / qs);
 642:ctrl_pend.c   **** 
 643:ctrl_pend.c   ****     return q7_to_flt(qsat7((q15_t)extra_q - kx)) * qs;
 644:ctrl_pend.c   **** }
 645:ctrl_pend.c   **** 
 646:ctrl_pend.c   **** static void ss_obs_pred_q7(CtrlLoop *lp, float y, float u_prev, float u_k)
 647:ctrl_pend.c   **** {
 648:ctrl_pend.c   ****     float qs = lp->q_scale;
ARM GAS  C:\Users\user\AppData\Local\Temp\ccoNEg7E.s 			page 74


 649:ctrl_pend.c   **** 
 650:ctrl_pend.c   ****     float innov = y - ss_yhat_q7(lp, lp->xhat, u_prev);
 651:ctrl_pend.c   ****     q7_t innov_q = flt_to_q7n(innov / qs);
 652:ctrl_pend.c   **** 
 653:ctrl_pend.c   ****     float z[2];
 654:ctrl_pend.c   ****     ss_predict_q7(lp, lp->xhat, u_k, z);
 655:ctrl_pend.c   **** 
 656:ctrl_pend.c   ****     q7_t Linv[2];
 657:ctrl_pend.c   ****     arm_scale_q7(lp->qL7, innov_q, 0, Linv, 2u);
 658:ctrl_pend.c   **** 
 659:ctrl_pend.c   ****     q7_t zq[2];
 660:ctrl_pend.c   ****     zq[0] = flt_to_q7n(z[0] / qs);
 661:ctrl_pend.c   ****     zq[1] = flt_to_q7n(z[1] / qs);
 662:ctrl_pend.c   ****     q7_t xhat_q[2];
 663:ctrl_pend.c   ****     arm_add_q7(zq, Linv, xhat_q, 2u);
 664:ctrl_pend.c   **** 
 665:ctrl_pend.c   ****     lp->xhat[0] = q7_to_flt(xhat_q[0]) * qs;
 666:ctrl_pend.c   ****     lp->xhat[1] = q7_to_flt(xhat_q[1]) * qs;
 667:ctrl_pend.c   **** }
 668:ctrl_pend.c   **** 
 669:ctrl_pend.c   **** static void ss_obs_act_correct_q7(CtrlLoop *lp, float y, float u_prev)
 670:ctrl_pend.c   **** {
 3157              		.loc 1 670 0
 3158              		.cfi_startproc
 3159              		@ args = 0, pretend = 0, frame = 16
 3160              		@ frame_needed = 0, uses_anonymous_args = 0
 3161              	.LVL488:
 3162 0000 70B5     		push	{r4, r5, r6, lr}
 3163              		.cfi_def_cfa_offset 16
 3164              		.cfi_offset 4, -16
 3165              		.cfi_offset 5, -12
 3166              		.cfi_offset 6, -8
 3167              		.cfi_offset 14, -4
 3168 0002 86B0     		sub	sp, sp, #24
 3169              		.cfi_def_cfa_offset 40
 3170 0004 0446     		mov	r4, r0
 3171 0006 0E46     		mov	r6, r1
 671:ctrl_pend.c   ****     float qs = lp->q_scale;
 3172              		.loc 1 671 0
 3173 0008 D0F8A450 		ldr	r5, [r0, #164]	@ float
 3174              	.LVL489:
 672:ctrl_pend.c   **** 
 673:ctrl_pend.c   ****     float innov = y - ss_yhat_q7(lp, lp->zhat, u_prev);
 3175              		.loc 1 673 0
 3176 000c 00F18801 		add	r1, r0, #136
 3177              	.LVL490:
 3178 0010 FFF7FEFF 		bl	ss_yhat_q7
 3179              	.LVL491:
 3180 0014 0146     		mov	r1, r0
 3181 0016 3046     		mov	r0, r6
 3182 0018 FFF7FEFF 		bl	__aeabi_fsub
 3183              	.LVL492:
 674:ctrl_pend.c   ****     q7_t innov_q = flt_to_q7n(innov / qs);
 3184              		.loc 1 674 0
 3185 001c 2946     		mov	r1, r5
 3186 001e FFF7FEFF 		bl	__aeabi_fdiv
 3187              	.LVL493:
ARM GAS  C:\Users\user\AppData\Local\Temp\ccoNEg7E.s 			page 75


 3188 0022 0646     		mov	r6, r0
 3189              	.LVL494:
 3190              	.LBB338:
 3191              	.LBB339:
 232:ctrl_pend.c   ****     if (v < -1.0f)  return  (q7_t)0x80;
 3192              		.loc 1 232 0
 3193 0024 4FF07E51 		mov	r1, #1065353216
 3194 0028 FFF7FEFF 		bl	__aeabi_fcmpge
 3195              	.LVL495:
 3196 002c 68B9     		cbnz	r0, .L216
 233:ctrl_pend.c   ****     return (q7_t)(v * 128.0f);
 3197              		.loc 1 233 0
 3198 002e 3E49     		ldr	r1, .L223
 3199 0030 3046     		mov	r0, r6
 3200 0032 FFF7FEFF 		bl	__aeabi_fcmplt
 3201              	.LVL496:
 3202 0036 50B9     		cbnz	r0, .L217
 234:ctrl_pend.c   **** }
 3203              		.loc 1 234 0
 3204 0038 4FF08641 		mov	r1, #1124073472
 3205 003c 3046     		mov	r0, r6
 3206 003e FFF7FEFF 		bl	__aeabi_fmul
 3207              	.LVL497:
 3208 0042 FFF7FEFF 		bl	__aeabi_f2iz
 3209              	.LVL498:
 3210 0046 41B2     		sxtb	r1, r0
 3211 0048 03E0     		b	.L213
 3212              	.L216:
 232:ctrl_pend.c   ****     if (v < -1.0f)  return  (q7_t)0x80;
 3213              		.loc 1 232 0
 3214 004a 7F21     		movs	r1, #127
 3215 004c 01E0     		b	.L213
 3216              	.L217:
 233:ctrl_pend.c   ****     return (q7_t)(v * 128.0f);
 3217              		.loc 1 233 0
 3218 004e 6FF07F01 		mvn	r1, #127
 3219              	.L213:
 3220              	.LVL499:
 3221              	.LBE339:
 3222              	.LBE338:
 675:ctrl_pend.c   **** 
 676:ctrl_pend.c   ****     q7_t Linv[2];
 677:ctrl_pend.c   ****     arm_scale_q7(lp->qL7, innov_q, 0, Linv, 2u);
 3223              		.loc 1 677 0
 3224 0052 0223     		movs	r3, #2
 3225 0054 0093     		str	r3, [sp]
 3226 0056 05AB     		add	r3, sp, #20
 3227 0058 0022     		movs	r2, #0
 3228 005a 04F58370 		add	r0, r4, #262
 3229 005e FFF7FEFF 		bl	arm_scale_q7
 3230              	.LVL500:
 678:ctrl_pend.c   **** 
 679:ctrl_pend.c   ****     q7_t zhat_q[2];
 680:ctrl_pend.c   ****     zhat_q[0] = flt_to_q7n(lp->zhat[0] / qs);
 3231              		.loc 1 680 0
 3232 0062 2946     		mov	r1, r5
 3233 0064 D4F88800 		ldr	r0, [r4, #136]	@ float
ARM GAS  C:\Users\user\AppData\Local\Temp\ccoNEg7E.s 			page 76


 3234 0068 FFF7FEFF 		bl	__aeabi_fdiv
 3235              	.LVL501:
 3236 006c 0646     		mov	r6, r0
 3237              	.LVL502:
 3238              	.LBB340:
 3239              	.LBB341:
 232:ctrl_pend.c   ****     if (v < -1.0f)  return  (q7_t)0x80;
 3240              		.loc 1 232 0
 3241 006e 4FF07E51 		mov	r1, #1065353216
 3242 0072 FFF7FEFF 		bl	__aeabi_fcmpge
 3243              	.LVL503:
 3244 0076 68B9     		cbnz	r0, .L218
 233:ctrl_pend.c   ****     return (q7_t)(v * 128.0f);
 3245              		.loc 1 233 0
 3246 0078 2B49     		ldr	r1, .L223
 3247 007a 3046     		mov	r0, r6
 3248 007c FFF7FEFF 		bl	__aeabi_fcmplt
 3249              	.LVL504:
 3250 0080 50B9     		cbnz	r0, .L219
 234:ctrl_pend.c   **** }
 3251              		.loc 1 234 0
 3252 0082 4FF08641 		mov	r1, #1124073472
 3253 0086 3046     		mov	r0, r6
 3254 0088 FFF7FEFF 		bl	__aeabi_fmul
 3255              	.LVL505:
 3256 008c FFF7FEFF 		bl	__aeabi_f2iz
 3257              	.LVL506:
 3258 0090 40B2     		sxtb	r0, r0
 3259 0092 03E0     		b	.L214
 3260              	.L218:
 232:ctrl_pend.c   ****     if (v < -1.0f)  return  (q7_t)0x80;
 3261              		.loc 1 232 0
 3262 0094 7F20     		movs	r0, #127
 3263 0096 01E0     		b	.L214
 3264              	.L219:
 233:ctrl_pend.c   ****     return (q7_t)(v * 128.0f);
 3265              		.loc 1 233 0
 3266 0098 6FF07F00 		mvn	r0, #127
 3267              	.L214:
 3268              	.LVL507:
 3269              	.LBE341:
 3270              	.LBE340:
 3271              		.loc 1 680 0
 3272 009c 8DF81000 		strb	r0, [sp, #16]
 681:ctrl_pend.c   ****     zhat_q[1] = flt_to_q7n(lp->zhat[1] / qs);
 3273              		.loc 1 681 0
 3274 00a0 2946     		mov	r1, r5
 3275 00a2 D4F88C00 		ldr	r0, [r4, #140]	@ float
 3276 00a6 FFF7FEFF 		bl	__aeabi_fdiv
 3277              	.LVL508:
 3278 00aa 0646     		mov	r6, r0
 3279              	.LVL509:
 3280              	.LBB342:
 3281              	.LBB343:
 232:ctrl_pend.c   ****     if (v < -1.0f)  return  (q7_t)0x80;
 3282              		.loc 1 232 0
 3283 00ac 4FF07E51 		mov	r1, #1065353216
ARM GAS  C:\Users\user\AppData\Local\Temp\ccoNEg7E.s 			page 77


 3284 00b0 FFF7FEFF 		bl	__aeabi_fcmpge
 3285              	.LVL510:
 3286 00b4 68B9     		cbnz	r0, .L220
 233:ctrl_pend.c   ****     return (q7_t)(v * 128.0f);
 3287              		.loc 1 233 0
 3288 00b6 1C49     		ldr	r1, .L223
 3289 00b8 3046     		mov	r0, r6
 3290 00ba FFF7FEFF 		bl	__aeabi_fcmplt
 3291              	.LVL511:
 3292 00be 50B9     		cbnz	r0, .L221
 234:ctrl_pend.c   **** }
 3293              		.loc 1 234 0
 3294 00c0 4FF08641 		mov	r1, #1124073472
 3295 00c4 3046     		mov	r0, r6
 3296 00c6 FFF7FEFF 		bl	__aeabi_fmul
 3297              	.LVL512:
 3298 00ca FFF7FEFF 		bl	__aeabi_f2iz
 3299              	.LVL513:
 3300 00ce 40B2     		sxtb	r0, r0
 3301 00d0 03E0     		b	.L215
 3302              	.L220:
 232:ctrl_pend.c   ****     if (v < -1.0f)  return  (q7_t)0x80;
 3303              		.loc 1 232 0
 3304 00d2 7F20     		movs	r0, #127
 3305 00d4 01E0     		b	.L215
 3306              	.L221:
 233:ctrl_pend.c   ****     return (q7_t)(v * 128.0f);
 3307              		.loc 1 233 0
 3308 00d6 6FF07F00 		mvn	r0, #127
 3309              	.L215:
 3310              	.LVL514:
 3311              	.LBE343:
 3312              	.LBE342:
 3313              		.loc 1 681 0
 3314 00da 8DF81100 		strb	r0, [sp, #17]
 682:ctrl_pend.c   ****     q7_t xhat_q[2];
 683:ctrl_pend.c   ****     arm_add_q7(zhat_q, Linv, xhat_q, 2u);
 3315              		.loc 1 683 0
 3316 00de 0223     		movs	r3, #2
 3317 00e0 03AA     		add	r2, sp, #12
 3318 00e2 05A9     		add	r1, sp, #20
 3319 00e4 04A8     		add	r0, sp, #16
 3320 00e6 FFF7FEFF 		bl	arm_add_q7
 3321              	.LVL515:
 3322              	.LBB344:
 3323              	.LBB345:
 238:ctrl_pend.c   **** }
 3324              		.loc 1 238 0
 3325 00ea 9DF90C00 		ldrsb	r0, [sp, #12]
 3326 00ee FFF7FEFF 		bl	__aeabi_i2f
 3327              	.LVL516:
 3328 00f2 4FF07051 		mov	r1, #1006632960
 3329 00f6 FFF7FEFF 		bl	__aeabi_fmul
 3330              	.LVL517:
 3331              	.LBE345:
 3332              	.LBE344:
 684:ctrl_pend.c   **** 
ARM GAS  C:\Users\user\AppData\Local\Temp\ccoNEg7E.s 			page 78


 685:ctrl_pend.c   ****     lp->xhat[0] = q7_to_flt(xhat_q[0]) * qs;
 3333              		.loc 1 685 0
 3334 00fa 0146     		mov	r1, r0
 3335 00fc 2846     		mov	r0, r5
 3336 00fe FFF7FEFF 		bl	__aeabi_fmul
 3337              	.LVL518:
 3338 0102 C4F88000 		str	r0, [r4, #128]	@ float
 3339              	.LVL519:
 3340              	.LBB346:
 3341              	.LBB347:
 238:ctrl_pend.c   **** }
 3342              		.loc 1 238 0
 3343 0106 9DF90D00 		ldrsb	r0, [sp, #13]
 3344 010a FFF7FEFF 		bl	__aeabi_i2f
 3345              	.LVL520:
 3346 010e 4FF07051 		mov	r1, #1006632960
 3347 0112 FFF7FEFF 		bl	__aeabi_fmul
 3348              	.LVL521:
 3349              	.LBE347:
 3350              	.LBE346:
 686:ctrl_pend.c   ****     lp->xhat[1] = q7_to_flt(xhat_q[1]) * qs;
 3351              		.loc 1 686 0
 3352 0116 0146     		mov	r1, r0
 3353 0118 2846     		mov	r0, r5
 3354 011a FFF7FEFF 		bl	__aeabi_fmul
 3355              	.LVL522:
 3356 011e C4F88400 		str	r0, [r4, #132]	@ float
 687:ctrl_pend.c   **** }
 3357              		.loc 1 687 0
 3358 0122 06B0     		add	sp, sp, #24
 3359              		.cfi_def_cfa_offset 16
 3360              		@ sp needed
 3361 0124 70BD     		pop	{r4, r5, r6, pc}
 3362              	.LVL523:
 3363              	.L224:
 3364 0126 00BF     		.align	2
 3365              	.L223:
 3366 0128 000080BF 		.word	-1082130432
 3367              		.cfi_endproc
 3368              	.LFE154:
 3369              		.size	ss_obs_act_correct_q7, .-ss_obs_act_correct_q7
 3370              		.section	.text.ss_predict_q7,"ax",%progbits
 3371              		.align	2
 3372              		.thumb
 3373              		.thumb_func
 3374              		.type	ss_predict_q7, %function
 3375              	ss_predict_q7:
 3376              	.LFB151:
 606:ctrl_pend.c   ****     float qs = lp->q_scale;
 3377              		.loc 1 606 0
 3378              		.cfi_startproc
 3379              		@ args = 0, pretend = 0, frame = 16
 3380              		@ frame_needed = 0, uses_anonymous_args = 0
 3381              	.LVL524:
 3382 0000 2DE9F043 		push	{r4, r5, r6, r7, r8, r9, lr}
 3383              		.cfi_def_cfa_offset 28
 3384              		.cfi_offset 4, -28
ARM GAS  C:\Users\user\AppData\Local\Temp\ccoNEg7E.s 			page 79


 3385              		.cfi_offset 5, -24
 3386              		.cfi_offset 6, -20
 3387              		.cfi_offset 7, -16
 3388              		.cfi_offset 8, -12
 3389              		.cfi_offset 9, -8
 3390              		.cfi_offset 14, -4
 3391 0004 87B0     		sub	sp, sp, #28
 3392              		.cfi_def_cfa_offset 56
 3393 0006 0646     		mov	r6, r0
 3394 0008 0F46     		mov	r7, r1
 3395 000a 9046     		mov	r8, r2
 3396 000c 1D46     		mov	r5, r3
 607:ctrl_pend.c   ****     q7_t xq[2], Buq[2];
 3397              		.loc 1 607 0
 3398 000e D0F8A440 		ldr	r4, [r0, #164]	@ float
 3399              	.LVL525:
 611:ctrl_pend.c   ****     xq[1] = flt_to_q7n(x[1] / qs);
 3400              		.loc 1 611 0
 3401 0012 2146     		mov	r1, r4
 3402              	.LVL526:
 3403 0014 3868     		ldr	r0, [r7]	@ float
 3404              	.LVL527:
 3405 0016 FFF7FEFF 		bl	__aeabi_fdiv
 3406              	.LVL528:
 3407 001a 8146     		mov	r9, r0
 3408              	.LVL529:
 3409              	.LBB348:
 3410              	.LBB349:
 232:ctrl_pend.c   ****     if (v < -1.0f)  return  (q7_t)0x80;
 3411              		.loc 1 232 0
 3412 001c 4FF07E51 		mov	r1, #1065353216
 3413 0020 FFF7FEFF 		bl	__aeabi_fcmpge
 3414              	.LVL530:
 3415 0024 68B9     		cbnz	r0, .L233
 233:ctrl_pend.c   ****     return (q7_t)(v * 128.0f);
 3416              		.loc 1 233 0
 3417 0026 5A49     		ldr	r1, .L248
 3418 0028 4846     		mov	r0, r9
 3419 002a FFF7FEFF 		bl	__aeabi_fcmplt
 3420              	.LVL531:
 3421 002e 50B9     		cbnz	r0, .L234
 234:ctrl_pend.c   **** }
 3422              		.loc 1 234 0
 3423 0030 4FF08641 		mov	r1, #1124073472
 3424 0034 4846     		mov	r0, r9
 3425 0036 FFF7FEFF 		bl	__aeabi_fmul
 3426              	.LVL532:
 3427 003a FFF7FEFF 		bl	__aeabi_f2iz
 3428              	.LVL533:
 3429 003e 40B2     		sxtb	r0, r0
 3430 0040 03E0     		b	.L226
 3431              	.L233:
 232:ctrl_pend.c   ****     if (v < -1.0f)  return  (q7_t)0x80;
 3432              		.loc 1 232 0
 3433 0042 7F20     		movs	r0, #127
 3434 0044 01E0     		b	.L226
 3435              	.L234:
ARM GAS  C:\Users\user\AppData\Local\Temp\ccoNEg7E.s 			page 80


 233:ctrl_pend.c   ****     return (q7_t)(v * 128.0f);
 3436              		.loc 1 233 0
 3437 0046 6FF07F00 		mvn	r0, #127
 3438              	.L226:
 3439              	.LVL534:
 3440              	.LBE349:
 3441              	.LBE348:
 611:ctrl_pend.c   ****     xq[1] = flt_to_q7n(x[1] / qs);
 3442              		.loc 1 611 0
 3443 004a 8DF81400 		strb	r0, [sp, #20]
 612:ctrl_pend.c   ****     q7_t uq = flt_to_q7n(u / qs);
 3444              		.loc 1 612 0
 3445 004e 2146     		mov	r1, r4
 3446 0050 7868     		ldr	r0, [r7, #4]	@ float
 3447 0052 FFF7FEFF 		bl	__aeabi_fdiv
 3448              	.LVL535:
 3449 0056 0746     		mov	r7, r0
 3450              	.LVL536:
 3451              	.LBB350:
 3452              	.LBB351:
 232:ctrl_pend.c   ****     if (v < -1.0f)  return  (q7_t)0x80;
 3453              		.loc 1 232 0
 3454 0058 4FF07E51 		mov	r1, #1065353216
 3455 005c FFF7FEFF 		bl	__aeabi_fcmpge
 3456              	.LVL537:
 3457 0060 68B9     		cbnz	r0, .L235
 233:ctrl_pend.c   ****     return (q7_t)(v * 128.0f);
 3458              		.loc 1 233 0
 3459 0062 4B49     		ldr	r1, .L248
 3460 0064 3846     		mov	r0, r7
 3461 0066 FFF7FEFF 		bl	__aeabi_fcmplt
 3462              	.LVL538:
 3463 006a 50B9     		cbnz	r0, .L236
 234:ctrl_pend.c   **** }
 3464              		.loc 1 234 0
 3465 006c 4FF08641 		mov	r1, #1124073472
 3466 0070 3846     		mov	r0, r7
 3467 0072 FFF7FEFF 		bl	__aeabi_fmul
 3468              	.LVL539:
 3469 0076 FFF7FEFF 		bl	__aeabi_f2iz
 3470              	.LVL540:
 3471 007a 40B2     		sxtb	r0, r0
 3472 007c 03E0     		b	.L227
 3473              	.L235:
 232:ctrl_pend.c   ****     if (v < -1.0f)  return  (q7_t)0x80;
 3474              		.loc 1 232 0
 3475 007e 7F20     		movs	r0, #127
 3476 0080 01E0     		b	.L227
 3477              	.L236:
 233:ctrl_pend.c   ****     return (q7_t)(v * 128.0f);
 3478              		.loc 1 233 0
 3479 0082 6FF07F00 		mvn	r0, #127
 3480              	.L227:
 3481              	.LVL541:
 3482              	.LBE351:
 3483              	.LBE350:
 612:ctrl_pend.c   ****     q7_t uq = flt_to_q7n(u / qs);
ARM GAS  C:\Users\user\AppData\Local\Temp\ccoNEg7E.s 			page 81


 3484              		.loc 1 612 0
 3485 0086 8DF81500 		strb	r0, [sp, #21]
 613:ctrl_pend.c   **** 
 3486              		.loc 1 613 0
 3487 008a 2146     		mov	r1, r4
 3488 008c 4046     		mov	r0, r8
 3489 008e FFF7FEFF 		bl	__aeabi_fdiv
 3490              	.LVL542:
 3491 0092 0746     		mov	r7, r0
 3492              	.LVL543:
 3493              	.LBB352:
 3494              	.LBB353:
 232:ctrl_pend.c   ****     if (v < -1.0f)  return  (q7_t)0x80;
 3495              		.loc 1 232 0
 3496 0094 4FF07E51 		mov	r1, #1065353216
 3497 0098 FFF7FEFF 		bl	__aeabi_fcmpge
 3498              	.LVL544:
 3499 009c 68B9     		cbnz	r0, .L237
 233:ctrl_pend.c   ****     return (q7_t)(v * 128.0f);
 3500              		.loc 1 233 0
 3501 009e 3C49     		ldr	r1, .L248
 3502 00a0 3846     		mov	r0, r7
 3503 00a2 FFF7FEFF 		bl	__aeabi_fcmplt
 3504              	.LVL545:
 3505 00a6 50B9     		cbnz	r0, .L238
 234:ctrl_pend.c   **** }
 3506              		.loc 1 234 0
 3507 00a8 4FF08641 		mov	r1, #1124073472
 3508 00ac 3846     		mov	r0, r7
 3509 00ae FFF7FEFF 		bl	__aeabi_fmul
 3510              	.LVL546:
 3511 00b2 FFF7FEFF 		bl	__aeabi_f2iz
 3512              	.LVL547:
 3513 00b6 41B2     		sxtb	r1, r0
 3514 00b8 03E0     		b	.L228
 3515              	.L237:
 232:ctrl_pend.c   ****     if (v < -1.0f)  return  (q7_t)0x80;
 3516              		.loc 1 232 0
 3517 00ba 7F21     		movs	r1, #127
 3518 00bc 01E0     		b	.L228
 3519              	.L238:
 233:ctrl_pend.c   ****     return (q7_t)(v * 128.0f);
 3520              		.loc 1 233 0
 3521 00be 6FF07F01 		mvn	r1, #127
 3522              	.L228:
 3523              	.LVL548:
 3524              	.LBE353:
 3525              	.LBE352:
 616:ctrl_pend.c   **** 
 3526              		.loc 1 616 0
 3527 00c2 0227     		movs	r7, #2
 3528 00c4 0097     		str	r7, [sp]
 3529 00c6 04AB     		add	r3, sp, #16
 3530 00c8 0022     		movs	r2, #0
 3531 00ca 06F58070 		add	r0, r6, #256
 3532 00ce FFF7FEFF 		bl	arm_scale_q7
 3533              	.LVL549:
ARM GAS  C:\Users\user\AppData\Local\Temp\ccoNEg7E.s 			page 82


 618:ctrl_pend.c   ****     q7_t Ax0 = qsat7((q15_t)(dot7 >> 7));
 3534              		.loc 1 618 0
 3535 00d2 03AB     		add	r3, sp, #12
 3536 00d4 3A46     		mov	r2, r7
 3537 00d6 05A9     		add	r1, sp, #20
 3538 00d8 06F1FC00 		add	r0, r6, #252
 3539 00dc FFF7FEFF 		bl	arm_dot_prod_q7
 3540              	.LVL550:
 619:ctrl_pend.c   ****     z[0] = q7_to_flt(qsat7((q15_t)Ax0 + Buq[0])) * qs;
 3541              		.loc 1 619 0
 3542 00e0 039B     		ldr	r3, [sp, #12]
 3543 00e2 DB11     		asrs	r3, r3, #7
 3544 00e4 1AB2     		sxth	r2, r3
 3545              	.LVL551:
 3546              	.LBB354:
 3547              	.LBB355:
 253:ctrl_pend.c   ****     if (v < (q15_t)0xFF80) return (q7_t)0x80;
 3548              		.loc 1 253 0
 3549 00e6 7F2A     		cmp	r2, #127
 3550 00e8 04DC     		bgt	.L239
 254:ctrl_pend.c   ****     return (q7_t)v;
 3551              		.loc 1 254 0
 3552 00ea 12F1800F 		cmn	r2, #128
 3553 00ee 03DB     		blt	.L240
 255:ctrl_pend.c   **** }
 3554              		.loc 1 255 0
 3555 00f0 5BB2     		sxtb	r3, r3
 3556 00f2 03E0     		b	.L229
 3557              	.L239:
 253:ctrl_pend.c   ****     if (v < (q15_t)0xFF80) return (q7_t)0x80;
 3558              		.loc 1 253 0
 3559 00f4 7F23     		movs	r3, #127
 3560 00f6 01E0     		b	.L229
 3561              	.L240:
 254:ctrl_pend.c   ****     return (q7_t)v;
 3562              		.loc 1 254 0
 3563 00f8 6FF07F03 		mvn	r3, #127
 3564              	.L229:
 3565              	.LVL552:
 3566              	.LBE355:
 3567              	.LBE354:
 620:ctrl_pend.c   **** 
 3568              		.loc 1 620 0
 3569 00fc 9DF91000 		ldrsb	r0, [sp, #16]
 3570 0100 1A18     		adds	r2, r3, r0
 3571              	.LVL553:
 3572              	.LBB356:
 3573              	.LBB357:
 253:ctrl_pend.c   ****     if (v < (q15_t)0xFF80) return (q7_t)0x80;
 3574              		.loc 1 253 0
 3575 0102 7F2A     		cmp	r2, #127
 3576 0104 04DC     		bgt	.L241
 254:ctrl_pend.c   ****     return (q7_t)v;
 3577              		.loc 1 254 0
 3578 0106 12F1800F 		cmn	r2, #128
 3579 010a 03DB     		blt	.L242
 255:ctrl_pend.c   **** }
ARM GAS  C:\Users\user\AppData\Local\Temp\ccoNEg7E.s 			page 83


 3580              		.loc 1 255 0
 3581 010c 50B2     		sxtb	r0, r2
 3582 010e 03E0     		b	.L230
 3583              	.L241:
 253:ctrl_pend.c   ****     if (v < (q15_t)0xFF80) return (q7_t)0x80;
 3584              		.loc 1 253 0
 3585 0110 7F20     		movs	r0, #127
 3586 0112 01E0     		b	.L230
 3587              	.L242:
 254:ctrl_pend.c   ****     return (q7_t)v;
 3588              		.loc 1 254 0
 3589 0114 6FF07F00 		mvn	r0, #127
 3590              	.L230:
 3591              	.LVL554:
 3592              	.LBE357:
 3593              	.LBE356:
 3594              	.LBB358:
 3595              	.LBB359:
 238:ctrl_pend.c   **** }
 3596              		.loc 1 238 0
 3597 0118 FFF7FEFF 		bl	__aeabi_i2f
 3598              	.LVL555:
 3599 011c 4FF07051 		mov	r1, #1006632960
 3600 0120 FFF7FEFF 		bl	__aeabi_fmul
 3601              	.LVL556:
 3602              	.LBE359:
 3603              	.LBE358:
 620:ctrl_pend.c   **** 
 3604              		.loc 1 620 0
 3605 0124 0146     		mov	r1, r0
 3606 0126 2046     		mov	r0, r4
 3607 0128 FFF7FEFF 		bl	__aeabi_fmul
 3608              	.LVL557:
 3609 012c 2860     		str	r0, [r5]	@ float
 622:ctrl_pend.c   ****     q7_t Ax1 = qsat7((q15_t)(dot7 >> 7));
 3610              		.loc 1 622 0
 3611 012e 03AB     		add	r3, sp, #12
 3612 0130 0222     		movs	r2, #2
 3613 0132 05A9     		add	r1, sp, #20
 3614 0134 06F1FE00 		add	r0, r6, #254
 3615 0138 FFF7FEFF 		bl	arm_dot_prod_q7
 3616              	.LVL558:
 623:ctrl_pend.c   ****     z[1] = q7_to_flt(qsat7((q15_t)Ax1 + Buq[1])) * qs;
 3617              		.loc 1 623 0
 3618 013c 039B     		ldr	r3, [sp, #12]
 3619 013e DB11     		asrs	r3, r3, #7
 3620 0140 1AB2     		sxth	r2, r3
 3621              	.LVL559:
 3622              	.LBB360:
 3623              	.LBB361:
 253:ctrl_pend.c   ****     if (v < (q15_t)0xFF80) return (q7_t)0x80;
 3624              		.loc 1 253 0
 3625 0142 7F2A     		cmp	r2, #127
 3626 0144 04DC     		bgt	.L243
 254:ctrl_pend.c   ****     return (q7_t)v;
 3627              		.loc 1 254 0
 3628 0146 12F1800F 		cmn	r2, #128
ARM GAS  C:\Users\user\AppData\Local\Temp\ccoNEg7E.s 			page 84


 3629 014a 03DB     		blt	.L244
 255:ctrl_pend.c   **** }
 3630              		.loc 1 255 0
 3631 014c 5BB2     		sxtb	r3, r3
 3632 014e 03E0     		b	.L231
 3633              	.L243:
 253:ctrl_pend.c   ****     if (v < (q15_t)0xFF80) return (q7_t)0x80;
 3634              		.loc 1 253 0
 3635 0150 7F23     		movs	r3, #127
 3636 0152 01E0     		b	.L231
 3637              	.L244:
 254:ctrl_pend.c   ****     return (q7_t)v;
 3638              		.loc 1 254 0
 3639 0154 6FF07F03 		mvn	r3, #127
 3640              	.L231:
 3641              	.LVL560:
 3642              	.LBE361:
 3643              	.LBE360:
 624:ctrl_pend.c   **** }
 3644              		.loc 1 624 0
 3645 0158 9DF91100 		ldrsb	r0, [sp, #17]
 3646 015c 1A18     		adds	r2, r3, r0
 3647              	.LVL561:
 3648              	.LBB362:
 3649              	.LBB363:
 253:ctrl_pend.c   ****     if (v < (q15_t)0xFF80) return (q7_t)0x80;
 3650              		.loc 1 253 0
 3651 015e 7F2A     		cmp	r2, #127
 3652 0160 04DC     		bgt	.L245
 254:ctrl_pend.c   ****     return (q7_t)v;
 3653              		.loc 1 254 0
 3654 0162 12F1800F 		cmn	r2, #128
 3655 0166 03DB     		blt	.L246
 255:ctrl_pend.c   **** }
 3656              		.loc 1 255 0
 3657 0168 50B2     		sxtb	r0, r2
 3658 016a 03E0     		b	.L232
 3659              	.L245:
 253:ctrl_pend.c   ****     if (v < (q15_t)0xFF80) return (q7_t)0x80;
 3660              		.loc 1 253 0
 3661 016c 7F20     		movs	r0, #127
 3662 016e 01E0     		b	.L232
 3663              	.L246:
 254:ctrl_pend.c   ****     return (q7_t)v;
 3664              		.loc 1 254 0
 3665 0170 6FF07F00 		mvn	r0, #127
 3666              	.L232:
 3667              	.LVL562:
 3668              	.LBE363:
 3669              	.LBE362:
 3670              	.LBB364:
 3671              	.LBB365:
 238:ctrl_pend.c   **** }
 3672              		.loc 1 238 0
 3673 0174 FFF7FEFF 		bl	__aeabi_i2f
 3674              	.LVL563:
 3675 0178 4FF07051 		mov	r1, #1006632960
ARM GAS  C:\Users\user\AppData\Local\Temp\ccoNEg7E.s 			page 85


 3676 017c FFF7FEFF 		bl	__aeabi_fmul
 3677              	.LVL564:
 3678              	.LBE365:
 3679              	.LBE364:
 624:ctrl_pend.c   **** }
 3680              		.loc 1 624 0
 3681 0180 0146     		mov	r1, r0
 3682 0182 2046     		mov	r0, r4
 3683 0184 FFF7FEFF 		bl	__aeabi_fmul
 3684              	.LVL565:
 3685 0188 6860     		str	r0, [r5, #4]	@ float
 625:ctrl_pend.c   **** 
 3686              		.loc 1 625 0
 3687 018a 07B0     		add	sp, sp, #28
 3688              		.cfi_def_cfa_offset 28
 3689              		@ sp needed
 3690 018c BDE8F083 		pop	{r4, r5, r6, r7, r8, r9, pc}
 3691              	.LVL566:
 3692              	.L249:
 3693              		.align	2
 3694              	.L248:
 3695 0190 000080BF 		.word	-1082130432
 3696              		.cfi_endproc
 3697              	.LFE151:
 3698              		.size	ss_predict_q7, .-ss_predict_q7
 3699              		.section	.text.ss_obs_pred_q7,"ax",%progbits
 3700              		.align	2
 3701              		.thumb
 3702              		.thumb_func
 3703              		.type	ss_obs_pred_q7, %function
 3704              	ss_obs_pred_q7:
 3705              	.LFB153:
 647:ctrl_pend.c   ****     float qs = lp->q_scale;
 3706              		.loc 1 647 0
 3707              		.cfi_startproc
 3708              		@ args = 0, pretend = 0, frame = 24
 3709              		@ frame_needed = 0, uses_anonymous_args = 0
 3710              	.LVL567:
 3711 0000 2DE9F041 		push	{r4, r5, r6, r7, r8, lr}
 3712              		.cfi_def_cfa_offset 24
 3713              		.cfi_offset 4, -24
 3714              		.cfi_offset 5, -20
 3715              		.cfi_offset 6, -16
 3716              		.cfi_offset 7, -12
 3717              		.cfi_offset 8, -8
 3718              		.cfi_offset 14, -4
 3719 0004 88B0     		sub	sp, sp, #32
 3720              		.cfi_def_cfa_offset 56
 3721 0006 0446     		mov	r4, r0
 3722 0008 8846     		mov	r8, r1
 3723 000a 1F46     		mov	r7, r3
 648:ctrl_pend.c   **** 
 3724              		.loc 1 648 0
 3725 000c D0F8A450 		ldr	r5, [r0, #164]	@ float
 3726              	.LVL568:
 650:ctrl_pend.c   ****     q7_t innov_q = flt_to_q7n(innov / qs);
 3727              		.loc 1 650 0
ARM GAS  C:\Users\user\AppData\Local\Temp\ccoNEg7E.s 			page 86


 3728 0010 00F18006 		add	r6, r0, #128
 3729 0014 3146     		mov	r1, r6
 3730              	.LVL569:
 3731 0016 FFF7FEFF 		bl	ss_yhat_q7
 3732              	.LVL570:
 3733 001a 0146     		mov	r1, r0
 3734 001c 4046     		mov	r0, r8
 3735 001e FFF7FEFF 		bl	__aeabi_fsub
 3736              	.LVL571:
 651:ctrl_pend.c   **** 
 3737              		.loc 1 651 0
 3738 0022 2946     		mov	r1, r5
 3739 0024 FFF7FEFF 		bl	__aeabi_fdiv
 3740              	.LVL572:
 3741 0028 8046     		mov	r8, r0
 3742              	.LVL573:
 3743              	.LBB366:
 3744              	.LBB367:
 232:ctrl_pend.c   ****     if (v < -1.0f)  return  (q7_t)0x80;
 3745              		.loc 1 232 0
 3746 002a 4FF07E51 		mov	r1, #1065353216
 3747 002e FFF7FEFF 		bl	__aeabi_fcmpge
 3748              	.LVL574:
 3749 0032 70B9     		cbnz	r0, .L254
 233:ctrl_pend.c   ****     return (q7_t)(v * 128.0f);
 3750              		.loc 1 233 0
 3751 0034 4149     		ldr	r1, .L261
 3752 0036 4046     		mov	r0, r8
 3753 0038 FFF7FEFF 		bl	__aeabi_fcmplt
 3754              	.LVL575:
 3755 003c 60B9     		cbnz	r0, .L255
 234:ctrl_pend.c   **** }
 3756              		.loc 1 234 0
 3757 003e 4FF08641 		mov	r1, #1124073472
 3758 0042 4046     		mov	r0, r8
 3759 0044 FFF7FEFF 		bl	__aeabi_fmul
 3760              	.LVL576:
 3761 0048 FFF7FEFF 		bl	__aeabi_f2iz
 3762              	.LVL577:
 3763 004c 4FFA80F8 		sxtb	r8, r0
 3764              	.LVL578:
 3765 0050 04E0     		b	.L251
 3766              	.LVL579:
 3767              	.L254:
 232:ctrl_pend.c   ****     if (v < -1.0f)  return  (q7_t)0x80;
 3768              		.loc 1 232 0
 3769 0052 4FF07F08 		mov	r8, #127
 3770              	.LVL580:
 3771 0056 01E0     		b	.L251
 3772              	.LVL581:
 3773              	.L255:
 233:ctrl_pend.c   ****     return (q7_t)(v * 128.0f);
 3774              		.loc 1 233 0
 3775 0058 6FF07F08 		mvn	r8, #127
 3776              	.LVL582:
 3777              	.L251:
 3778              	.LBE367:
ARM GAS  C:\Users\user\AppData\Local\Temp\ccoNEg7E.s 			page 87


 3779              	.LBE366:
 654:ctrl_pend.c   **** 
 3780              		.loc 1 654 0
 3781 005c 06AB     		add	r3, sp, #24
 3782 005e 3A46     		mov	r2, r7
 3783 0060 3146     		mov	r1, r6
 3784 0062 2046     		mov	r0, r4
 3785 0064 FFF7FEFF 		bl	ss_predict_q7
 3786              	.LVL583:
 657:ctrl_pend.c   **** 
 3787              		.loc 1 657 0
 3788 0068 0223     		movs	r3, #2
 3789 006a 0093     		str	r3, [sp]
 3790 006c 05AB     		add	r3, sp, #20
 3791 006e 0022     		movs	r2, #0
 3792 0070 4146     		mov	r1, r8
 3793 0072 04F58370 		add	r0, r4, #262
 3794 0076 FFF7FEFF 		bl	arm_scale_q7
 3795              	.LVL584:
 660:ctrl_pend.c   ****     zq[1] = flt_to_q7n(z[1] / qs);
 3796              		.loc 1 660 0
 3797 007a 2946     		mov	r1, r5
 3798 007c 0698     		ldr	r0, [sp, #24]	@ float
 3799 007e FFF7FEFF 		bl	__aeabi_fdiv
 3800              	.LVL585:
 3801 0082 0646     		mov	r6, r0
 3802              	.LVL586:
 3803              	.LBB368:
 3804              	.LBB369:
 232:ctrl_pend.c   ****     if (v < -1.0f)  return  (q7_t)0x80;
 3805              		.loc 1 232 0
 3806 0084 4FF07E51 		mov	r1, #1065353216
 3807 0088 FFF7FEFF 		bl	__aeabi_fcmpge
 3808              	.LVL587:
 3809 008c 68B9     		cbnz	r0, .L256
 233:ctrl_pend.c   ****     return (q7_t)(v * 128.0f);
 3810              		.loc 1 233 0
 3811 008e 2B49     		ldr	r1, .L261
 3812 0090 3046     		mov	r0, r6
 3813 0092 FFF7FEFF 		bl	__aeabi_fcmplt
 3814              	.LVL588:
 3815 0096 50B9     		cbnz	r0, .L257
 234:ctrl_pend.c   **** }
 3816              		.loc 1 234 0
 3817 0098 4FF08641 		mov	r1, #1124073472
 3818 009c 3046     		mov	r0, r6
 3819 009e FFF7FEFF 		bl	__aeabi_fmul
 3820              	.LVL589:
 3821 00a2 FFF7FEFF 		bl	__aeabi_f2iz
 3822              	.LVL590:
 3823 00a6 40B2     		sxtb	r0, r0
 3824 00a8 03E0     		b	.L252
 3825              	.L256:
 232:ctrl_pend.c   ****     if (v < -1.0f)  return  (q7_t)0x80;
 3826              		.loc 1 232 0
 3827 00aa 7F20     		movs	r0, #127
 3828 00ac 01E0     		b	.L252
ARM GAS  C:\Users\user\AppData\Local\Temp\ccoNEg7E.s 			page 88


 3829              	.L257:
 233:ctrl_pend.c   ****     return (q7_t)(v * 128.0f);
 3830              		.loc 1 233 0
 3831 00ae 6FF07F00 		mvn	r0, #127
 3832              	.L252:
 3833              	.LVL591:
 3834              	.LBE369:
 3835              	.LBE368:
 660:ctrl_pend.c   ****     zq[1] = flt_to_q7n(z[1] / qs);
 3836              		.loc 1 660 0
 3837 00b2 8DF81000 		strb	r0, [sp, #16]
 661:ctrl_pend.c   ****     q7_t xhat_q[2];
 3838              		.loc 1 661 0
 3839 00b6 2946     		mov	r1, r5
 3840 00b8 0798     		ldr	r0, [sp, #28]	@ float
 3841 00ba FFF7FEFF 		bl	__aeabi_fdiv
 3842              	.LVL592:
 3843 00be 0646     		mov	r6, r0
 3844              	.LVL593:
 3845              	.LBB370:
 3846              	.LBB371:
 232:ctrl_pend.c   ****     if (v < -1.0f)  return  (q7_t)0x80;
 3847              		.loc 1 232 0
 3848 00c0 4FF07E51 		mov	r1, #1065353216
 3849 00c4 FFF7FEFF 		bl	__aeabi_fcmpge
 3850              	.LVL594:
 3851 00c8 68B9     		cbnz	r0, .L258
 233:ctrl_pend.c   ****     return (q7_t)(v * 128.0f);
 3852              		.loc 1 233 0
 3853 00ca 1C49     		ldr	r1, .L261
 3854 00cc 3046     		mov	r0, r6
 3855 00ce FFF7FEFF 		bl	__aeabi_fcmplt
 3856              	.LVL595:
 3857 00d2 50B9     		cbnz	r0, .L259
 234:ctrl_pend.c   **** }
 3858              		.loc 1 234 0
 3859 00d4 4FF08641 		mov	r1, #1124073472
 3860 00d8 3046     		mov	r0, r6
 3861 00da FFF7FEFF 		bl	__aeabi_fmul
 3862              	.LVL596:
 3863 00de FFF7FEFF 		bl	__aeabi_f2iz
 3864              	.LVL597:
 3865 00e2 40B2     		sxtb	r0, r0
 3866 00e4 03E0     		b	.L253
 3867              	.L258:
 232:ctrl_pend.c   ****     if (v < -1.0f)  return  (q7_t)0x80;
 3868              		.loc 1 232 0
 3869 00e6 7F20     		movs	r0, #127
 3870 00e8 01E0     		b	.L253
 3871              	.L259:
 233:ctrl_pend.c   ****     return (q7_t)(v * 128.0f);
 3872              		.loc 1 233 0
 3873 00ea 6FF07F00 		mvn	r0, #127
 3874              	.L253:
 3875              	.LVL598:
 3876              	.LBE371:
 3877              	.LBE370:
ARM GAS  C:\Users\user\AppData\Local\Temp\ccoNEg7E.s 			page 89


 661:ctrl_pend.c   ****     q7_t xhat_q[2];
 3878              		.loc 1 661 0
 3879 00ee 8DF81100 		strb	r0, [sp, #17]
 663:ctrl_pend.c   **** 
 3880              		.loc 1 663 0
 3881 00f2 0223     		movs	r3, #2
 3882 00f4 03AA     		add	r2, sp, #12
 3883 00f6 05A9     		add	r1, sp, #20
 3884 00f8 04A8     		add	r0, sp, #16
 3885 00fa FFF7FEFF 		bl	arm_add_q7
 3886              	.LVL599:
 3887              	.LBB372:
 3888              	.LBB373:
 238:ctrl_pend.c   **** }
 3889              		.loc 1 238 0
 3890 00fe 9DF90C00 		ldrsb	r0, [sp, #12]
 3891 0102 FFF7FEFF 		bl	__aeabi_i2f
 3892              	.LVL600:
 3893 0106 4FF07051 		mov	r1, #1006632960
 3894 010a FFF7FEFF 		bl	__aeabi_fmul
 3895              	.LVL601:
 3896              	.LBE373:
 3897              	.LBE372:
 665:ctrl_pend.c   ****     lp->xhat[1] = q7_to_flt(xhat_q[1]) * qs;
 3898              		.loc 1 665 0
 3899 010e 0146     		mov	r1, r0
 3900 0110 2846     		mov	r0, r5
 3901 0112 FFF7FEFF 		bl	__aeabi_fmul
 3902              	.LVL602:
 3903 0116 C4F88000 		str	r0, [r4, #128]	@ float
 3904              	.LVL603:
 3905              	.LBB374:
 3906              	.LBB375:
 238:ctrl_pend.c   **** }
 3907              		.loc 1 238 0
 3908 011a 9DF90D00 		ldrsb	r0, [sp, #13]
 3909 011e FFF7FEFF 		bl	__aeabi_i2f
 3910              	.LVL604:
 3911 0122 4FF07051 		mov	r1, #1006632960
 3912 0126 FFF7FEFF 		bl	__aeabi_fmul
 3913              	.LVL605:
 3914              	.LBE375:
 3915              	.LBE374:
 666:ctrl_pend.c   **** }
 3916              		.loc 1 666 0
 3917 012a 0146     		mov	r1, r0
 3918 012c 2846     		mov	r0, r5
 3919 012e FFF7FEFF 		bl	__aeabi_fmul
 3920              	.LVL606:
 3921 0132 C4F88400 		str	r0, [r4, #132]	@ float
 667:ctrl_pend.c   **** 
 3922              		.loc 1 667 0
 3923 0136 08B0     		add	sp, sp, #32
 3924              		.cfi_def_cfa_offset 24
 3925              		@ sp needed
 3926 0138 BDE8F081 		pop	{r4, r5, r6, r7, r8, pc}
 3927              	.LVL607:
ARM GAS  C:\Users\user\AppData\Local\Temp\ccoNEg7E.s 			page 90


 3928              	.L262:
 3929              		.align	2
 3930              	.L261:
 3931 013c 000080BF 		.word	-1082130432
 3932              		.cfi_endproc
 3933              	.LFE153:
 3934              		.size	ss_obs_pred_q7, .-ss_obs_pred_q7
 3935              		.section	.text.ss_obs_act_predict_q7,"ax",%progbits
 3936              		.align	2
 3937              		.thumb
 3938              		.thumb_func
 3939              		.type	ss_obs_act_predict_q7, %function
 3940              	ss_obs_act_predict_q7:
 3941              	.LFB155:
 688:ctrl_pend.c   **** 
 689:ctrl_pend.c   **** static void ss_obs_act_predict_q7(CtrlLoop *lp, float u_k)
 690:ctrl_pend.c   **** {
 3942              		.loc 1 690 0
 3943              		.cfi_startproc
 3944              		@ args = 0, pretend = 0, frame = 0
 3945              		@ frame_needed = 0, uses_anonymous_args = 0
 3946              	.LVL608:
 3947 0000 10B5     		push	{r4, lr}
 3948              		.cfi_def_cfa_offset 8
 3949              		.cfi_offset 4, -8
 3950              		.cfi_offset 14, -4
 691:ctrl_pend.c   ****     ss_predict_q7(lp, lp->xhat, u_k, lp->zhat);
 3951              		.loc 1 691 0
 3952 0002 00F18803 		add	r3, r0, #136
 3953 0006 0A46     		mov	r2, r1
 3954 0008 00F18001 		add	r1, r0, #128
 3955              	.LVL609:
 3956 000c FFF7FEFF 		bl	ss_predict_q7
 3957              	.LVL610:
 3958 0010 10BD     		pop	{r4, pc}
 3959              		.cfi_endproc
 3960              	.LFE155:
 3961              		.size	ss_obs_act_predict_q7, .-ss_obs_act_predict_q7
 3962 0012 00BF     		.section	.text.ss_u_cmd_q7,"ax",%progbits
 3963              		.align	2
 3964              		.thumb
 3965              		.thumb_func
 3966              		.type	ss_u_cmd_q7, %function
 3967              	ss_u_cmd_q7:
 3968              	.LFB152:
 628:ctrl_pend.c   ****     float qs = lp->q_scale;
 3969              		.loc 1 628 0
 3970              		.cfi_startproc
 3971              		@ args = 0, pretend = 0, frame = 8
 3972              		@ frame_needed = 0, uses_anonymous_args = 0
 3973              	.LVL611:
 3974 0000 70B5     		push	{r4, r5, r6, lr}
 3975              		.cfi_def_cfa_offset 16
 3976              		.cfi_offset 4, -16
 3977              		.cfi_offset 5, -12
 3978              		.cfi_offset 6, -8
 3979              		.cfi_offset 14, -4
ARM GAS  C:\Users\user\AppData\Local\Temp\ccoNEg7E.s 			page 91


 3980 0002 82B0     		sub	sp, sp, #8
 3981              		.cfi_def_cfa_offset 24
 3982 0004 0446     		mov	r4, r0
 629:ctrl_pend.c   ****     q7_t xhat_q[2];
 3983              		.loc 1 629 0
 3984 0006 D0F8A460 		ldr	r6, [r0, #164]	@ float
 3985              	.LVL612:
 633:ctrl_pend.c   ****     xhat_q[1] = flt_to_q7n(lp->xhat[1] / qs);
 3986              		.loc 1 633 0
 3987 000a 3146     		mov	r1, r6
 3988 000c D0F88000 		ldr	r0, [r0, #128]	@ float
 3989              	.LVL613:
 3990 0010 FFF7FEFF 		bl	__aeabi_fdiv
 3991              	.LVL614:
 3992 0014 0546     		mov	r5, r0
 3993              	.LVL615:
 3994              	.LBB376:
 3995              	.LBB377:
 232:ctrl_pend.c   ****     if (v < -1.0f)  return  (q7_t)0x80;
 3996              		.loc 1 232 0
 3997 0016 4FF07E51 		mov	r1, #1065353216
 3998 001a FFF7FEFF 		bl	__aeabi_fcmpge
 3999              	.LVL616:
 4000 001e 68B9     		cbnz	r0, .L273
 233:ctrl_pend.c   ****     return (q7_t)(v * 128.0f);
 4001              		.loc 1 233 0
 4002 0020 4449     		ldr	r1, .L284
 4003 0022 2846     		mov	r0, r5
 4004 0024 FFF7FEFF 		bl	__aeabi_fcmplt
 4005              	.LVL617:
 4006 0028 50B9     		cbnz	r0, .L274
 234:ctrl_pend.c   **** }
 4007              		.loc 1 234 0
 4008 002a 4FF08641 		mov	r1, #1124073472
 4009 002e 2846     		mov	r0, r5
 4010 0030 FFF7FEFF 		bl	__aeabi_fmul
 4011              	.LVL618:
 4012 0034 FFF7FEFF 		bl	__aeabi_f2iz
 4013              	.LVL619:
 4014 0038 40B2     		sxtb	r0, r0
 4015 003a 03E0     		b	.L266
 4016              	.L273:
 232:ctrl_pend.c   ****     if (v < -1.0f)  return  (q7_t)0x80;
 4017              		.loc 1 232 0
 4018 003c 7F20     		movs	r0, #127
 4019 003e 01E0     		b	.L266
 4020              	.L274:
 233:ctrl_pend.c   ****     return (q7_t)(v * 128.0f);
 4021              		.loc 1 233 0
 4022 0040 6FF07F00 		mvn	r0, #127
 4023              	.L266:
 4024              	.LVL620:
 4025              	.LBE377:
 4026              	.LBE376:
 633:ctrl_pend.c   ****     xhat_q[1] = flt_to_q7n(lp->xhat[1] / qs);
 4027              		.loc 1 633 0
 4028 0044 8DF80400 		strb	r0, [sp, #4]
ARM GAS  C:\Users\user\AppData\Local\Temp\ccoNEg7E.s 			page 92


 634:ctrl_pend.c   **** 
 4029              		.loc 1 634 0
 4030 0048 3146     		mov	r1, r6
 4031 004a D4F88400 		ldr	r0, [r4, #132]	@ float
 4032 004e FFF7FEFF 		bl	__aeabi_fdiv
 4033              	.LVL621:
 4034 0052 0546     		mov	r5, r0
 4035              	.LVL622:
 4036              	.LBB378:
 4037              	.LBB379:
 232:ctrl_pend.c   ****     if (v < -1.0f)  return  (q7_t)0x80;
 4038              		.loc 1 232 0
 4039 0054 4FF07E51 		mov	r1, #1065353216
 4040 0058 FFF7FEFF 		bl	__aeabi_fcmpge
 4041              	.LVL623:
 4042 005c 68B9     		cbnz	r0, .L275
 233:ctrl_pend.c   ****     return (q7_t)(v * 128.0f);
 4043              		.loc 1 233 0
 4044 005e 3549     		ldr	r1, .L284
 4045 0060 2846     		mov	r0, r5
 4046 0062 FFF7FEFF 		bl	__aeabi_fcmplt
 4047              	.LVL624:
 4048 0066 50B9     		cbnz	r0, .L276
 234:ctrl_pend.c   **** }
 4049              		.loc 1 234 0
 4050 0068 4FF08641 		mov	r1, #1124073472
 4051 006c 2846     		mov	r0, r5
 4052 006e FFF7FEFF 		bl	__aeabi_fmul
 4053              	.LVL625:
 4054 0072 FFF7FEFF 		bl	__aeabi_f2iz
 4055              	.LVL626:
 4056 0076 40B2     		sxtb	r0, r0
 4057 0078 03E0     		b	.L267
 4058              	.L275:
 232:ctrl_pend.c   ****     if (v < -1.0f)  return  (q7_t)0x80;
 4059              		.loc 1 232 0
 4060 007a 7F20     		movs	r0, #127
 4061 007c 01E0     		b	.L267
 4062              	.L276:
 233:ctrl_pend.c   ****     return (q7_t)(v * 128.0f);
 4063              		.loc 1 233 0
 4064 007e 6FF07F00 		mvn	r0, #127
 4065              	.L267:
 4066              	.LVL627:
 4067              	.LBE379:
 4068              	.LBE378:
 634:ctrl_pend.c   **** 
 4069              		.loc 1 634 0
 4070 0082 8DF80500 		strb	r0, [sp, #5]
 636:ctrl_pend.c   ****     q7_t kx = qsat7((q15_t)(dot7 >> 7));
 4071              		.loc 1 636 0
 4072 0086 6B46     		mov	r3, sp
 4073 0088 0222     		movs	r2, #2
 4074 008a 01A9     		add	r1, sp, #4
 4075 008c 04F58270 		add	r0, r4, #260
 4076 0090 FFF7FEFF 		bl	arm_dot_prod_q7
 4077              	.LVL628:
ARM GAS  C:\Users\user\AppData\Local\Temp\ccoNEg7E.s 			page 93


 637:ctrl_pend.c   **** 
 4078              		.loc 1 637 0
 4079 0094 009D     		ldr	r5, [sp]
 4080 0096 ED11     		asrs	r5, r5, #7
 4081 0098 2BB2     		sxth	r3, r5
 4082              	.LVL629:
 4083              	.LBB380:
 4084              	.LBB381:
 253:ctrl_pend.c   ****     if (v < (q15_t)0xFF80) return (q7_t)0x80;
 4085              		.loc 1 253 0
 4086 009a 7F2B     		cmp	r3, #127
 4087 009c 04DC     		bgt	.L277
 254:ctrl_pend.c   ****     return (q7_t)v;
 4088              		.loc 1 254 0
 4089 009e 13F1800F 		cmn	r3, #128
 4090 00a2 03DB     		blt	.L278
 255:ctrl_pend.c   **** }
 4091              		.loc 1 255 0
 4092 00a4 6DB2     		sxtb	r5, r5
 4093 00a6 03E0     		b	.L268
 4094              	.L277:
 253:ctrl_pend.c   ****     if (v < (q15_t)0xFF80) return (q7_t)0x80;
 4095              		.loc 1 253 0
 4096 00a8 7F25     		movs	r5, #127
 4097 00aa 01E0     		b	.L268
 4098              	.L278:
 254:ctrl_pend.c   ****     return (q7_t)v;
 4099              		.loc 1 254 0
 4100 00ac 6FF07F05 		mvn	r5, #127
 4101              	.L268:
 4102              	.LVL630:
 4103              	.LBE381:
 4104              	.LBE380:
 639:ctrl_pend.c   ****                                          : (lp->Kx * lp->ref);
 4105              		.loc 1 639 0
 4106 00b0 2078     		ldrb	r0, [r4]	@ zero_extendqisi2
 4107 00b2 FFF7FEFF 		bl	mode_has_i
 4108              	.LVL631:
 640:ctrl_pend.c   ****     q7_t extra_q = flt_to_q7n(extra_f / qs);
 4109              		.loc 1 640 0
 4110 00b6 28B1     		cbz	r0, .L269
 640:ctrl_pend.c   ****     q7_t extra_q = flt_to_q7n(extra_f / qs);
 4111              		.loc 1 640 0 is_stmt 0 discriminator 1
 4112 00b8 D4F89010 		ldr	r1, [r4, #144]	@ float
 4113 00bc E06F     		ldr	r0, [r4, #124]	@ float
 4114 00be FFF7FEFF 		bl	__aeabi_fmul
 4115              	.LVL632:
 4116 00c2 04E0     		b	.L270
 4117              	.L269:
 640:ctrl_pend.c   ****     q7_t extra_q = flt_to_q7n(extra_f / qs);
 4118              		.loc 1 640 0 discriminator 2
 4119 00c4 D4F89410 		ldr	r1, [r4, #148]	@ float
 4120 00c8 E06F     		ldr	r0, [r4, #124]	@ float
 4121 00ca FFF7FEFF 		bl	__aeabi_fmul
 4122              	.LVL633:
 4123              	.L270:
 641:ctrl_pend.c   **** 
ARM GAS  C:\Users\user\AppData\Local\Temp\ccoNEg7E.s 			page 94


 4124              		.loc 1 641 0 is_stmt 1
 4125 00ce 3146     		mov	r1, r6
 4126 00d0 FFF7FEFF 		bl	__aeabi_fdiv
 4127              	.LVL634:
 4128 00d4 0446     		mov	r4, r0
 4129              	.LVL635:
 4130              	.LBB382:
 4131              	.LBB383:
 232:ctrl_pend.c   ****     if (v < -1.0f)  return  (q7_t)0x80;
 4132              		.loc 1 232 0
 4133 00d6 4FF07E51 		mov	r1, #1065353216
 4134 00da FFF7FEFF 		bl	__aeabi_fcmpge
 4135              	.LVL636:
 4136 00de 68B9     		cbnz	r0, .L279
 233:ctrl_pend.c   ****     return (q7_t)(v * 128.0f);
 4137              		.loc 1 233 0
 4138 00e0 1449     		ldr	r1, .L284
 4139 00e2 2046     		mov	r0, r4
 4140 00e4 FFF7FEFF 		bl	__aeabi_fcmplt
 4141              	.LVL637:
 4142 00e8 50B9     		cbnz	r0, .L280
 234:ctrl_pend.c   **** }
 4143              		.loc 1 234 0
 4144 00ea 4FF08641 		mov	r1, #1124073472
 4145 00ee 2046     		mov	r0, r4
 4146 00f0 FFF7FEFF 		bl	__aeabi_fmul
 4147              	.LVL638:
 4148 00f4 FFF7FEFF 		bl	__aeabi_f2iz
 4149              	.LVL639:
 4150 00f8 40B2     		sxtb	r0, r0
 4151 00fa 03E0     		b	.L271
 4152              	.L279:
 232:ctrl_pend.c   ****     if (v < -1.0f)  return  (q7_t)0x80;
 4153              		.loc 1 232 0
 4154 00fc 7F20     		movs	r0, #127
 4155 00fe 01E0     		b	.L271
 4156              	.L280:
 233:ctrl_pend.c   ****     return (q7_t)(v * 128.0f);
 4157              		.loc 1 233 0
 4158 0100 6FF07F00 		mvn	r0, #127
 4159              	.L271:
 4160              	.LVL640:
 4161              	.LBE383:
 4162              	.LBE382:
 643:ctrl_pend.c   **** }
 4163              		.loc 1 643 0
 4164 0104 431B     		subs	r3, r0, r5
 4165              	.LVL641:
 4166              	.LBB384:
 4167              	.LBB385:
 253:ctrl_pend.c   ****     if (v < (q15_t)0xFF80) return (q7_t)0x80;
 4168              		.loc 1 253 0
 4169 0106 7F2B     		cmp	r3, #127
 4170 0108 04DC     		bgt	.L281
 254:ctrl_pend.c   ****     return (q7_t)v;
 4171              		.loc 1 254 0
 4172 010a 13F1800F 		cmn	r3, #128
ARM GAS  C:\Users\user\AppData\Local\Temp\ccoNEg7E.s 			page 95


 4173 010e 03DB     		blt	.L282
 255:ctrl_pend.c   **** }
 4174              		.loc 1 255 0
 4175 0110 58B2     		sxtb	r0, r3
 4176 0112 03E0     		b	.L272
 4177              	.L281:
 253:ctrl_pend.c   ****     if (v < (q15_t)0xFF80) return (q7_t)0x80;
 4178              		.loc 1 253 0
 4179 0114 7F20     		movs	r0, #127
 4180 0116 01E0     		b	.L272
 4181              	.L282:
 254:ctrl_pend.c   ****     return (q7_t)v;
 4182              		.loc 1 254 0
 4183 0118 6FF07F00 		mvn	r0, #127
 4184              	.L272:
 4185              	.LVL642:
 4186              	.LBE385:
 4187              	.LBE384:
 4188              	.LBB386:
 4189              	.LBB387:
 238:ctrl_pend.c   **** }
 4190              		.loc 1 238 0
 4191 011c FFF7FEFF 		bl	__aeabi_i2f
 4192              	.LVL643:
 4193 0120 4FF07051 		mov	r1, #1006632960
 4194 0124 FFF7FEFF 		bl	__aeabi_fmul
 4195              	.LVL644:
 4196              	.LBE387:
 4197              	.LBE386:
 643:ctrl_pend.c   **** }
 4198              		.loc 1 643 0
 4199 0128 0146     		mov	r1, r0
 4200 012a 3046     		mov	r0, r6
 4201 012c FFF7FEFF 		bl	__aeabi_fmul
 4202              	.LVL645:
 644:ctrl_pend.c   **** 
 4203              		.loc 1 644 0
 4204 0130 02B0     		add	sp, sp, #8
 4205              		.cfi_def_cfa_offset 16
 4206              		@ sp needed
 4207 0132 70BD     		pop	{r4, r5, r6, pc}
 4208              	.LVL646:
 4209              	.L285:
 4210              		.align	2
 4211              	.L284:
 4212 0134 000080BF 		.word	-1082130432
 4213              		.cfi_endproc
 4214              	.LFE152:
 4215              		.size	ss_u_cmd_q7, .-ss_u_cmd_q7
 4216              		.section	.text.ss_yhat_f32,"ax",%progbits
 4217              		.align	2
 4218              		.thumb
 4219              		.thumb_func
 4220              		.type	ss_yhat_f32, %function
 4221              	ss_yhat_f32:
 4222              	.LFB132:
 283:ctrl_pend.c   ****     float out = 0.0f;
ARM GAS  C:\Users\user\AppData\Local\Temp\ccoNEg7E.s 			page 96


 4223              		.loc 1 283 0
 4224              		.cfi_startproc
 4225              		@ args = 0, pretend = 0, frame = 8
 4226              		@ frame_needed = 0, uses_anonymous_args = 0
 4227              	.LVL647:
 4228 0000 30B5     		push	{r4, r5, lr}
 4229              		.cfi_def_cfa_offset 12
 4230              		.cfi_offset 4, -12
 4231              		.cfi_offset 5, -8
 4232              		.cfi_offset 14, -4
 4233 0002 83B0     		sub	sp, sp, #12
 4234              		.cfi_def_cfa_offset 24
 4235 0004 0446     		mov	r4, r0
 4236 0006 1546     		mov	r5, r2
 284:ctrl_pend.c   ****     arm_dot_prod_f32((float32_t*)lp->C, (float32_t*)x, 2u, (float32_t*)&out);
 4237              		.loc 1 284 0
 4238 0008 02AB     		add	r3, sp, #8
 4239 000a 0022     		movs	r2, #0
 4240              	.LVL648:
 4241 000c 43F8042D 		str	r2, [r3, #-4]!	@ float
 285:ctrl_pend.c   ****     return out + lp->D * u;
 4242              		.loc 1 285 0
 4243 0010 0222     		movs	r2, #2
 4244 0012 6030     		adds	r0, r0, #96
 4245              	.LVL649:
 4246 0014 FFF7FEFF 		bl	arm_dot_prod_f32
 4247              	.LVL650:
 286:ctrl_pend.c   **** }
 4248              		.loc 1 286 0
 4249 0018 2946     		mov	r1, r5
 4250 001a A06E     		ldr	r0, [r4, #104]	@ float
 4251 001c FFF7FEFF 		bl	__aeabi_fmul
 4252              	.LVL651:
 4253 0020 0199     		ldr	r1, [sp, #4]	@ float
 4254 0022 FFF7FEFF 		bl	__aeabi_fadd
 4255              	.LVL652:
 287:ctrl_pend.c   **** 
 4256              		.loc 1 287 0
 4257 0026 03B0     		add	sp, sp, #12
 4258              		.cfi_def_cfa_offset 12
 4259              		@ sp needed
 4260 0028 30BD     		pop	{r4, r5, pc}
 4261              		.cfi_endproc
 4262              	.LFE132:
 4263              		.size	ss_yhat_f32, .-ss_yhat_f32
 4264 002a 00BF     		.section	.text.ss_obs_act_correct_f32,"ax",%progbits
 4265              		.align	2
 4266              		.thumb
 4267              		.thumb_func
 4268              		.type	ss_obs_act_correct_f32, %function
 4269              	ss_obs_act_correct_f32:
 4270              	.LFB136:
 323:ctrl_pend.c   ****     float innov = y - ss_yhat_f32(lp, lp->zhat, u_prev);
 4271              		.loc 1 323 0
 4272              		.cfi_startproc
 4273              		@ args = 0, pretend = 0, frame = 8
 4274              		@ frame_needed = 0, uses_anonymous_args = 0
ARM GAS  C:\Users\user\AppData\Local\Temp\ccoNEg7E.s 			page 97


 4275              	.LVL653:
 4276 0000 70B5     		push	{r4, r5, r6, lr}
 4277              		.cfi_def_cfa_offset 16
 4278              		.cfi_offset 4, -16
 4279              		.cfi_offset 5, -12
 4280              		.cfi_offset 6, -8
 4281              		.cfi_offset 14, -4
 4282 0002 82B0     		sub	sp, sp, #8
 4283              		.cfi_def_cfa_offset 24
 4284 0004 0446     		mov	r4, r0
 4285 0006 0E46     		mov	r6, r1
 324:ctrl_pend.c   ****     float Linv[2];
 4286              		.loc 1 324 0
 4287 0008 00F18805 		add	r5, r0, #136
 4288 000c 2946     		mov	r1, r5
 4289              	.LVL654:
 4290 000e FFF7FEFF 		bl	ss_yhat_f32
 4291              	.LVL655:
 4292 0012 0146     		mov	r1, r0
 4293 0014 3046     		mov	r0, r6
 4294 0016 FFF7FEFF 		bl	__aeabi_fsub
 4295              	.LVL656:
 326:ctrl_pend.c   ****     arm_add_f32((float32_t*)lp->zhat, (float32_t*)Linv, (float32_t*)lp->xhat, 2u);
 4296              		.loc 1 326 0
 4297 001a 0223     		movs	r3, #2
 4298 001c 6A46     		mov	r2, sp
 4299 001e 0146     		mov	r1, r0
 4300 0020 04F16C00 		add	r0, r4, #108
 4301              	.LVL657:
 4302 0024 FFF7FEFF 		bl	arm_scale_f32
 4303              	.LVL658:
 327:ctrl_pend.c   **** }
 4304              		.loc 1 327 0
 4305 0028 0223     		movs	r3, #2
 4306 002a 04F18002 		add	r2, r4, #128
 4307 002e 6946     		mov	r1, sp
 4308 0030 2846     		mov	r0, r5
 4309 0032 FFF7FEFF 		bl	arm_add_f32
 4310              	.LVL659:
 328:ctrl_pend.c   **** 
 4311              		.loc 1 328 0
 4312 0036 02B0     		add	sp, sp, #8
 4313              		.cfi_def_cfa_offset 16
 4314              		@ sp needed
 4315 0038 70BD     		pop	{r4, r5, r6, pc}
 4316              		.cfi_endproc
 4317              	.LFE136:
 4318              		.size	ss_obs_act_correct_f32, .-ss_obs_act_correct_f32
 4319 003a 00BF     		.section	.text.obs_act_correct,"ax",%progbits
 4320              		.align	2
 4321              		.thumb
 4322              		.thumb_func
 4323              		.type	obs_act_correct, %function
 4324              	obs_act_correct:
 4325              	.LFB157:
 692:ctrl_pend.c   **** }
 693:ctrl_pend.c   **** 
ARM GAS  C:\Users\user\AppData\Local\Temp\ccoNEg7E.s 			page 98


 694:ctrl_pend.c   **** /* ============================================================
 695:ctrl_pend.c   ****    Despacho de observer según g_num_type
 696:ctrl_pend.c   ****    ============================================================ */
 697:ctrl_pend.c   **** static void obs_pred(CtrlLoop *lp, float y, float u_prev, float u_k)
 698:ctrl_pend.c   **** {
 699:ctrl_pend.c   ****     switch (g_num_type) {
 700:ctrl_pend.c   ****         case CTRL_NUM_Q31: ss_obs_pred_q31(lp, y, u_prev, u_k); break;
 701:ctrl_pend.c   ****         case CTRL_NUM_Q15: ss_obs_pred_q15(lp, y, u_prev, u_k); break;
 702:ctrl_pend.c   ****         case CTRL_NUM_Q7:  ss_obs_pred_q7 (lp, y, u_prev, u_k); break;
 703:ctrl_pend.c   ****         default:           ss_obs_pred_f32(lp, y, u_prev, u_k); break;
 704:ctrl_pend.c   ****     }
 705:ctrl_pend.c   **** }
 706:ctrl_pend.c   **** static void obs_act_correct(CtrlLoop *lp, float y, float u_prev)
 707:ctrl_pend.c   **** {
 4326              		.loc 1 707 0
 4327              		.cfi_startproc
 4328              		@ args = 0, pretend = 0, frame = 0
 4329              		@ frame_needed = 0, uses_anonymous_args = 0
 4330              	.LVL660:
 4331 0000 08B5     		push	{r3, lr}
 4332              		.cfi_def_cfa_offset 8
 4333              		.cfi_offset 3, -8
 4334              		.cfi_offset 14, -4
 708:ctrl_pend.c   ****     switch (g_num_type) {
 4335              		.loc 1 708 0
 4336 0002 0A4B     		ldr	r3, .L298
 4337 0004 1B78     		ldrb	r3, [r3]	@ zero_extendqisi2
 4338 0006 042B     		cmp	r3, #4
 4339 0008 06D0     		beq	.L292
 4340 000a 052B     		cmp	r3, #5
 4341 000c 07D0     		beq	.L293
 4342 000e 032B     		cmp	r3, #3
 4343 0010 08D1     		bne	.L296
 709:ctrl_pend.c   ****         case CTRL_NUM_Q31: ss_obs_act_correct_q31(lp, y, u_prev); break;
 4344              		.loc 1 709 0
 4345 0012 FFF7FEFF 		bl	ss_obs_act_correct_q31
 4346              	.LVL661:
 4347 0016 08BD     		pop	{r3, pc}
 4348              	.LVL662:
 4349              	.L292:
 710:ctrl_pend.c   ****         case CTRL_NUM_Q15: ss_obs_act_correct_q15(lp, y, u_prev); break;
 4350              		.loc 1 710 0
 4351 0018 FFF7FEFF 		bl	ss_obs_act_correct_q15
 4352              	.LVL663:
 4353 001c 08BD     		pop	{r3, pc}
 4354              	.LVL664:
 4355              	.L293:
 711:ctrl_pend.c   ****         case CTRL_NUM_Q7:  ss_obs_act_correct_q7 (lp, y, u_prev); break;
 4356              		.loc 1 711 0
 4357 001e FFF7FEFF 		bl	ss_obs_act_correct_q7
 4358              	.LVL665:
 4359 0022 08BD     		pop	{r3, pc}
 4360              	.LVL666:
 4361              	.L296:
 712:ctrl_pend.c   ****         default:           ss_obs_act_correct_f32(lp, y, u_prev); break;
 4362              		.loc 1 712 0
 4363 0024 FFF7FEFF 		bl	ss_obs_act_correct_f32
ARM GAS  C:\Users\user\AppData\Local\Temp\ccoNEg7E.s 			page 99


 4364              	.LVL667:
 4365 0028 08BD     		pop	{r3, pc}
 4366              	.L299:
 4367 002a 00BF     		.align	2
 4368              	.L298:
 4369 002c 00000000 		.word	.LANCHOR0
 4370              		.cfi_endproc
 4371              	.LFE157:
 4372              		.size	obs_act_correct, .-obs_act_correct
 4373              		.section	.text.ss_predict_f32,"ax",%progbits
 4374              		.align	2
 4375              		.thumb
 4376              		.thumb_func
 4377              		.type	ss_predict_f32, %function
 4378              	ss_predict_f32:
 4379              	.LFB133:
 291:ctrl_pend.c   ****     arm_dot_prod_f32((float32_t*)&lp->A[0], (float32_t*)x, 2u, (float32_t*)&z[0]);
 4380              		.loc 1 291 0
 4381              		.cfi_startproc
 4382              		@ args = 0, pretend = 0, frame = 0
 4383              		@ frame_needed = 0, uses_anonymous_args = 0
 4384              	.LVL668:
 4385 0000 F8B5     		push	{r3, r4, r5, r6, r7, lr}
 4386              		.cfi_def_cfa_offset 24
 4387              		.cfi_offset 3, -24
 4388              		.cfi_offset 4, -20
 4389              		.cfi_offset 5, -16
 4390              		.cfi_offset 6, -12
 4391              		.cfi_offset 7, -8
 4392              		.cfi_offset 14, -4
 4393 0002 0546     		mov	r5, r0
 4394 0004 0F46     		mov	r7, r1
 4395 0006 1646     		mov	r6, r2
 4396 0008 1C46     		mov	r4, r3
 292:ctrl_pend.c   ****     z[0] += lp->B[0] * u;
 4397              		.loc 1 292 0
 4398 000a 0222     		movs	r2, #2
 4399              	.LVL669:
 4400 000c 4830     		adds	r0, r0, #72
 4401              	.LVL670:
 4402 000e FFF7FEFF 		bl	arm_dot_prod_f32
 4403              	.LVL671:
 293:ctrl_pend.c   ****     arm_dot_prod_f32((float32_t*)&lp->A[2], (float32_t*)x, 2u, (float32_t*)&z[1]);
 4404              		.loc 1 293 0
 4405 0012 3146     		mov	r1, r6
 4406 0014 A86D     		ldr	r0, [r5, #88]	@ float
 4407 0016 FFF7FEFF 		bl	__aeabi_fmul
 4408              	.LVL672:
 4409 001a 0146     		mov	r1, r0
 4410 001c 2068     		ldr	r0, [r4]	@ float
 4411 001e FFF7FEFF 		bl	__aeabi_fadd
 4412              	.LVL673:
 4413 0022 2346     		mov	r3, r4
 4414 0024 43F8040B 		str	r0, [r3], #4	@ float
 294:ctrl_pend.c   ****     z[1] += lp->B[1] * u;
 4415              		.loc 1 294 0
 4416 0028 0222     		movs	r2, #2
ARM GAS  C:\Users\user\AppData\Local\Temp\ccoNEg7E.s 			page 100


 4417 002a 3946     		mov	r1, r7
 4418 002c 05F15000 		add	r0, r5, #80
 4419 0030 FFF7FEFF 		bl	arm_dot_prod_f32
 4420              	.LVL674:
 295:ctrl_pend.c   **** }
 4421              		.loc 1 295 0
 4422 0034 E96D     		ldr	r1, [r5, #92]	@ float
 4423 0036 3046     		mov	r0, r6
 4424 0038 FFF7FEFF 		bl	__aeabi_fmul
 4425              	.LVL675:
 4426 003c 0146     		mov	r1, r0
 4427 003e 6068     		ldr	r0, [r4, #4]	@ float
 4428 0040 FFF7FEFF 		bl	__aeabi_fadd
 4429              	.LVL676:
 4430 0044 6060     		str	r0, [r4, #4]	@ float
 4431 0046 F8BD     		pop	{r3, r4, r5, r6, r7, pc}
 4432              		.cfi_endproc
 4433              	.LFE133:
 4434              		.size	ss_predict_f32, .-ss_predict_f32
 4435              		.section	.text.ss_obs_pred_f32,"ax",%progbits
 4436              		.align	2
 4437              		.thumb
 4438              		.thumb_func
 4439              		.type	ss_obs_pred_f32, %function
 4440              	ss_obs_pred_f32:
 4441              	.LFB135:
 313:ctrl_pend.c   ****     float innov = y - ss_yhat_f32(lp, lp->xhat, u_prev);
 4442              		.loc 1 313 0
 4443              		.cfi_startproc
 4444              		@ args = 0, pretend = 0, frame = 16
 4445              		@ frame_needed = 0, uses_anonymous_args = 0
 4446              	.LVL677:
 4447 0000 F0B5     		push	{r4, r5, r6, r7, lr}
 4448              		.cfi_def_cfa_offset 20
 4449              		.cfi_offset 4, -20
 4450              		.cfi_offset 5, -16
 4451              		.cfi_offset 6, -12
 4452              		.cfi_offset 7, -8
 4453              		.cfi_offset 14, -4
 4454 0002 85B0     		sub	sp, sp, #20
 4455              		.cfi_def_cfa_offset 40
 4456 0004 0546     		mov	r5, r0
 4457 0006 0E46     		mov	r6, r1
 4458 0008 1F46     		mov	r7, r3
 314:ctrl_pend.c   ****     float z[2], Linv[2];
 4459              		.loc 1 314 0
 4460 000a 00F18004 		add	r4, r0, #128
 4461 000e 2146     		mov	r1, r4
 4462              	.LVL678:
 4463 0010 FFF7FEFF 		bl	ss_yhat_f32
 4464              	.LVL679:
 4465 0014 0146     		mov	r1, r0
 4466 0016 3046     		mov	r0, r6
 4467 0018 FFF7FEFF 		bl	__aeabi_fsub
 4468              	.LVL680:
 4469 001c 0646     		mov	r6, r0
 4470              	.LVL681:
ARM GAS  C:\Users\user\AppData\Local\Temp\ccoNEg7E.s 			page 101


 316:ctrl_pend.c   ****     arm_scale_f32((float32_t*)lp->L, innov, (float32_t*)Linv, 2u);
 4471              		.loc 1 316 0
 4472 001e 02AB     		add	r3, sp, #8
 4473 0020 3A46     		mov	r2, r7
 4474 0022 2146     		mov	r1, r4
 4475 0024 2846     		mov	r0, r5
 4476              	.LVL682:
 4477 0026 FFF7FEFF 		bl	ss_predict_f32
 4478              	.LVL683:
 317:ctrl_pend.c   ****     arm_add_f32((float32_t*)z, (float32_t*)Linv, (float32_t*)lp->xhat, 2u);
 4479              		.loc 1 317 0
 4480 002a 0223     		movs	r3, #2
 4481 002c 6A46     		mov	r2, sp
 4482 002e 3146     		mov	r1, r6
 4483 0030 05F16C00 		add	r0, r5, #108
 4484 0034 FFF7FEFF 		bl	arm_scale_f32
 4485              	.LVL684:
 318:ctrl_pend.c   **** }
 4486              		.loc 1 318 0
 4487 0038 0223     		movs	r3, #2
 4488 003a 2246     		mov	r2, r4
 4489 003c 6946     		mov	r1, sp
 4490 003e 02A8     		add	r0, sp, #8
 4491 0040 FFF7FEFF 		bl	arm_add_f32
 4492              	.LVL685:
 319:ctrl_pend.c   **** 
 4493              		.loc 1 319 0
 4494 0044 05B0     		add	sp, sp, #20
 4495              		.cfi_def_cfa_offset 20
 4496              		@ sp needed
 4497 0046 F0BD     		pop	{r4, r5, r6, r7, pc}
 4498              		.cfi_endproc
 4499              	.LFE135:
 4500              		.size	ss_obs_pred_f32, .-ss_obs_pred_f32
 4501              		.section	.text.obs_pred,"ax",%progbits
 4502              		.align	2
 4503              		.thumb
 4504              		.thumb_func
 4505              		.type	obs_pred, %function
 4506              	obs_pred:
 4507              	.LFB156:
 698:ctrl_pend.c   ****     switch (g_num_type) {
 4508              		.loc 1 698 0
 4509              		.cfi_startproc
 4510              		@ args = 0, pretend = 0, frame = 0
 4511              		@ frame_needed = 0, uses_anonymous_args = 0
 4512              	.LVL686:
 4513 0000 10B5     		push	{r4, lr}
 4514              		.cfi_def_cfa_offset 8
 4515              		.cfi_offset 4, -8
 4516              		.cfi_offset 14, -4
 699:ctrl_pend.c   ****         case CTRL_NUM_Q31: ss_obs_pred_q31(lp, y, u_prev, u_k); break;
 4517              		.loc 1 699 0
 4518 0002 0A4C     		ldr	r4, .L312
 4519 0004 2478     		ldrb	r4, [r4]	@ zero_extendqisi2
 4520 0006 042C     		cmp	r4, #4
 4521 0008 06D0     		beq	.L306
ARM GAS  C:\Users\user\AppData\Local\Temp\ccoNEg7E.s 			page 102


 4522 000a 052C     		cmp	r4, #5
 4523 000c 07D0     		beq	.L307
 4524 000e 032C     		cmp	r4, #3
 4525 0010 08D1     		bne	.L310
 700:ctrl_pend.c   ****         case CTRL_NUM_Q15: ss_obs_pred_q15(lp, y, u_prev, u_k); break;
 4526              		.loc 1 700 0
 4527 0012 FFF7FEFF 		bl	ss_obs_pred_q31
 4528              	.LVL687:
 4529 0016 10BD     		pop	{r4, pc}
 4530              	.LVL688:
 4531              	.L306:
 701:ctrl_pend.c   ****         case CTRL_NUM_Q7:  ss_obs_pred_q7 (lp, y, u_prev, u_k); break;
 4532              		.loc 1 701 0
 4533 0018 FFF7FEFF 		bl	ss_obs_pred_q15
 4534              	.LVL689:
 4535 001c 10BD     		pop	{r4, pc}
 4536              	.LVL690:
 4537              	.L307:
 702:ctrl_pend.c   ****         default:           ss_obs_pred_f32(lp, y, u_prev, u_k); break;
 4538              		.loc 1 702 0
 4539 001e FFF7FEFF 		bl	ss_obs_pred_q7
 4540              	.LVL691:
 4541 0022 10BD     		pop	{r4, pc}
 4542              	.LVL692:
 4543              	.L310:
 703:ctrl_pend.c   ****     }
 4544              		.loc 1 703 0
 4545 0024 FFF7FEFF 		bl	ss_obs_pred_f32
 4546              	.LVL693:
 4547 0028 10BD     		pop	{r4, pc}
 4548              	.L313:
 4549 002a 00BF     		.align	2
 4550              	.L312:
 4551 002c 00000000 		.word	.LANCHOR0
 4552              		.cfi_endproc
 4553              	.LFE156:
 4554              		.size	obs_pred, .-obs_pred
 4555              		.section	.text.ss_obs_act_predict_f32,"ax",%progbits
 4556              		.align	2
 4557              		.thumb
 4558              		.thumb_func
 4559              		.type	ss_obs_act_predict_f32, %function
 4560              	ss_obs_act_predict_f32:
 4561              	.LFB137:
 332:ctrl_pend.c   ****     ss_predict_f32(lp, lp->xhat, u_k, lp->zhat);
 4562              		.loc 1 332 0
 4563              		.cfi_startproc
 4564              		@ args = 0, pretend = 0, frame = 0
 4565              		@ frame_needed = 0, uses_anonymous_args = 0
 4566              	.LVL694:
 4567 0000 10B5     		push	{r4, lr}
 4568              		.cfi_def_cfa_offset 8
 4569              		.cfi_offset 4, -8
 4570              		.cfi_offset 14, -4
 333:ctrl_pend.c   **** }
 4571              		.loc 1 333 0
 4572 0002 00F18803 		add	r3, r0, #136
ARM GAS  C:\Users\user\AppData\Local\Temp\ccoNEg7E.s 			page 103


 4573 0006 0A46     		mov	r2, r1
 4574 0008 00F18001 		add	r1, r0, #128
 4575              	.LVL695:
 4576 000c FFF7FEFF 		bl	ss_predict_f32
 4577              	.LVL696:
 4578 0010 10BD     		pop	{r4, pc}
 4579              		.cfi_endproc
 4580              	.LFE137:
 4581              		.size	ss_obs_act_predict_f32, .-ss_obs_act_predict_f32
 4582 0012 00BF     		.section	.text.obs_act_predict,"ax",%progbits
 4583              		.align	2
 4584              		.thumb
 4585              		.thumb_func
 4586              		.type	obs_act_predict, %function
 4587              	obs_act_predict:
 4588              	.LFB158:
 713:ctrl_pend.c   ****     }
 714:ctrl_pend.c   **** }
 715:ctrl_pend.c   **** static void obs_act_predict(CtrlLoop *lp, float u_k)
 716:ctrl_pend.c   **** {
 4589              		.loc 1 716 0
 4590              		.cfi_startproc
 4591              		@ args = 0, pretend = 0, frame = 0
 4592              		@ frame_needed = 0, uses_anonymous_args = 0
 4593              	.LVL697:
 4594 0000 08B5     		push	{r3, lr}
 4595              		.cfi_def_cfa_offset 8
 4596              		.cfi_offset 3, -8
 4597              		.cfi_offset 14, -4
 717:ctrl_pend.c   ****     switch (g_num_type) {
 4598              		.loc 1 717 0
 4599 0002 0A4B     		ldr	r3, .L324
 4600 0004 1B78     		ldrb	r3, [r3]	@ zero_extendqisi2
 4601 0006 042B     		cmp	r3, #4
 4602 0008 06D0     		beq	.L318
 4603 000a 052B     		cmp	r3, #5
 4604 000c 07D0     		beq	.L319
 4605 000e 032B     		cmp	r3, #3
 4606 0010 08D1     		bne	.L322
 718:ctrl_pend.c   ****         case CTRL_NUM_Q31: ss_obs_act_predict_q31(lp, u_k); break;
 4607              		.loc 1 718 0
 4608 0012 FFF7FEFF 		bl	ss_obs_act_predict_q31
 4609              	.LVL698:
 4610 0016 08BD     		pop	{r3, pc}
 4611              	.LVL699:
 4612              	.L318:
 719:ctrl_pend.c   ****         case CTRL_NUM_Q15: ss_obs_act_predict_q15(lp, u_k); break;
 4613              		.loc 1 719 0
 4614 0018 FFF7FEFF 		bl	ss_obs_act_predict_q15
 4615              	.LVL700:
 4616 001c 08BD     		pop	{r3, pc}
 4617              	.LVL701:
 4618              	.L319:
 720:ctrl_pend.c   ****         case CTRL_NUM_Q7:  ss_obs_act_predict_q7 (lp, u_k); break;
 4619              		.loc 1 720 0
 4620 001e FFF7FEFF 		bl	ss_obs_act_predict_q7
 4621              	.LVL702:
ARM GAS  C:\Users\user\AppData\Local\Temp\ccoNEg7E.s 			page 104


 4622 0022 08BD     		pop	{r3, pc}
 4623              	.LVL703:
 4624              	.L322:
 721:ctrl_pend.c   ****         default:           ss_obs_act_predict_f32(lp, u_k); break;
 4625              		.loc 1 721 0
 4626 0024 FFF7FEFF 		bl	ss_obs_act_predict_f32
 4627              	.LVL704:
 4628 0028 08BD     		pop	{r3, pc}
 4629              	.L325:
 4630 002a 00BF     		.align	2
 4631              	.L324:
 4632 002c 00000000 		.word	.LANCHOR0
 4633              		.cfi_endproc
 4634              	.LFE158:
 4635              		.size	obs_act_predict, .-obs_act_predict
 4636              		.section	.text.ss_u_cmd_f32,"ax",%progbits
 4637              		.align	2
 4638              		.thumb
 4639              		.thumb_func
 4640              		.type	ss_u_cmd_f32, %function
 4641              	ss_u_cmd_f32:
 4642              	.LFB134:
 300:ctrl_pend.c   ****     float kx = 0.0f;
 4643              		.loc 1 300 0
 4644              		.cfi_startproc
 4645              		@ args = 0, pretend = 0, frame = 8
 4646              		@ frame_needed = 0, uses_anonymous_args = 0
 4647              	.LVL705:
 4648 0000 10B5     		push	{r4, lr}
 4649              		.cfi_def_cfa_offset 8
 4650              		.cfi_offset 4, -8
 4651              		.cfi_offset 14, -4
 4652 0002 82B0     		sub	sp, sp, #8
 4653              		.cfi_def_cfa_offset 16
 4654 0004 0446     		mov	r4, r0
 301:ctrl_pend.c   ****     arm_dot_prod_f32((float32_t*)lp->K, (float32_t*)lp->xhat, 2u, (float32_t*)&kx);
 4655              		.loc 1 301 0
 4656 0006 02AB     		add	r3, sp, #8
 4657 0008 0022     		movs	r2, #0
 4658 000a 43F8042D 		str	r2, [r3, #-4]!	@ float
 302:ctrl_pend.c   ****     float extra = mode_has_i(lp->mode) ? (lp->Kx * lp->vint)
 4659              		.loc 1 302 0
 4660 000e 0222     		movs	r2, #2
 4661 0010 00F18001 		add	r1, r0, #128
 4662 0014 7430     		adds	r0, r0, #116
 4663              	.LVL706:
 4664 0016 FFF7FEFF 		bl	arm_dot_prod_f32
 4665              	.LVL707:
 303:ctrl_pend.c   ****                                        : (lp->Kx * lp->ref);
 4666              		.loc 1 303 0
 4667 001a 2078     		ldrb	r0, [r4]	@ zero_extendqisi2
 4668 001c FFF7FEFF 		bl	mode_has_i
 4669              	.LVL708:
 304:ctrl_pend.c   ****     return extra - kx;
 4670              		.loc 1 304 0
 4671 0020 28B1     		cbz	r0, .L327
 304:ctrl_pend.c   ****     return extra - kx;
ARM GAS  C:\Users\user\AppData\Local\Temp\ccoNEg7E.s 			page 105


 4672              		.loc 1 304 0 is_stmt 0 discriminator 1
 4673 0022 D4F89010 		ldr	r1, [r4, #144]	@ float
 4674 0026 E06F     		ldr	r0, [r4, #124]	@ float
 4675 0028 FFF7FEFF 		bl	__aeabi_fmul
 4676              	.LVL709:
 4677 002c 04E0     		b	.L328
 4678              	.L327:
 304:ctrl_pend.c   ****     return extra - kx;
 4679              		.loc 1 304 0 discriminator 2
 4680 002e D4F89410 		ldr	r1, [r4, #148]	@ float
 4681 0032 E06F     		ldr	r0, [r4, #124]	@ float
 4682 0034 FFF7FEFF 		bl	__aeabi_fmul
 4683              	.LVL710:
 4684              	.L328:
 305:ctrl_pend.c   **** }
 4685              		.loc 1 305 0 is_stmt 1
 4686 0038 0199     		ldr	r1, [sp, #4]	@ float
 4687 003a FFF7FEFF 		bl	__aeabi_fsub
 4688              	.LVL711:
 306:ctrl_pend.c   **** 
 4689              		.loc 1 306 0
 4690 003e 02B0     		add	sp, sp, #8
 4691              		.cfi_def_cfa_offset 8
 4692              		@ sp needed
 4693 0040 10BD     		pop	{r4, pc}
 4694              		.cfi_endproc
 4695              	.LFE134:
 4696              		.size	ss_u_cmd_f32, .-ss_u_cmd_f32
 4697 0042 00BF     		.section	.text.u_cmd,"ax",%progbits
 4698              		.align	2
 4699              		.thumb
 4700              		.thumb_func
 4701              		.type	u_cmd, %function
 4702              	u_cmd:
 4703              	.LFB159:
 722:ctrl_pend.c   ****     }
 723:ctrl_pend.c   **** }
 724:ctrl_pend.c   **** static float u_cmd(CtrlLoop *lp)
 725:ctrl_pend.c   **** {
 4704              		.loc 1 725 0
 4705              		.cfi_startproc
 4706              		@ args = 0, pretend = 0, frame = 0
 4707              		@ frame_needed = 0, uses_anonymous_args = 0
 4708              	.LVL712:
 4709 0000 08B5     		push	{r3, lr}
 4710              		.cfi_def_cfa_offset 8
 4711              		.cfi_offset 3, -8
 4712              		.cfi_offset 14, -4
 726:ctrl_pend.c   ****     switch (g_num_type) {
 4713              		.loc 1 726 0
 4714 0002 0A4B     		ldr	r3, .L338
 4715 0004 1B78     		ldrb	r3, [r3]	@ zero_extendqisi2
 4716 0006 042B     		cmp	r3, #4
 4717 0008 06D0     		beq	.L332
 4718 000a 052B     		cmp	r3, #5
 4719 000c 07D0     		beq	.L333
 4720 000e 032B     		cmp	r3, #3
ARM GAS  C:\Users\user\AppData\Local\Temp\ccoNEg7E.s 			page 106


 4721 0010 08D1     		bne	.L336
 727:ctrl_pend.c   ****         case CTRL_NUM_Q31: return ss_u_cmd_q31(lp);
 4722              		.loc 1 727 0
 4723 0012 FFF7FEFF 		bl	ss_u_cmd_q31
 4724              	.LVL713:
 4725 0016 08BD     		pop	{r3, pc}
 4726              	.LVL714:
 4727              	.L332:
 728:ctrl_pend.c   ****         case CTRL_NUM_Q15: return ss_u_cmd_q15(lp);
 4728              		.loc 1 728 0
 4729 0018 FFF7FEFF 		bl	ss_u_cmd_q15
 4730              	.LVL715:
 4731 001c 08BD     		pop	{r3, pc}
 4732              	.LVL716:
 4733              	.L333:
 729:ctrl_pend.c   ****         case CTRL_NUM_Q7:  return ss_u_cmd_q7 (lp);
 4734              		.loc 1 729 0
 4735 001e FFF7FEFF 		bl	ss_u_cmd_q7
 4736              	.LVL717:
 4737 0022 08BD     		pop	{r3, pc}
 4738              	.LVL718:
 4739              	.L336:
 730:ctrl_pend.c   ****         default:           return ss_u_cmd_f32(lp);
 4740              		.loc 1 730 0
 4741 0024 FFF7FEFF 		bl	ss_u_cmd_f32
 4742              	.LVL719:
 731:ctrl_pend.c   ****     }
 732:ctrl_pend.c   **** }
 4743              		.loc 1 732 0
 4744 0028 08BD     		pop	{r3, pc}
 4745              	.L339:
 4746 002a 00BF     		.align	2
 4747              	.L338:
 4748 002c 00000000 		.word	.LANCHOR0
 4749              		.cfi_endproc
 4750              	.LFE159:
 4751              		.size	u_cmd, .-u_cmd
 4752              		.global	__aeabi_fcmpeq
 4753              		.section	.text.run_step,"ax",%progbits
 4754              		.align	2
 4755              		.thumb
 4756              		.thumb_func
 4757              		.type	run_step, %function
 4758              	run_step:
 4759              	.LFB160:
 733:ctrl_pend.c   **** 
 734:ctrl_pend.c   **** /* ============================================================
 735:ctrl_pend.c   ****    Paso de control completo (una planta)
 736:ctrl_pend.c   ****    Devuelve salida cruda (sin saturar).
 737:ctrl_pend.c   **** 
 738:ctrl_pend.c   ****    Patrón idéntico a Elia control_app.c:
 739:ctrl_pend.c   ****    - u_out guarda el saturado para que el observer use lo real
 740:ctrl_pend.c   ****    - vint += e (sin Ts) — igual que Elia g_vint
 741:ctrl_pend.c   ****    - Anti-windup: vint += (u_sat - u) / Kx (Elia no lo tiene)
 742:ctrl_pend.c   ****    ============================================================ */
 743:ctrl_pend.c   **** static float run_step(CtrlLoop *lp, float y)
 744:ctrl_pend.c   **** {
ARM GAS  C:\Users\user\AppData\Local\Temp\ccoNEg7E.s 			page 107


 4760              		.loc 1 744 0
 4761              		.cfi_startproc
 4762              		@ args = 0, pretend = 0, frame = 0
 4763              		@ frame_needed = 0, uses_anonymous_args = 0
 4764              	.LVL720:
 4765 0000 2DE9F84F 		push	{r3, r4, r5, r6, r7, r8, r9, r10, fp, lr}
 4766              		.cfi_def_cfa_offset 40
 4767              		.cfi_offset 3, -40
 4768              		.cfi_offset 4, -36
 4769              		.cfi_offset 5, -32
 4770              		.cfi_offset 6, -28
 4771              		.cfi_offset 7, -24
 4772              		.cfi_offset 8, -20
 4773              		.cfi_offset 9, -16
 4774              		.cfi_offset 10, -12
 4775              		.cfi_offset 11, -8
 4776              		.cfi_offset 14, -4
 4777 0004 0446     		mov	r4, r0
 4778 0006 0E46     		mov	r6, r1
 4779              	.LVL721:
 745:ctrl_pend.c   ****     float u      = 0.0f;
 746:ctrl_pend.c   ****     float u_prev = lp->u_out;   /* saturado del tick anterior */
 4780              		.loc 1 746 0
 4781 0008 D0F89C70 		ldr	r7, [r0, #156]	@ float
 4782              	.LVL722:
 747:ctrl_pend.c   ****     float u_sat;
 748:ctrl_pend.c   **** 
 749:ctrl_pend.c   ****     switch (lp->mode)
 4783              		.loc 1 749 0
 4784 000c 0078     		ldrb	r0, [r0]	@ zero_extendqisi2
 4785              	.LVL723:
 4786 000e 0528     		cmp	r0, #5
 4787 0010 00F2DD80 		bhi	.L360
 4788 0014 DFE810F0 		tbh	[pc, r0, lsl #1]
 4789              	.L343:
 4790 0018 0600     		.2byte	(.L342-.L343)/2
 4791 001a 1A00     		.2byte	(.L344-.L343)/2
 4792 001c 7900     		.2byte	(.L345-.L343)/2
 4793 001e 1A00     		.2byte	(.L344-.L343)/2
 4794 0020 7900     		.2byte	(.L345-.L343)/2
 4795 0022 D800     		.2byte	(.L346-.L343)/2
 4796              		.p2align 1
 4797              	.L342:
 750:ctrl_pend.c   ****     {
 751:ctrl_pend.c   ****         case CTRL_MODE_TF:
 752:ctrl_pend.c   ****             /* TF usa siempre F32 (DF2T escalar).
 753:ctrl_pend.c   ****                Feedforward 2DOF: u = C(z)*(ref-y) + Nbar*ref
 754:ctrl_pend.c   ****                Con Nbar=0 (default) se reduce al lazo 1DOF estándar. */
 755:ctrl_pend.c   ****             u = tf_step(lp, lp->ref - y) + lp->Nbar * lp->ref;
 4798              		.loc 1 755 0
 4799 0024 D4F89400 		ldr	r0, [r4, #148]	@ float
 4800 0028 FFF7FEFF 		bl	__aeabi_fsub
 4801              	.LVL724:
 4802 002c 0146     		mov	r1, r0
 4803 002e 2046     		mov	r0, r4
 4804 0030 FFF7FEFF 		bl	tf_step
 4805              	.LVL725:
ARM GAS  C:\Users\user\AppData\Local\Temp\ccoNEg7E.s 			page 108


 4806 0034 0546     		mov	r5, r0
 4807 0036 D4F89410 		ldr	r1, [r4, #148]	@ float
 4808 003a D4F89800 		ldr	r0, [r4, #152]	@ float
 4809 003e FFF7FEFF 		bl	__aeabi_fmul
 4810              	.LVL726:
 4811 0042 0146     		mov	r1, r0
 4812 0044 2846     		mov	r0, r5
 4813 0046 FFF7FEFF 		bl	__aeabi_fadd
 4814              	.LVL727:
 756:ctrl_pend.c   ****             break;
 4815              		.loc 1 756 0
 4816 004a C1E0     		b	.L341
 4817              	.LVL728:
 4818              	.L344:
 757:ctrl_pend.c   **** 
 758:ctrl_pend.c   ****         case CTRL_MODE_SS_PRED_NOI:
 759:ctrl_pend.c   ****         case CTRL_MODE_SS_PRED_I:
 760:ctrl_pend.c   ****             /* Integrador: vint += e  (sin Ts — igual que Elia control_app.c).
 761:ctrl_pend.c   ****                Ki en MATLAB se diseña con esta convención: u_i = Ki × sum(e[k]). */
 762:ctrl_pend.c   ****             if (mode_has_i(lp->mode)) lp->vint += (lp->ref - y);
 4819              		.loc 1 762 0
 4820 004c FFF7FEFF 		bl	mode_has_i
 4821              	.LVL729:
 4822 0050 58B1     		cbz	r0, .L347
 4823              		.loc 1 762 0 is_stmt 0 discriminator 1
 4824 0052 3146     		mov	r1, r6
 4825 0054 D4F89400 		ldr	r0, [r4, #148]	@ float
 4826 0058 FFF7FEFF 		bl	__aeabi_fsub
 4827              	.LVL730:
 4828 005c 0146     		mov	r1, r0
 4829 005e D4F89000 		ldr	r0, [r4, #144]	@ float
 4830 0062 FFF7FEFF 		bl	__aeabi_fadd
 4831              	.LVL731:
 4832 0066 C4F89000 		str	r0, [r4, #144]	@ float
 4833              	.L347:
 763:ctrl_pend.c   **** 
 764:ctrl_pend.c   ****             u = u_cmd(lp);
 4834              		.loc 1 764 0 is_stmt 1
 4835 006a 2046     		mov	r0, r4
 4836 006c FFF7FEFF 		bl	u_cmd
 4837              	.LVL732:
 4838 0070 0546     		mov	r5, r0
 4839              	.LVL733:
 4840              	.LBB388:
 765:ctrl_pend.c   ****             {
 766:ctrl_pend.c   ****                 float lo = g_sat_min, hi = g_sat_max;
 4841              		.loc 1 766 0
 4842 0072 594B     		ldr	r3, .L370
 4843 0074 D3F80080 		ldr	r8, [r3]	@ float
 4844              	.LVL734:
 4845 0078 D3F80490 		ldr	r9, [r3, #4]	@ float
 4846              	.LVL735:
 767:ctrl_pend.c   ****                 /* Lazo inner = el que comanda el motor: aplicamos también el
 768:ctrl_pend.c   ****                    límite físico para que el anti-windup active aunque el
 769:ctrl_pend.c   ****                    sat_min/max de MATLAB esté en otras unidades. */
 770:ctrl_pend.c   ****                 if (lp == &g_lp[PLANT_INNER]) inner_phys_limits(&lo, &hi);
 4847              		.loc 1 770 0
ARM GAS  C:\Users\user\AppData\Local\Temp\ccoNEg7E.s 			page 109


 4848 007c 574B     		ldr	r3, .L370+4
 4849 007e 9C42     		cmp	r4, r3
 4850 0080 19D1     		bne	.L348
 4851              	.LVL736:
 4852              	.LBB389:
 4853              	.LBB390:
  52:ctrl_pend.c   ****         pmax =  MOTOR_V_MAX;  pmin = -MOTOR_V_MAX;
 4854              		.loc 1 52 0
 4855 0082 574B     		ldr	r3, .L370+8
 4856 0084 1B78     		ldrb	r3, [r3]	@ zero_extendqisi2
 4857 0086 13F0020F 		tst	r3, #2
 4858 008a 04D0     		beq	.L361
  53:ctrl_pend.c   ****     } else {
 4859              		.loc 1 53 0
 4860 008c DFF854B1 		ldr	fp, .L370+12
 4861 0090 DFF854A1 		ldr	r10, .L370+16
 4862 0094 03E0     		b	.L349
 4863              	.L361:
  55:ctrl_pend.c   ****     }
 4864              		.loc 1 55 0
 4865 0096 DFF854B1 		ldr	fp, .L370+20
 4866 009a DFF854A1 		ldr	r10, .L370+24
 4867              	.L349:
 4868              	.LVL737:
  57:ctrl_pend.c   ****     if (*lo < pmin) *lo = pmin;
 4869              		.loc 1 57 0
 4870 009e 5946     		mov	r1, fp
 4871 00a0 4846     		mov	r0, r9
 4872              	.LVL738:
 4873 00a2 FFF7FEFF 		bl	__aeabi_fcmpgt
 4874              	.LVL739:
 4875 00a6 00B1     		cbz	r0, .L350
 4876 00a8 D946     		mov	r9, fp
 4877              	.LVL740:
 4878              	.L350:
  58:ctrl_pend.c   **** }
 4879              		.loc 1 58 0
 4880 00aa 4146     		mov	r1, r8
 4881 00ac 5046     		mov	r0, r10
 4882 00ae FFF7FEFF 		bl	__aeabi_fcmpgt
 4883              	.LVL741:
 4884 00b2 00B1     		cbz	r0, .L348
 4885 00b4 D046     		mov	r8, r10
 4886              	.LVL742:
 4887              	.L348:
 4888              	.LBE390:
 4889              	.LBE389:
 771:ctrl_pend.c   ****                 u_sat = satf(u, lo, hi);
 4890              		.loc 1 771 0
 4891 00b6 4A46     		mov	r2, r9
 4892 00b8 4146     		mov	r1, r8
 4893 00ba 2846     		mov	r0, r5
 4894 00bc FFF7FEFF 		bl	satf
 4895              	.LVL743:
 4896 00c0 8046     		mov	r8, r0
 4897              	.LVL744:
 4898              	.LBE388:
ARM GAS  C:\Users\user\AppData\Local\Temp\ccoNEg7E.s 			page 110


 772:ctrl_pend.c   ****             }
 773:ctrl_pend.c   **** 
 774:ctrl_pend.c   ****             /* Anti-windup back-calculation: corrige vint si hay saturación.
 775:ctrl_pend.c   ****                Sin efecto cuando u_sat == u (no satura). */
 776:ctrl_pend.c   ****             if (mode_has_i(lp->mode) && lp->Kx != 0.0f) {
 4899              		.loc 1 776 0
 4900 00c2 2078     		ldrb	r0, [r4]	@ zero_extendqisi2
 4901              	.LVL745:
 4902 00c4 FFF7FEFF 		bl	mode_has_i
 4903              	.LVL746:
 4904 00c8 A0B1     		cbz	r0, .L351
 4905              		.loc 1 776 0 is_stmt 0 discriminator 1
 4906 00ca D4F87C90 		ldr	r9, [r4, #124]	@ float
 4907 00ce 0021     		movs	r1, #0
 4908 00d0 4846     		mov	r0, r9
 4909 00d2 FFF7FEFF 		bl	__aeabi_fcmpeq
 4910              	.LVL747:
 4911 00d6 68B9     		cbnz	r0, .L351
 777:ctrl_pend.c   ****                 lp->vint += (u_sat - u) / lp->Kx;
 4912              		.loc 1 777 0 is_stmt 1
 4913 00d8 2946     		mov	r1, r5
 4914 00da 4046     		mov	r0, r8
 4915 00dc FFF7FEFF 		bl	__aeabi_fsub
 4916              	.LVL748:
 4917 00e0 4946     		mov	r1, r9
 4918 00e2 FFF7FEFF 		bl	__aeabi_fdiv
 4919              	.LVL749:
 4920 00e6 0146     		mov	r1, r0
 4921 00e8 D4F89000 		ldr	r0, [r4, #144]	@ float
 4922 00ec FFF7FEFF 		bl	__aeabi_fadd
 4923              	.LVL750:
 4924 00f0 C4F89000 		str	r0, [r4, #144]	@ float
 4925              	.L351:
 778:ctrl_pend.c   ****             }
 779:ctrl_pend.c   **** 
 780:ctrl_pend.c   ****             /* Observer usa u_sat — coincide con lo que ve la planta */
 781:ctrl_pend.c   ****             obs_pred(lp, y, u_prev, u_sat);
 4926              		.loc 1 781 0
 4927 00f4 4346     		mov	r3, r8
 4928 00f6 3A46     		mov	r2, r7
 4929 00f8 3146     		mov	r1, r6
 4930 00fa 2046     		mov	r0, r4
 4931 00fc FFF7FEFF 		bl	obs_pred
 4932              	.LVL751:
 782:ctrl_pend.c   ****             lp->u_out = u_sat;
 4933              		.loc 1 782 0
 4934 0100 C4F89C80 		str	r8, [r4, #156]	@ float
 783:ctrl_pend.c   ****             return u;
 4935              		.loc 1 783 0
 4936 0104 2846     		mov	r0, r5
 4937 0106 BDE8F88F 		pop	{r3, r4, r5, r6, r7, r8, r9, r10, fp, pc}
 4938              	.LVL752:
 4939              	.L345:
 784:ctrl_pend.c   **** 
 785:ctrl_pend.c   ****         case CTRL_MODE_SS_ACT_NOI:
 786:ctrl_pend.c   ****         case CTRL_MODE_SS_ACT_I:
 787:ctrl_pend.c   ****             /* Observer actual: primero corrección, luego ley de control */
ARM GAS  C:\Users\user\AppData\Local\Temp\ccoNEg7E.s 			page 111


 788:ctrl_pend.c   ****             obs_act_correct(lp, y, u_prev);
 4940              		.loc 1 788 0
 4941 010a 3A46     		mov	r2, r7
 4942 010c 2046     		mov	r0, r4
 4943 010e FFF7FEFF 		bl	obs_act_correct
 4944              	.LVL753:
 789:ctrl_pend.c   **** 
 790:ctrl_pend.c   ****             if (mode_has_i(lp->mode)) lp->vint += (lp->ref - y);
 4945              		.loc 1 790 0
 4946 0112 2078     		ldrb	r0, [r4]	@ zero_extendqisi2
 4947 0114 FFF7FEFF 		bl	mode_has_i
 4948              	.LVL754:
 4949 0118 58B1     		cbz	r0, .L354
 4950              		.loc 1 790 0 is_stmt 0 discriminator 1
 4951 011a 3146     		mov	r1, r6
 4952 011c D4F89400 		ldr	r0, [r4, #148]	@ float
 4953 0120 FFF7FEFF 		bl	__aeabi_fsub
 4954              	.LVL755:
 4955 0124 0146     		mov	r1, r0
 4956 0126 D4F89000 		ldr	r0, [r4, #144]	@ float
 4957 012a FFF7FEFF 		bl	__aeabi_fadd
 4958              	.LVL756:
 4959 012e C4F89000 		str	r0, [r4, #144]	@ float
 4960              	.L354:
 791:ctrl_pend.c   **** 
 792:ctrl_pend.c   ****             u = u_cmd(lp);
 4961              		.loc 1 792 0 is_stmt 1
 4962 0132 2046     		mov	r0, r4
 4963 0134 FFF7FEFF 		bl	u_cmd
 4964              	.LVL757:
 4965 0138 0546     		mov	r5, r0
 4966              	.LVL758:
 4967              	.LBB391:
 793:ctrl_pend.c   ****             {
 794:ctrl_pend.c   ****                 float lo = g_sat_min, hi = g_sat_max;
 4968              		.loc 1 794 0
 4969 013a 274B     		ldr	r3, .L370
 4970 013c 1E68     		ldr	r6, [r3]	@ float
 4971              	.LVL759:
 4972 013e 5F68     		ldr	r7, [r3, #4]	@ float
 4973              	.LVL760:
 795:ctrl_pend.c   ****                 if (lp == &g_lp[PLANT_INNER]) inner_phys_limits(&lo, &hi);
 4974              		.loc 1 795 0
 4975 0140 264B     		ldr	r3, .L370+4
 4976 0142 9C42     		cmp	r4, r3
 4977 0144 19D1     		bne	.L355
 4978              	.LVL761:
 4979              	.LBB392:
 4980              	.LBB393:
  52:ctrl_pend.c   ****         pmax =  MOTOR_V_MAX;  pmin = -MOTOR_V_MAX;
 4981              		.loc 1 52 0
 4982 0146 264B     		ldr	r3, .L370+8
 4983 0148 1B78     		ldrb	r3, [r3]	@ zero_extendqisi2
 4984 014a 13F0020F 		tst	r3, #2
 4985 014e 04D0     		beq	.L364
  53:ctrl_pend.c   ****     } else {
 4986              		.loc 1 53 0
ARM GAS  C:\Users\user\AppData\Local\Temp\ccoNEg7E.s 			page 112


 4987 0150 DFF89090 		ldr	r9, .L370+12
 4988 0154 DFF89080 		ldr	r8, .L370+16
 4989 0158 03E0     		b	.L356
 4990              	.L364:
  55:ctrl_pend.c   ****     }
 4991              		.loc 1 55 0
 4992 015a DFF89090 		ldr	r9, .L370+20
 4993 015e DFF89080 		ldr	r8, .L370+24
 4994              	.L356:
 4995              	.LVL762:
  57:ctrl_pend.c   ****     if (*lo < pmin) *lo = pmin;
 4996              		.loc 1 57 0
 4997 0162 4946     		mov	r1, r9
 4998 0164 3846     		mov	r0, r7
 4999              	.LVL763:
 5000 0166 FFF7FEFF 		bl	__aeabi_fcmpgt
 5001              	.LVL764:
 5002 016a 00B1     		cbz	r0, .L357
 5003 016c 4F46     		mov	r7, r9
 5004              	.LVL765:
 5005              	.L357:
  58:ctrl_pend.c   **** }
 5006              		.loc 1 58 0
 5007 016e 4146     		mov	r1, r8
 5008 0170 3046     		mov	r0, r6
 5009 0172 FFF7FEFF 		bl	__aeabi_fcmplt
 5010              	.LVL766:
 5011 0176 00B1     		cbz	r0, .L355
 5012 0178 4646     		mov	r6, r8
 5013              	.LVL767:
 5014              	.L355:
 5015              	.LBE393:
 5016              	.LBE392:
 796:ctrl_pend.c   ****                 u_sat = satf(u, lo, hi);
 5017              		.loc 1 796 0
 5018 017a 3A46     		mov	r2, r7
 5019 017c 3146     		mov	r1, r6
 5020 017e 2846     		mov	r0, r5
 5021 0180 FFF7FEFF 		bl	satf
 5022              	.LVL768:
 5023 0184 0646     		mov	r6, r0
 5024              	.LVL769:
 5025              	.LBE391:
 797:ctrl_pend.c   ****             }
 798:ctrl_pend.c   **** 
 799:ctrl_pend.c   ****             if (mode_has_i(lp->mode) && lp->Kx != 0.0f) {
 5026              		.loc 1 799 0
 5027 0186 2078     		ldrb	r0, [r4]	@ zero_extendqisi2
 5028              	.LVL770:
 5029 0188 FFF7FEFF 		bl	mode_has_i
 5030              	.LVL771:
 5031 018c 98B1     		cbz	r0, .L358
 5032              		.loc 1 799 0 is_stmt 0 discriminator 1
 5033 018e E76F     		ldr	r7, [r4, #124]	@ float
 5034 0190 0021     		movs	r1, #0
 5035 0192 3846     		mov	r0, r7
 5036 0194 FFF7FEFF 		bl	__aeabi_fcmpeq
ARM GAS  C:\Users\user\AppData\Local\Temp\ccoNEg7E.s 			page 113


 5037              	.LVL772:
 5038 0198 68B9     		cbnz	r0, .L358
 800:ctrl_pend.c   ****                 lp->vint += (u_sat - u) / lp->Kx;
 5039              		.loc 1 800 0 is_stmt 1
 5040 019a 2946     		mov	r1, r5
 5041 019c 3046     		mov	r0, r6
 5042 019e FFF7FEFF 		bl	__aeabi_fsub
 5043              	.LVL773:
 5044 01a2 3946     		mov	r1, r7
 5045 01a4 FFF7FEFF 		bl	__aeabi_fdiv
 5046              	.LVL774:
 5047 01a8 0146     		mov	r1, r0
 5048 01aa D4F89000 		ldr	r0, [r4, #144]	@ float
 5049 01ae FFF7FEFF 		bl	__aeabi_fadd
 5050              	.LVL775:
 5051 01b2 C4F89000 		str	r0, [r4, #144]	@ float
 5052              	.L358:
 801:ctrl_pend.c   ****             }
 802:ctrl_pend.c   **** 
 803:ctrl_pend.c   ****             /* Predicción de zhat usa u_sat real */
 804:ctrl_pend.c   ****             obs_act_predict(lp, u_sat);
 5053              		.loc 1 804 0
 5054 01b6 3146     		mov	r1, r6
 5055 01b8 2046     		mov	r0, r4
 5056 01ba FFF7FEFF 		bl	obs_act_predict
 5057              	.LVL776:
 805:ctrl_pend.c   ****             lp->u_out = u_sat;
 5058              		.loc 1 805 0
 5059 01be C4F89C60 		str	r6, [r4, #156]	@ float
 806:ctrl_pend.c   ****             return u;
 5060              		.loc 1 806 0
 5061 01c2 2846     		mov	r0, r5
 5062 01c4 BDE8F88F 		pop	{r3, r4, r5, r6, r7, r8, r9, r10, fp, pc}
 5063              	.LVL777:
 5064              	.L346:
 807:ctrl_pend.c   **** 
 808:ctrl_pend.c   ****         case CTRL_MODE_OPEN_LOOP:
 809:ctrl_pend.c   ****             u = lp->ref;
 5065              		.loc 1 809 0
 5066 01c8 D4F89400 		ldr	r0, [r4, #148]	@ float
 5067              	.LVL778:
 810:ctrl_pend.c   ****             break;
 5068              		.loc 1 810 0
 5069 01cc 00E0     		b	.L341
 5070              	.LVL779:
 5071              	.L360:
 811:ctrl_pend.c   **** 
 812:ctrl_pend.c   ****         default:    /* CTRL_MODE_OFF */
 813:ctrl_pend.c   ****             u = 0.0f;
 5072              		.loc 1 813 0
 5073 01ce 0020     		movs	r0, #0
 5074              	.LVL780:
 5075              	.L341:
 814:ctrl_pend.c   ****             break;
 815:ctrl_pend.c   ****     }
 816:ctrl_pend.c   **** 
 817:ctrl_pend.c   ****     lp->u_out = u;
ARM GAS  C:\Users\user\AppData\Local\Temp\ccoNEg7E.s 			page 114


 5076              		.loc 1 817 0
 5077 01d0 C4F89C00 		str	r0, [r4, #156]	@ float
 818:ctrl_pend.c   ****     return u;
 819:ctrl_pend.c   **** }
 5078              		.loc 1 819 0
 5079 01d4 BDE8F88F 		pop	{r3, r4, r5, r6, r7, r8, r9, r10, fp, pc}
 5080              	.LVL781:
 5081              	.L371:
 5082              		.align	2
 5083              	.L370:
 5084 01d8 00000000 		.word	.LANCHOR1
 5085 01dc 04000000 		.word	.LANCHOR0+4
 5086 01e0 00000000 		.word	g_ref_in_volts
 5087 01e4 00004041 		.word	1094713344
 5088 01e8 000040C1 		.word	-1052770304
 5089 01ec 00009E44 		.word	1151205376
 5090 01f0 00009EC4 		.word	-996278272
 5091              		.cfi_endproc
 5092              	.LFE160:
 5093              		.size	run_step, .-run_step
 5094              		.section	.text.ctrl_init,"ax",%progbits
 5095              		.align	2
 5096              		.global	ctrl_init
 5097              		.thumb
 5098              		.thumb_func
 5099              		.type	ctrl_init, %function
 5100              	ctrl_init:
 5101              	.LFB161:
 820:ctrl_pend.c   **** 
 821:ctrl_pend.c   **** /* ============================================================
 822:ctrl_pend.c   ****    ctrl_init()
 823:ctrl_pend.c   ****    ============================================================ */
 824:ctrl_pend.c   **** void ctrl_init(void)
 825:ctrl_pend.c   **** {
 5102              		.loc 1 825 0
 5103              		.cfi_startproc
 5104              		@ args = 0, pretend = 0, frame = 0
 5105              		@ frame_needed = 0, uses_anonymous_args = 0
 5106 0000 08B5     		push	{r3, lr}
 5107              		.cfi_def_cfa_offset 8
 5108              		.cfi_offset 3, -8
 5109              		.cfi_offset 14, -4
 826:ctrl_pend.c   ****     uint8 p;
 827:ctrl_pend.c   ****     memset(g_lp, 0, sizeof(g_lp));
 5110              		.loc 1 827 0
 5111 0002 4FF40672 		mov	r2, #536
 5112 0006 0021     		movs	r1, #0
 5113 0008 1448     		ldr	r0, .L376
 5114 000a FFF7FEFF 		bl	memset
 5115              	.LVL782:
 828:ctrl_pend.c   ****     for (p = 0u; p < PLANT_COUNT; p++) {
 5116              		.loc 1 828 0
 5117 000e 0023     		movs	r3, #0
 5118 0010 12E0     		b	.L373
 5119              	.LVL783:
 5120              	.L374:
 829:ctrl_pend.c   ****         g_lp[p].mode    = CTRL_MODE_OFF;
ARM GAS  C:\Users\user\AppData\Local\Temp\ccoNEg7E.s 			page 115


 5121              		.loc 1 829 0 discriminator 3
 5122 0012 4FF48672 		mov	r2, #268
 5123 0016 1249     		ldr	r1, .L376+4
 5124 0018 02FB0312 		mla	r2, r2, r3, r1
 5125 001c 0621     		movs	r1, #6
 5126 001e 1171     		strb	r1, [r2, #4]
 830:ctrl_pend.c   ****         g_lp[p].N       = 1u;
 5127              		.loc 1 830 0 discriminator 3
 5128 0020 0121     		movs	r1, #1
 5129 0022 A2F8A410 		strh	r1, [r2, #164]	@ movhi
 831:ctrl_pend.c   ****         g_lp[p].q_scale = 1.0f;
 5130              		.loc 1 831 0 discriminator 3
 5131 0026 4FF07E51 		mov	r1, #1065353216
 5132 002a C2F8A810 		str	r1, [r2, #168]	@ float
 832:ctrl_pend.c   ****         g_lp[p].Nbar    = 0.0f;
 5133              		.loc 1 832 0 discriminator 3
 5134 002e 0021     		movs	r1, #0
 5135 0030 C2F89C10 		str	r1, [r2, #156]	@ float
 828:ctrl_pend.c   ****         g_lp[p].mode    = CTRL_MODE_OFF;
 5136              		.loc 1 828 0 discriminator 3
 5137 0034 0133     		adds	r3, r3, #1
 5138              	.LVL784:
 5139 0036 DBB2     		uxtb	r3, r3
 5140              	.LVL785:
 5141              	.L373:
 828:ctrl_pend.c   ****         g_lp[p].mode    = CTRL_MODE_OFF;
 5142              		.loc 1 828 0 is_stmt 0 discriminator 1
 5143 0038 012B     		cmp	r3, #1
 5144 003a EAD9     		bls	.L374
 833:ctrl_pend.c   ****     }
 834:ctrl_pend.c   ****     g_running           = 0u;
 5145              		.loc 1 834 0 is_stmt 1
 5146 003c 084B     		ldr	r3, .L376+4
 5147              	.LVL786:
 5148 003e 0022     		movs	r2, #0
 5149 0040 83F81C22 		strb	r2, [r3, #540]
 835:ctrl_pend.c   ****     g_num_type          = CTRL_NUM_F32;
 5150              		.loc 1 835 0
 5151 0044 1A70     		strb	r2, [r3]
 836:ctrl_pend.c   ****     ctrl_telem_ready    = 0u;
 5152              		.loc 1 836 0
 5153 0046 83F81D22 		strb	r2, [r3, #541]
 837:ctrl_pend.c   ****     ctrl_period_pending = 0u;
 5154              		.loc 1 837 0
 5155 004a 83F81E22 		strb	r2, [r3, #542]
 838:ctrl_pend.c   ****     g_y1_filt           = 0.0f;
 5156              		.loc 1 838 0
 5157 004e 0022     		movs	r2, #0
 5158 0050 C3F82022 		str	r2, [r3, #544]	@ float
 839:ctrl_pend.c   ****     g_y2_filt           = 0.0f;
 5159              		.loc 1 839 0
 5160 0054 C3F82422 		str	r2, [r3, #548]	@ float
 5161 0058 08BD     		pop	{r3, pc}
 5162              	.L377:
 5163 005a 00BF     		.align	2
 5164              	.L376:
 5165 005c 04000000 		.word	.LANCHOR0+4
ARM GAS  C:\Users\user\AppData\Local\Temp\ccoNEg7E.s 			page 116


 5166 0060 00000000 		.word	.LANCHOR0
 5167              		.cfi_endproc
 5168              	.LFE161:
 5169              		.size	ctrl_init, .-ctrl_init
 5170              		.section	.text.ctrl_set_mode,"ax",%progbits
 5171              		.align	2
 5172              		.global	ctrl_set_mode
 5173              		.thumb
 5174              		.thumb_func
 5175              		.type	ctrl_set_mode, %function
 5176              	ctrl_set_mode:
 5177              	.LFB162:
 840:ctrl_pend.c   **** }
 841:ctrl_pend.c   **** 
 842:ctrl_pend.c   **** /* ============================================================
 843:ctrl_pend.c   ****    ctrl_set_mode()
 844:ctrl_pend.c   ****    ============================================================ */
 845:ctrl_pend.c   **** void ctrl_set_mode(uint8 plant_id, uint8 mode)
 846:ctrl_pend.c   **** {
 5178              		.loc 1 846 0
 5179              		.cfi_startproc
 5180              		@ args = 0, pretend = 0, frame = 0
 5181              		@ frame_needed = 0, uses_anonymous_args = 0
 5182              		@ link register save eliminated.
 5183              	.LVL787:
 847:ctrl_pend.c   ****     if (plant_id >= PLANT_COUNT) return;
 5184              		.loc 1 847 0
 5185 0000 0128     		cmp	r0, #1
 5186 0002 08D8     		bhi	.L378
 848:ctrl_pend.c   ****     if (mode > CTRL_MODE_OFF) mode = CTRL_MODE_OFF;
 5187              		.loc 1 848 0
 5188 0004 0629     		cmp	r1, #6
 5189 0006 00D9     		bls	.L380
 5190 0008 0621     		movs	r1, #6
 5191              	.LVL788:
 5192              	.L380:
 849:ctrl_pend.c   ****     g_lp[plant_id].mode = mode;
 5193              		.loc 1 849 0
 5194 000a 4FF48672 		mov	r2, #268
 5195 000e 024B     		ldr	r3, .L382
 5196 0010 02FB0030 		mla	r0, r2, r0, r3
 5197              	.LVL789:
 5198 0014 0171     		strb	r1, [r0, #4]
 5199              	.L378:
 5200 0016 7047     		bx	lr
 5201              	.L383:
 5202              		.align	2
 5203              	.L382:
 5204 0018 00000000 		.word	.LANCHOR0
 5205              		.cfi_endproc
 5206              	.LFE162:
 5207              		.size	ctrl_set_mode, .-ctrl_set_mode
 5208              		.global	__aeabi_f2uiz
 5209              		.global	__aeabi_fcmple
 5210              		.section	.text.ctrl_apply_coeffs,"ax",%progbits
 5211              		.align	2
 5212              		.global	ctrl_apply_coeffs
ARM GAS  C:\Users\user\AppData\Local\Temp\ccoNEg7E.s 			page 117


 5213              		.thumb
 5214              		.thumb_func
 5215              		.type	ctrl_apply_coeffs, %function
 5216              	ctrl_apply_coeffs:
 5217              	.LFB163:
 850:ctrl_pend.c   **** }
 851:ctrl_pend.c   **** 
 852:ctrl_pend.c   **** /* ============================================================
 853:ctrl_pend.c   ****    ctrl_apply_coeffs()
 854:ctrl_pend.c   ****    Parsea 25 floats al struct de control.
 855:ctrl_pend.c   ****    c[16] = q_scale para paths Q (0 → default 1.0).
 856:ctrl_pend.c   ****    El modo DEBE estar seteado antes de llamar.
 857:ctrl_pend.c   ****    ============================================================ */
 858:ctrl_pend.c   **** void ctrl_apply_coeffs(uint8 plant_id, const float* c, uint16 n)
 859:ctrl_pend.c   **** {
 5218              		.loc 1 859 0
 5219              		.cfi_startproc
 5220              		@ args = 0, pretend = 0, frame = 8
 5221              		@ frame_needed = 0, uses_anonymous_args = 0
 5222              	.LVL790:
 860:ctrl_pend.c   ****     if (plant_id >= PLANT_COUNT) return;
 5223              		.loc 1 860 0
 5224 0000 0128     		cmp	r0, #1
 5225 0002 00F26B82 		bhi	.L433
 861:ctrl_pend.c   ****     if (!c || n < 16u) return;
 5226              		.loc 1 861 0
 5227 0006 0029     		cmp	r1, #0
 5228 0008 00F06882 		beq	.L433
 5229              		.loc 1 861 0 is_stmt 0 discriminator 1
 5230 000c 0F2A     		cmp	r2, #15
 5231 000e 40F26582 		bls	.L433
 859:ctrl_pend.c   ****     if (plant_id >= PLANT_COUNT) return;
 5232              		.loc 1 859 0 is_stmt 1
 5233 0012 2DE9F04F 		push	{r4, r5, r6, r7, r8, r9, r10, fp, lr}
 5234              		.cfi_def_cfa_offset 36
 5235              		.cfi_offset 4, -36
 5236              		.cfi_offset 5, -32
 5237              		.cfi_offset 6, -28
 5238              		.cfi_offset 7, -24
 5239              		.cfi_offset 8, -20
 5240              		.cfi_offset 9, -16
 5241              		.cfi_offset 10, -12
 5242              		.cfi_offset 11, -8
 5243              		.cfi_offset 14, -4
 5244 0016 83B0     		sub	sp, sp, #12
 5245              		.cfi_def_cfa_offset 48
 5246 0018 1646     		mov	r6, r2
 5247 001a 0F46     		mov	r7, r1
 5248 001c 0446     		mov	r4, r0
 862:ctrl_pend.c   **** 
 863:ctrl_pend.c   ****     CtrlLoop *lp = &g_lp[plant_id];
 5249              		.loc 1 863 0
 5250 001e 0546     		mov	r5, r0
 5251              	.LVL791:
 5252              	.LBB394:
 864:ctrl_pend.c   **** 
 865:ctrl_pend.c   ****     /* --- N y Fs (siempre) --- */
ARM GAS  C:\Users\user\AppData\Local\Temp\ccoNEg7E.s 			page 118


 866:ctrl_pend.c   ****     {
 867:ctrl_pend.c   ****         uint32 Nv = (uint32)(c[14] + 0.5f);
 5253              		.loc 1 867 0
 5254 0020 4FF07C51 		mov	r1, #1056964608
 5255              	.LVL792:
 5256 0024 B86B     		ldr	r0, [r7, #56]	@ float
 5257              	.LVL793:
 5258 0026 FFF7FEFF 		bl	__aeabi_fadd
 5259              	.LVL794:
 5260 002a FFF7FEFF 		bl	__aeabi_f2uiz
 5261              	.LVL795:
 868:ctrl_pend.c   ****         if (Nv < 1u) Nv = 1u;
 5262              		.loc 1 868 0
 5263 002e 0246     		mov	r2, r0
 5264 0030 00B9     		cbnz	r0, .L386
 5265 0032 0122     		movs	r2, #1
 5266              	.L386:
 5267              	.LVL796:
 869:ctrl_pend.c   ****         lp->N = (uint16)(Nv & 0xFFFFu);
 5268              		.loc 1 869 0
 5269 0034 4FF48673 		mov	r3, #268
 5270 0038 B749     		ldr	r1, .L434
 5271 003a 03FB0413 		mla	r3, r3, r4, r1
 5272 003e A3F8A420 		strh	r2, [r3, #164]	@ movhi
 870:ctrl_pend.c   **** 
 871:ctrl_pend.c   ****         float fs = c[15];
 5273              		.loc 1 871 0
 5274 0042 D7F83C80 		ldr	r8, [r7, #60]	@ float
 5275              	.LVL797:
 872:ctrl_pend.c   ****         if (fs > 0.5f && fs <= 10000.0f) {
 5276              		.loc 1 872 0
 5277 0046 4FF07C51 		mov	r1, #1056964608
 5278 004a 4046     		mov	r0, r8
 5279 004c FFF7FEFF 		bl	__aeabi_fcmpgt
 5280              	.LVL798:
 5281 0050 D8B1     		cbz	r0, .L387
 5282              		.loc 1 872 0 is_stmt 0 discriminator 1
 5283 0052 B249     		ldr	r1, .L434+4
 5284 0054 4046     		mov	r0, r8
 5285 0056 FFF7FEFF 		bl	__aeabi_fcmple
 5286              	.LVL799:
 5287 005a B0B1     		cbz	r0, .L387
 5288              	.LBB395:
 873:ctrl_pend.c   ****             g_Ts = 1.0f / fs;
 5289              		.loc 1 873 0 is_stmt 1
 5290 005c 4146     		mov	r1, r8
 5291 005e 4FF07E50 		mov	r0, #1065353216
 5292 0062 FFF7FEFF 		bl	__aeabi_fdiv
 5293              	.LVL800:
 5294 0066 AE4B     		ldr	r3, .L434+8
 5295 0068 9860     		str	r0, [r3, #8]	@ float
 874:ctrl_pend.c   ****             uint32 period = (uint32)((float)TIMER_CLOCK_HZ / fs);
 5296              		.loc 1 874 0
 5297 006a 4146     		mov	r1, r8
 5298 006c AD48     		ldr	r0, .L434+12
 5299 006e FFF7FEFF 		bl	__aeabi_fdiv
 5300              	.LVL801:
ARM GAS  C:\Users\user\AppData\Local\Temp\ccoNEg7E.s 			page 119


 5301 0072 FFF7FEFF 		bl	__aeabi_f2uiz
 5302              	.LVL802:
 875:ctrl_pend.c   ****             if (period < 2u) period = 2u;
 5303              		.loc 1 875 0
 5304 0076 0128     		cmp	r0, #1
 5305 0078 00D8     		bhi	.L390
 5306 007a 0220     		movs	r0, #2
 5307              	.LVL803:
 5308              	.L390:
 876:ctrl_pend.c   ****             ctrl_period_ticks   = period - 1u;
 5309              		.loc 1 876 0
 5310 007c 0138     		subs	r0, r0, #1
 5311              	.LVL804:
 5312 007e A84B     		ldr	r3, .L434+8
 5313 0080 D860     		str	r0, [r3, #12]
 877:ctrl_pend.c   ****             ctrl_period_pending = 1u;
 5314              		.loc 1 877 0
 5315 0082 0122     		movs	r2, #1
 5316 0084 A44B     		ldr	r3, .L434
 5317 0086 83F81E22 		strb	r2, [r3, #542]
 5318              	.LVL805:
 5319              	.L387:
 5320              	.LBE395:
 5321              	.LBE394:
 878:ctrl_pend.c   ****         }
 879:ctrl_pend.c   ****     }
 880:ctrl_pend.c   **** 
 881:ctrl_pend.c   ****     /* --- q_scale (c[16], nuevo en v6.3) --- */
 882:ctrl_pend.c   ****     if (n > 16u && c[16] > 0.0f)
 5322              		.loc 1 882 0
 5323 008a 102E     		cmp	r6, #16
 5324 008c 0ED9     		bls	.L391
 5325              		.loc 1 882 0 is_stmt 0 discriminator 1
 5326 008e D7F84080 		ldr	r8, [r7, #64]	@ float
 5327              	.LVL806:
 5328 0092 0021     		movs	r1, #0
 5329 0094 4046     		mov	r0, r8
 5330 0096 FFF7FEFF 		bl	__aeabi_fcmpgt
 5331              	.LVL807:
 5332 009a 38B1     		cbz	r0, .L391
 883:ctrl_pend.c   ****         lp->q_scale = c[16];
 5333              		.loc 1 883 0 is_stmt 1
 5334 009c 4FF48673 		mov	r3, #268
 5335 00a0 9D4A     		ldr	r2, .L434
 5336 00a2 03FB0423 		mla	r3, r3, r4, r2
 5337 00a6 C3F8A880 		str	r8, [r3, #168]	@ float
 5338 00aa 08E0     		b	.L393
 5339              	.L391:
 884:ctrl_pend.c   ****     else
 885:ctrl_pend.c   ****         lp->q_scale = 1.0f;
 5340              		.loc 1 885 0
 5341 00ac 4FF48673 		mov	r3, #268
 5342 00b0 994A     		ldr	r2, .L434
 5343 00b2 03FB0423 		mla	r3, r3, r4, r2
 5344 00b6 4FF07E52 		mov	r2, #1065353216
 5345 00ba C3F8A820 		str	r2, [r3, #168]	@ float
 5346              	.L393:
ARM GAS  C:\Users\user\AppData\Local\Temp\ccoNEg7E.s 			page 120


 886:ctrl_pend.c   **** 
 887:ctrl_pend.c   ****     /* --- Nbar feedforward (c[17]): u_total = C(z)*(ref-y) + Nbar*ref (TF mode) --- */
 888:ctrl_pend.c   ****     lp->Nbar = (n > 17u) ? c[17] : 0.0f;
 5347              		.loc 1 888 0
 5348 00be 112E     		cmp	r6, #17
 5349 00c0 01D9     		bls	.L412
 5350              		.loc 1 888 0 is_stmt 0 discriminator 1
 5351 00c2 7A6C     		ldr	r2, [r7, #68]	@ float
 5352 00c4 00E0     		b	.L394
 5353              	.L412:
 5354              		.loc 1 888 0
 5355 00c6 0022     		movs	r2, #0
 5356              	.L394:
 5357              		.loc 1 888 0 discriminator 4
 5358 00c8 4FF48673 		mov	r3, #268
 5359 00cc 9249     		ldr	r1, .L434
 5360 00ce 03FB0413 		mla	r3, r3, r4, r1
 5361 00d2 C3F89C20 		str	r2, [r3, #156]	@ float
 889:ctrl_pend.c   **** 
 890:ctrl_pend.c   ****     /* --- Coeficientes TF --- */
 891:ctrl_pend.c   ****     if (lp->mode == CTRL_MODE_TF)
 5362              		.loc 1 891 0 is_stmt 1 discriminator 4
 5363 00d6 1879     		ldrb	r0, [r3, #4]	@ zero_extendqisi2
 5364 00d8 A8B1     		cbz	r0, .L413
 5365 00da 68E0     		b	.L431
 5366              	.LVL808:
 5367              	.L397:
 5368              	.LBB396:
 892:ctrl_pend.c   ****     {
 893:ctrl_pend.c   ****         uint8 i;
 894:ctrl_pend.c   ****         for (i = 0u; i < 6u; i++) {
 895:ctrl_pend.c   ****             lp->tf_b[i] = c[i];
 5369              		.loc 1 895 0 discriminator 3
 5370 00dc 57F82160 		ldr	r6, [r7, r1, lsl #2]	@ float
 5371 00e0 8D4A     		ldr	r2, .L434
 5372 00e2 05EB4513 		add	r3, r5, r5, lsl #5
 5373 00e6 05EB4303 		add	r3, r5, r3, lsl #1
 5374 00ea 0B44     		add	r3, r3, r1
 5375 00ec 02EB8300 		add	r0, r2, r3, lsl #2
 5376 00f0 8660     		str	r6, [r0, #8]	@ float
 896:ctrl_pend.c   ****             lp->tf_a[i] = c[i + 6u];
 5377              		.loc 1 896 0 discriminator 3
 5378 00f2 881D     		adds	r0, r1, #6
 5379 00f4 57F82000 		ldr	r0, [r7, r0, lsl #2]	@ float
 5380 00f8 0633     		adds	r3, r3, #6
 5381 00fa 02EB8303 		add	r3, r2, r3, lsl #2
 5382 00fe 9860     		str	r0, [r3, #8]	@ float
 894:ctrl_pend.c   ****             lp->tf_b[i] = c[i];
 5383              		.loc 1 894 0 discriminator 3
 5384 0100 0131     		adds	r1, r1, #1
 5385              	.LVL809:
 5386 0102 C9B2     		uxtb	r1, r1
 5387              	.LVL810:
 5388 0104 00E0     		b	.L395
 5389              	.LVL811:
 5390              	.L413:
 5391              	.LBE396:
ARM GAS  C:\Users\user\AppData\Local\Temp\ccoNEg7E.s 			page 121


 5392 0106 0021     		movs	r1, #0
 5393              	.L395:
 5394              	.LVL812:
 5395              	.LBB399:
 894:ctrl_pend.c   ****             lp->tf_b[i] = c[i];
 5396              		.loc 1 894 0 is_stmt 0 discriminator 1
 5397 0108 0529     		cmp	r1, #5
 5398 010a E7D9     		bls	.L397
 897:ctrl_pend.c   ****         }
 898:ctrl_pend.c   ****         float a0 = lp->tf_a[0];
 5399              		.loc 1 898 0 is_stmt 1
 5400 010c 4FF48673 		mov	r3, #268
 5401 0110 814A     		ldr	r2, .L434
 5402 0112 03FB0423 		mla	r3, r3, r4, r2
 5403 0116 D3F82080 		ldr	r8, [r3, #32]	@ float
 5404              	.LVL813:
 899:ctrl_pend.c   ****         if (a0 != 0.0f && a0 != 1.0f) {
 5405              		.loc 1 899 0
 5406 011a 0021     		movs	r1, #0
 5407              	.LVL814:
 5408 011c 4046     		mov	r0, r8
 5409 011e FFF7FEFF 		bl	__aeabi_fcmpeq
 5410              	.LVL815:
 5411 0122 0028     		cmp	r0, #0
 5412 0124 35D1     		bne	.L398
 5413              		.loc 1 899 0 is_stmt 0 discriminator 1
 5414 0126 4FF07E51 		mov	r1, #1065353216
 5415 012a 4046     		mov	r0, r8
 5416 012c FFF7FEFF 		bl	__aeabi_fcmpeq
 5417              	.LVL816:
 5418 0130 80B1     		cbz	r0, .L414
 5419 0132 2EE0     		b	.L398
 5420              	.LVL817:
 5421              	.L401:
 5422              	.LBB397:
 900:ctrl_pend.c   ****             uint8 j;
 901:ctrl_pend.c   ****             for (j = 0u; j < 6u; j++) lp->tf_b[j] /= a0;
 5423              		.loc 1 901 0 is_stmt 1 discriminator 3
 5424 0134 05EB4513 		add	r3, r5, r5, lsl #5
 5425 0138 05EB4303 		add	r3, r5, r3, lsl #1
 5426 013c 3B44     		add	r3, r3, r7
 5427 013e 764E     		ldr	r6, .L434
 5428 0140 06EB8306 		add	r6, r6, r3, lsl #2
 5429 0144 4146     		mov	r1, r8
 5430 0146 B068     		ldr	r0, [r6, #8]	@ float
 5431 0148 FFF7FEFF 		bl	__aeabi_fdiv
 5432              	.LVL818:
 5433 014c B060     		str	r0, [r6, #8]	@ float
 5434 014e 0137     		adds	r7, r7, #1
 5435              	.LVL819:
 5436 0150 FFB2     		uxtb	r7, r7
 5437              	.LVL820:
 5438 0152 00E0     		b	.L400
 5439              	.LVL821:
 5440              	.L414:
 5441              	.LBE397:
 5442 0154 0027     		movs	r7, #0
ARM GAS  C:\Users\user\AppData\Local\Temp\ccoNEg7E.s 			page 122


 5443              	.LVL822:
 5444              	.L400:
 5445              	.LBB398:
 5446              		.loc 1 901 0 is_stmt 0 discriminator 1
 5447 0156 052F     		cmp	r7, #5
 5448 0158 ECD9     		bls	.L401
 5449 015a 0127     		movs	r7, #1
 5450              	.LVL823:
 5451 015c 0FE0     		b	.L402
 5452              	.LVL824:
 5453              	.L403:
 902:ctrl_pend.c   ****             for (j = 1u; j < 6u; j++) lp->tf_a[j] /= a0;
 5454              		.loc 1 902 0 is_stmt 1 discriminator 3
 5455 015e 05EB4513 		add	r3, r5, r5, lsl #5
 5456 0162 05EB4303 		add	r3, r5, r3, lsl #1
 5457 0166 3B44     		add	r3, r3, r7
 5458 0168 0633     		adds	r3, r3, #6
 5459 016a 6B4E     		ldr	r6, .L434
 5460 016c 06EB8306 		add	r6, r6, r3, lsl #2
 5461 0170 4146     		mov	r1, r8
 5462 0172 B068     		ldr	r0, [r6, #8]	@ float
 5463 0174 FFF7FEFF 		bl	__aeabi_fdiv
 5464              	.LVL825:
 5465 0178 B060     		str	r0, [r6, #8]	@ float
 5466 017a 0137     		adds	r7, r7, #1
 5467              	.LVL826:
 5468 017c FFB2     		uxtb	r7, r7
 5469              	.LVL827:
 5470              	.L402:
 5471              		.loc 1 902 0 is_stmt 0 discriminator 1
 5472 017e 052F     		cmp	r7, #5
 5473 0180 EDD9     		bls	.L403
 903:ctrl_pend.c   ****             lp->tf_a[0] = 1.0f;
 5474              		.loc 1 903 0 is_stmt 1
 5475 0182 4FF48673 		mov	r3, #268
 5476 0186 644A     		ldr	r2, .L434
 5477 0188 03FB0423 		mla	r3, r3, r4, r2
 5478 018c 4FF07E52 		mov	r2, #1065353216
 5479 0190 1A62     		str	r2, [r3, #32]	@ float
 5480              	.LVL828:
 5481              	.L398:
 5482              	.LBE398:
 904:ctrl_pend.c   ****         }
 905:ctrl_pend.c   ****         memset(lp->tf_w, 0, sizeof(lp->tf_w));
 5483              		.loc 1 905 0
 5484 0192 4FF48670 		mov	r0, #268
 5485 0196 00FB04F4 		mul	r4, r0, r4
 5486              	.LVL829:
 5487 019a 3034     		adds	r4, r4, #48
 5488 019c 624B     		ldr	r3, .L434+16
 5489 019e 1C44     		add	r4, r4, r3
 5490 01a0 0023     		movs	r3, #0
 5491 01a2 6360     		str	r3, [r4, #4]	@ unaligned
 5492 01a4 A360     		str	r3, [r4, #8]	@ unaligned
 5493 01a6 E360     		str	r3, [r4, #12]	@ unaligned
 5494 01a8 2361     		str	r3, [r4, #16]	@ unaligned
 5495 01aa 6361     		str	r3, [r4, #20]	@ unaligned
ARM GAS  C:\Users\user\AppData\Local\Temp\ccoNEg7E.s 			page 123


 5496              	.LBE399:
 5497 01ac 93E1     		b	.L384
 5498              	.LVL830:
 5499              	.L431:
 906:ctrl_pend.c   ****     }
 907:ctrl_pend.c   ****     /* --- Coeficientes SS --- */
 908:ctrl_pend.c   ****     else if (mode_ss(lp->mode))
 5500              		.loc 1 908 0
 5501 01ae FFF7FEFF 		bl	mode_ss
 5502              	.LVL831:
 5503 01b2 0028     		cmp	r0, #0
 5504 01b4 00F08F81 		beq	.L384
 909:ctrl_pend.c   ****     {
 910:ctrl_pend.c   ****         lp->A[0] = c[0];  lp->A[1] = c[1];
 5505              		.loc 1 910 0
 5506 01b8 3B68     		ldr	r3, [r7]	@ float
 5507 01ba 574E     		ldr	r6, .L434
 5508 01bc 4FF48675 		mov	r5, #268
 5509 01c0 05FB04F5 		mul	r5, r5, r4
 5510 01c4 06EB050A 		add	r10, r6, r5
 5511 01c8 CAF84C30 		str	r3, [r10, #76]	@ float
 5512 01cc 7B68     		ldr	r3, [r7, #4]	@ float
 5513 01ce CAF85030 		str	r3, [r10, #80]	@ float
 911:ctrl_pend.c   ****         lp->A[2] = c[2];  lp->A[3] = c[3];
 5514              		.loc 1 911 0
 5515 01d2 BB68     		ldr	r3, [r7, #8]	@ float
 5516 01d4 CAF85430 		str	r3, [r10, #84]	@ float
 5517 01d8 FB68     		ldr	r3, [r7, #12]	@ float
 5518 01da CAF85830 		str	r3, [r10, #88]	@ float
 912:ctrl_pend.c   ****         lp->B[0] = c[4];  lp->B[1] = c[5];
 5519              		.loc 1 912 0
 5520 01de 3B69     		ldr	r3, [r7, #16]	@ float
 5521 01e0 CAF85C30 		str	r3, [r10, #92]	@ float
 5522 01e4 7B69     		ldr	r3, [r7, #20]	@ float
 5523 01e6 CAF86030 		str	r3, [r10, #96]	@ float
 913:ctrl_pend.c   ****         lp->C[0] = c[6];  lp->C[1] = c[7];
 5524              		.loc 1 913 0
 5525 01ea BB69     		ldr	r3, [r7, #24]	@ float
 5526 01ec CAF86430 		str	r3, [r10, #100]	@ float
 5527 01f0 FB69     		ldr	r3, [r7, #28]	@ float
 5528 01f2 CAF86830 		str	r3, [r10, #104]	@ float
 914:ctrl_pend.c   ****         lp->D    = c[8];
 5529              		.loc 1 914 0
 5530 01f6 3B6A     		ldr	r3, [r7, #32]	@ float
 5531 01f8 CAF86C30 		str	r3, [r10, #108]	@ float
 915:ctrl_pend.c   ****         lp->L[0] = c[9];  lp->L[1] = c[10];
 5532              		.loc 1 915 0
 5533 01fc 7B6A     		ldr	r3, [r7, #36]	@ float
 5534 01fe CAF87030 		str	r3, [r10, #112]	@ float
 5535 0202 BB6A     		ldr	r3, [r7, #40]	@ float
 5536 0204 CAF87430 		str	r3, [r10, #116]	@ float
 916:ctrl_pend.c   ****         lp->K[0] = c[11]; lp->K[1] = c[12];
 5537              		.loc 1 916 0
 5538 0208 FB6A     		ldr	r3, [r7, #44]	@ float
 5539 020a CAF87830 		str	r3, [r10, #120]	@ float
 5540 020e 3B6B     		ldr	r3, [r7, #48]	@ float
 5541 0210 CAF87C30 		str	r3, [r10, #124]	@ float
ARM GAS  C:\Users\user\AppData\Local\Temp\ccoNEg7E.s 			page 124


 917:ctrl_pend.c   ****         lp->Kx   = c[13];
 5542              		.loc 1 917 0
 5543 0214 7B6B     		ldr	r3, [r7, #52]	@ float
 5544 0216 CAF88030 		str	r3, [r10, #128]	@ float
 918:ctrl_pend.c   ****         memset(lp->xhat, 0, sizeof(lp->xhat));
 5545              		.loc 1 918 0
 5546 021a 0436     		adds	r6, r6, #4
 5547 021c 05F18002 		add	r2, r5, #128
 5548 0220 B118     		adds	r1, r6, r2
 5549 0222 0023     		movs	r3, #0
 5550 0224 B350     		str	r3, [r6, r2]	@ unaligned
 5551 0226 4B60     		str	r3, [r1, #4]	@ unaligned
 919:ctrl_pend.c   ****         memset(lp->zhat, 0, sizeof(lp->zhat));
 5552              		.loc 1 919 0
 5553 0228 05F18802 		add	r2, r5, #136
 5554 022c B118     		adds	r1, r6, r2
 5555 022e B350     		str	r3, [r6, r2]	@ unaligned
 5556 0230 4B60     		str	r3, [r1, #4]	@ unaligned
 920:ctrl_pend.c   ****         lp->vint = 0.0f;
 5557              		.loc 1 920 0
 5558 0232 0023     		movs	r3, #0
 5559 0234 CAF89430 		str	r3, [r10, #148]	@ float
 921:ctrl_pend.c   **** 
 922:ctrl_pend.c   ****         /* --- Pre-convertir a Q31/Q15/Q7 para los paths Q ---
 923:ctrl_pend.c   ****            arm_float_to_q31 espera valores en [-1,1); satura si no.
 924:ctrl_pend.c   ****            Los coeficientes se almacenan SIN dividir por q_scale:
 925:ctrl_pend.c   ****            la normalización aplica solo a las señales en cada paso.
 926:ctrl_pend.c   ****            Condición para resultados exactos: |coef| < 1.        */
 927:ctrl_pend.c   ****         arm_float_to_q31((float32_t*)lp->A, lp->qA31, 4u);
 5560              		.loc 1 927 0
 5561 0238 05F14809 		add	r9, r5, #72
 5562 023c B144     		add	r9, r9, r6
 5563 023e 05F1A801 		add	r1, r5, #168
 5564 0242 0422     		movs	r2, #4
 5565 0244 3144     		add	r1, r1, r6
 5566 0246 4846     		mov	r0, r9
 5567 0248 FFF7FEFF 		bl	arm_float_to_q31
 5568              	.LVL832:
 928:ctrl_pend.c   ****         arm_float_to_q31((float32_t*)lp->B, lp->qB31, 2u);
 5569              		.loc 1 928 0
 5570 024c 05F15808 		add	r8, r5, #88
 5571 0250 B044     		add	r8, r8, r6
 5572 0252 05F1B801 		add	r1, r5, #184
 5573 0256 0222     		movs	r2, #2
 5574 0258 3144     		add	r1, r1, r6
 5575 025a 4046     		mov	r0, r8
 5576 025c FFF7FEFF 		bl	arm_float_to_q31
 5577              	.LVL833:
 929:ctrl_pend.c   ****         arm_float_to_q31((float32_t*)lp->C, lp->qC31, 2u);
 5578              		.loc 1 929 0
 5579 0260 05F16007 		add	r7, r5, #96
 5580              	.LVL834:
 5581 0264 3744     		add	r7, r7, r6
 5582 0266 05F1C001 		add	r1, r5, #192
 5583 026a 0222     		movs	r2, #2
 5584 026c 3144     		add	r1, r1, r6
 5585 026e 3846     		mov	r0, r7
ARM GAS  C:\Users\user\AppData\Local\Temp\ccoNEg7E.s 			page 125


 5586 0270 FFF7FEFF 		bl	arm_float_to_q31
 5587              	.LVL835:
 930:ctrl_pend.c   ****         arm_float_to_q31((float32_t*)lp->K, lp->qK31, 2u);
 5588              		.loc 1 930 0
 5589 0274 05F17003 		add	r3, r5, #112
 5590 0278 3344     		add	r3, r3, r6
 5591 027a 0433     		adds	r3, r3, #4
 5592 027c 0093     		str	r3, [sp]
 5593 027e 05F1C801 		add	r1, r5, #200
 5594 0282 0222     		movs	r2, #2
 5595 0284 3144     		add	r1, r1, r6
 5596 0286 1846     		mov	r0, r3
 5597 0288 FFF7FEFF 		bl	arm_float_to_q31
 5598              	.LVL836:
 931:ctrl_pend.c   ****         arm_float_to_q31((float32_t*)lp->L, lp->qL31, 2u);
 5599              		.loc 1 931 0
 5600 028c 05F16803 		add	r3, r5, #104
 5601 0290 3344     		add	r3, r3, r6
 5602 0292 0433     		adds	r3, r3, #4
 5603 0294 0193     		str	r3, [sp, #4]
 5604 0296 05F1D001 		add	r1, r5, #208
 5605 029a 0222     		movs	r2, #2
 5606 029c 3144     		add	r1, r1, r6
 5607 029e 1846     		mov	r0, r3
 5608 02a0 FFF7FEFF 		bl	arm_float_to_q31
 5609              	.LVL837:
 932:ctrl_pend.c   ****         lp->qD31  = flt_to_q31n(lp->D);
 5610              		.loc 1 932 0
 5611 02a4 DAF86C50 		ldr	r5, [r10, #108]	@ float
 5612              	.LVL838:
 5613              	.LBB400:
 5614              	.LBB401:
 210:ctrl_pend.c   ****     if (v < -1.0f)  return  (q31_t)0x80000000;
 5615              		.loc 1 210 0
 5616 02a8 4FF07E51 		mov	r1, #1065353216
 5617 02ac 2846     		mov	r0, r5
 5618 02ae FFF7FEFF 		bl	__aeabi_fcmpge
 5619              	.LVL839:
 5620 02b2 60B9     		cbnz	r0, .L415
 211:ctrl_pend.c   ****     return (q31_t)(v * 2147483648.0f);
 5621              		.loc 1 211 0
 5622 02b4 1D49     		ldr	r1, .L434+20
 5623 02b6 2846     		mov	r0, r5
 5624 02b8 FFF7FEFF 		bl	__aeabi_fcmplt
 5625              	.LVL840:
 5626 02bc 50B9     		cbnz	r0, .L416
 212:ctrl_pend.c   **** }
 5627              		.loc 1 212 0
 5628 02be 4FF09E41 		mov	r1, #1325400064
 5629 02c2 2846     		mov	r0, r5
 5630 02c4 FFF7FEFF 		bl	__aeabi_fmul
 5631              	.LVL841:
 5632 02c8 FFF7FEFF 		bl	__aeabi_f2iz
 5633              	.LVL842:
 5634 02cc 04E0     		b	.L404
 5635              	.L415:
 210:ctrl_pend.c   ****     if (v < -1.0f)  return  (q31_t)0x80000000;
ARM GAS  C:\Users\user\AppData\Local\Temp\ccoNEg7E.s 			page 126


 5636              		.loc 1 210 0
 5637 02ce 6FF00040 		mvn	r0, #-2147483648
 5638 02d2 01E0     		b	.L404
 5639              	.L416:
 211:ctrl_pend.c   ****     return (q31_t)(v * 2147483648.0f);
 5640              		.loc 1 211 0
 5641 02d4 4FF00040 		mov	r0, #-2147483648
 5642              	.L404:
 5643              	.LVL843:
 5644              	.LBE401:
 5645              	.LBE400:
 5646              		.loc 1 932 0
 5647 02d8 4FF48673 		mov	r3, #268
 5648 02dc 0E4A     		ldr	r2, .L434
 5649 02de 03FB0423 		mla	r3, r3, r4, r2
 5650 02e2 C3F8DC00 		str	r0, [r3, #220]
 933:ctrl_pend.c   ****         lp->qKx31 = flt_to_q31n(lp->Kx);
 5651              		.loc 1 933 0
 5652 02e6 D3F88050 		ldr	r5, [r3, #128]	@ float
 5653              	.LVL844:
 5654              	.LBB402:
 5655              	.LBB403:
 210:ctrl_pend.c   ****     if (v < -1.0f)  return  (q31_t)0x80000000;
 5656              		.loc 1 210 0
 5657 02ea 4FF07E51 		mov	r1, #1065353216
 5658 02ee 2846     		mov	r0, r5
 5659 02f0 FFF7FEFF 		bl	__aeabi_fcmpge
 5660              	.LVL845:
 5661 02f4 60B9     		cbnz	r0, .L417
 211:ctrl_pend.c   ****     return (q31_t)(v * 2147483648.0f);
 5662              		.loc 1 211 0
 5663 02f6 0D49     		ldr	r1, .L434+20
 5664 02f8 2846     		mov	r0, r5
 5665 02fa FFF7FEFF 		bl	__aeabi_fcmplt
 5666              	.LVL846:
 5667 02fe B8B9     		cbnz	r0, .L418
 212:ctrl_pend.c   **** }
 5668              		.loc 1 212 0
 5669 0300 4FF09E41 		mov	r1, #1325400064
 5670 0304 2846     		mov	r0, r5
 5671 0306 FFF7FEFF 		bl	__aeabi_fmul
 5672              	.LVL847:
 5673 030a FFF7FEFF 		bl	__aeabi_f2iz
 5674              	.LVL848:
 5675 030e 11E0     		b	.L405
 5676              	.L417:
 210:ctrl_pend.c   ****     if (v < -1.0f)  return  (q31_t)0x80000000;
 5677              		.loc 1 210 0
 5678 0310 6FF00040 		mvn	r0, #-2147483648
 5679 0314 0EE0     		b	.L405
 5680              	.L435:
 5681 0316 00BF     		.align	2
 5682              	.L434:
 5683 0318 00000000 		.word	.LANCHOR0
 5684 031c 00401C46 		.word	1176256512
 5685 0320 00000000 		.word	.LANCHOR1
 5686 0324 001BB74B 		.word	1270291200
ARM GAS  C:\Users\user\AppData\Local\Temp\ccoNEg7E.s 			page 127


 5687 0328 04000000 		.word	.LANCHOR0+4
 5688 032c 000080BF 		.word	-1082130432
 5689              	.L418:
 211:ctrl_pend.c   ****     return (q31_t)(v * 2147483648.0f);
 5690              		.loc 1 211 0
 5691 0330 4FF00040 		mov	r0, #-2147483648
 5692              	.L405:
 5693              	.LVL849:
 5694              	.LBE403:
 5695              	.LBE402:
 5696              		.loc 1 933 0
 5697 0334 6A4E     		ldr	r6, .L436
 5698 0336 4FF48675 		mov	r5, #268
 5699 033a 05FB04F5 		mul	r5, r5, r4
 5700 033e 06EB050B 		add	fp, r6, r5
 5701 0342 CBF8E000 		str	r0, [fp, #224]
 934:ctrl_pend.c   **** 
 935:ctrl_pend.c   ****         arm_float_to_q15((float32_t*)lp->A, lp->qA15, 4u);
 5702              		.loc 1 935 0
 5703 0346 0436     		adds	r6, r6, #4
 5704 0348 05F1E001 		add	r1, r5, #224
 5705 034c 0422     		movs	r2, #4
 5706 034e 3144     		add	r1, r1, r6
 5707 0350 4846     		mov	r0, r9
 5708 0352 FFF7FEFF 		bl	arm_float_to_q15
 5709              	.LVL850:
 936:ctrl_pend.c   ****         arm_float_to_q15((float32_t*)lp->B, lp->qB15, 2u);
 5710              		.loc 1 936 0
 5711 0356 05F1E80A 		add	r10, r5, #232
 5712 035a B244     		add	r10, r10, r6
 5713 035c 0222     		movs	r2, #2
 5714 035e 5146     		mov	r1, r10
 5715 0360 4046     		mov	r0, r8
 5716 0362 FFF7FEFF 		bl	arm_float_to_q15
 5717              	.LVL851:
 937:ctrl_pend.c   ****         arm_float_to_q15((float32_t*)lp->C, lp->qC15, 2u);
 5718              		.loc 1 937 0
 5719 0366 0222     		movs	r2, #2
 5720 0368 0AF10401 		add	r1, r10, #4
 5721 036c 3846     		mov	r0, r7
 5722 036e FFF7FEFF 		bl	arm_float_to_q15
 5723              	.LVL852:
 938:ctrl_pend.c   ****         arm_float_to_q15((float32_t*)lp->K, lp->qK15, 2u);
 5724              		.loc 1 938 0
 5725 0372 F035     		adds	r5, r5, #240
 5726 0374 2E44     		add	r6, r6, r5
 5727 0376 0222     		movs	r2, #2
 5728 0378 3146     		mov	r1, r6
 5729 037a 0098     		ldr	r0, [sp]
 5730 037c FFF7FEFF 		bl	arm_float_to_q15
 5731              	.LVL853:
 939:ctrl_pend.c   ****         arm_float_to_q15((float32_t*)lp->L, lp->qL15, 2u);
 5732              		.loc 1 939 0
 5733 0380 0222     		movs	r2, #2
 5734 0382 311D     		adds	r1, r6, #4
 5735 0384 0198     		ldr	r0, [sp, #4]
 5736 0386 FFF7FEFF 		bl	arm_float_to_q15
ARM GAS  C:\Users\user\AppData\Local\Temp\ccoNEg7E.s 			page 128


 5737              	.LVL854:
 940:ctrl_pend.c   ****         lp->qD15  = flt_to_q15n(lp->D);
 5738              		.loc 1 940 0
 5739 038a DBF86C50 		ldr	r5, [fp, #108]	@ float
 5740              	.LVL855:
 5741              	.LBB404:
 5742              	.LBB405:
 221:ctrl_pend.c   ****     if (v < -1.0f)  return  (q15_t)0x8000;
 5743              		.loc 1 221 0
 5744 038e 4FF07E51 		mov	r1, #1065353216
 5745 0392 2846     		mov	r0, r5
 5746 0394 FFF7FEFF 		bl	__aeabi_fcmpge
 5747              	.LVL856:
 5748 0398 68B9     		cbnz	r0, .L419
 222:ctrl_pend.c   ****     return (q15_t)(v * 32768.0f);
 5749              		.loc 1 222 0
 5750 039a 5249     		ldr	r1, .L436+4
 5751 039c 2846     		mov	r0, r5
 5752 039e FFF7FEFF 		bl	__aeabi_fcmplt
 5753              	.LVL857:
 5754 03a2 58B9     		cbnz	r0, .L420
 223:ctrl_pend.c   **** }
 5755              		.loc 1 223 0
 5756 03a4 4FF08E41 		mov	r1, #1191182336
 5757 03a8 2846     		mov	r0, r5
 5758 03aa FFF7FEFF 		bl	__aeabi_fmul
 5759              	.LVL858:
 5760 03ae FFF7FEFF 		bl	__aeabi_f2iz
 5761              	.LVL859:
 5762 03b2 00B2     		sxth	r0, r0
 5763 03b4 03E0     		b	.L406
 5764              	.L419:
 221:ctrl_pend.c   ****     if (v < -1.0f)  return  (q15_t)0x8000;
 5765              		.loc 1 221 0
 5766 03b6 47F6FF70 		movw	r0, #32767
 5767 03ba 00E0     		b	.L406
 5768              	.L420:
 222:ctrl_pend.c   ****     return (q15_t)(v * 32768.0f);
 5769              		.loc 1 222 0
 5770 03bc 4A48     		ldr	r0, .L436+8
 5771              	.L406:
 5772              	.LVL860:
 5773              	.LBE405:
 5774              	.LBE404:
 5775              		.loc 1 940 0
 5776 03be 4FF48673 		mov	r3, #268
 5777 03c2 474A     		ldr	r2, .L436
 5778 03c4 03FB0423 		mla	r3, r3, r4, r2
 5779 03c8 A3F8FC00 		strh	r0, [r3, #252]	@ movhi
 941:ctrl_pend.c   ****         lp->qKx15 = flt_to_q15n(lp->Kx);
 5780              		.loc 1 941 0
 5781 03cc D3F88050 		ldr	r5, [r3, #128]	@ float
 5782              	.LVL861:
 5783              	.LBB406:
 5784              	.LBB407:
 221:ctrl_pend.c   ****     if (v < -1.0f)  return  (q15_t)0x8000;
 5785              		.loc 1 221 0
ARM GAS  C:\Users\user\AppData\Local\Temp\ccoNEg7E.s 			page 129


 5786 03d0 4FF07E51 		mov	r1, #1065353216
 5787 03d4 2846     		mov	r0, r5
 5788 03d6 FFF7FEFF 		bl	__aeabi_fcmpge
 5789              	.LVL862:
 5790 03da 68B9     		cbnz	r0, .L421
 222:ctrl_pend.c   ****     return (q15_t)(v * 32768.0f);
 5791              		.loc 1 222 0
 5792 03dc 4149     		ldr	r1, .L436+4
 5793 03de 2846     		mov	r0, r5
 5794 03e0 FFF7FEFF 		bl	__aeabi_fcmplt
 5795              	.LVL863:
 5796 03e4 58B9     		cbnz	r0, .L422
 223:ctrl_pend.c   **** }
 5797              		.loc 1 223 0
 5798 03e6 4FF08E41 		mov	r1, #1191182336
 5799 03ea 2846     		mov	r0, r5
 5800 03ec FFF7FEFF 		bl	__aeabi_fmul
 5801              	.LVL864:
 5802 03f0 FFF7FEFF 		bl	__aeabi_f2iz
 5803              	.LVL865:
 5804 03f4 00B2     		sxth	r0, r0
 5805 03f6 03E0     		b	.L407
 5806              	.L421:
 221:ctrl_pend.c   ****     if (v < -1.0f)  return  (q15_t)0x8000;
 5807              		.loc 1 221 0
 5808 03f8 47F6FF70 		movw	r0, #32767
 5809 03fc 00E0     		b	.L407
 5810              	.L422:
 222:ctrl_pend.c   ****     return (q15_t)(v * 32768.0f);
 5811              		.loc 1 222 0
 5812 03fe 3A48     		ldr	r0, .L436+8
 5813              	.L407:
 5814              	.LVL866:
 5815              	.LBE407:
 5816              	.LBE406:
 5817              		.loc 1 941 0
 5818 0400 374E     		ldr	r6, .L436
 5819 0402 4FF48675 		mov	r5, #268
 5820 0406 05FB04F5 		mul	r5, r5, r4
 5821 040a 06EB050A 		add	r10, r6, r5
 5822 040e AAF8FE00 		strh	r0, [r10, #254]	@ movhi
 942:ctrl_pend.c   **** 
 943:ctrl_pend.c   ****         arm_float_to_q7((float32_t*)lp->A, lp->qA7, 4u);
 5823              		.loc 1 943 0
 5824 0412 0436     		adds	r6, r6, #4
 5825 0414 05F1F801 		add	r1, r5, #248
 5826 0418 3144     		add	r1, r1, r6
 5827 041a 0422     		movs	r2, #4
 5828 041c 1144     		add	r1, r1, r2
 5829 041e 4846     		mov	r0, r9
 5830 0420 FFF7FEFF 		bl	arm_float_to_q7
 5831              	.LVL867:
 944:ctrl_pend.c   ****         arm_float_to_q7((float32_t*)lp->B, lp->qB7, 2u);
 5832              		.loc 1 944 0
 5833 0424 05F58075 		add	r5, r5, #256
 5834 0428 2E44     		add	r6, r6, r5
 5835 042a 0222     		movs	r2, #2
ARM GAS  C:\Users\user\AppData\Local\Temp\ccoNEg7E.s 			page 130


 5836 042c 3146     		mov	r1, r6
 5837 042e 4046     		mov	r0, r8
 5838 0430 FFF7FEFF 		bl	arm_float_to_q7
 5839              	.LVL868:
 945:ctrl_pend.c   ****         arm_float_to_q7((float32_t*)lp->C, lp->qC7, 2u);
 5840              		.loc 1 945 0
 5841 0434 0222     		movs	r2, #2
 5842 0436 B118     		adds	r1, r6, r2
 5843 0438 3846     		mov	r0, r7
 5844 043a FFF7FEFF 		bl	arm_float_to_q7
 5845              	.LVL869:
 946:ctrl_pend.c   ****         arm_float_to_q7((float32_t*)lp->K, lp->qK7, 2u);
 5846              		.loc 1 946 0
 5847 043e 0222     		movs	r2, #2
 5848 0440 311D     		adds	r1, r6, #4
 5849 0442 0098     		ldr	r0, [sp]
 5850 0444 FFF7FEFF 		bl	arm_float_to_q7
 5851              	.LVL870:
 947:ctrl_pend.c   ****         arm_float_to_q7((float32_t*)lp->L, lp->qL7, 2u);
 5852              		.loc 1 947 0
 5853 0448 0222     		movs	r2, #2
 5854 044a B11D     		adds	r1, r6, #6
 5855 044c 0198     		ldr	r0, [sp, #4]
 5856 044e FFF7FEFF 		bl	arm_float_to_q7
 5857              	.LVL871:
 948:ctrl_pend.c   ****         lp->qD7  = flt_to_q7n(lp->D);
 5858              		.loc 1 948 0
 5859 0452 DAF86C50 		ldr	r5, [r10, #108]	@ float
 5860              	.LVL872:
 5861              	.LBB408:
 5862              	.LBB409:
 232:ctrl_pend.c   ****     if (v < -1.0f)  return  (q7_t)0x80;
 5863              		.loc 1 232 0
 5864 0456 4FF07E51 		mov	r1, #1065353216
 5865 045a 2846     		mov	r0, r5
 5866 045c FFF7FEFF 		bl	__aeabi_fcmpge
 5867              	.LVL873:
 5868 0460 68B9     		cbnz	r0, .L423
 233:ctrl_pend.c   ****     return (q7_t)(v * 128.0f);
 5869              		.loc 1 233 0
 5870 0462 2049     		ldr	r1, .L436+4
 5871 0464 2846     		mov	r0, r5
 5872 0466 FFF7FEFF 		bl	__aeabi_fcmplt
 5873              	.LVL874:
 5874 046a 50B9     		cbnz	r0, .L424
 234:ctrl_pend.c   **** }
 5875              		.loc 1 234 0
 5876 046c 4FF08641 		mov	r1, #1124073472
 5877 0470 2846     		mov	r0, r5
 5878 0472 FFF7FEFF 		bl	__aeabi_fmul
 5879              	.LVL875:
 5880 0476 FFF7FEFF 		bl	__aeabi_f2iz
 5881              	.LVL876:
 5882 047a 40B2     		sxtb	r0, r0
 5883 047c 03E0     		b	.L408
 5884              	.L423:
 232:ctrl_pend.c   ****     if (v < -1.0f)  return  (q7_t)0x80;
ARM GAS  C:\Users\user\AppData\Local\Temp\ccoNEg7E.s 			page 131


 5885              		.loc 1 232 0
 5886 047e 7F20     		movs	r0, #127
 5887 0480 01E0     		b	.L408
 5888              	.L424:
 233:ctrl_pend.c   ****     return (q7_t)(v * 128.0f);
 5889              		.loc 1 233 0
 5890 0482 6FF07F00 		mvn	r0, #127
 5891              	.L408:
 5892              	.LVL877:
 5893              	.LBE409:
 5894              	.LBE408:
 5895              		.loc 1 948 0
 5896 0486 4FF48673 		mov	r3, #268
 5897 048a 154A     		ldr	r2, .L436
 5898 048c 03FB0423 		mla	r3, r3, r4, r2
 5899 0490 83F80C01 		strb	r0, [r3, #268]
 949:ctrl_pend.c   ****         lp->qKx7 = flt_to_q7n(lp->Kx);
 5900              		.loc 1 949 0
 5901 0494 D3F88050 		ldr	r5, [r3, #128]	@ float
 5902              	.LVL878:
 5903              	.LBB410:
 5904              	.LBB411:
 232:ctrl_pend.c   ****     if (v < -1.0f)  return  (q7_t)0x80;
 5905              		.loc 1 232 0
 5906 0498 4FF07E51 		mov	r1, #1065353216
 5907 049c 2846     		mov	r0, r5
 5908 049e FFF7FEFF 		bl	__aeabi_fcmpge
 5909              	.LVL879:
 5910 04a2 68B9     		cbnz	r0, .L425
 233:ctrl_pend.c   ****     return (q7_t)(v * 128.0f);
 5911              		.loc 1 233 0
 5912 04a4 0F49     		ldr	r1, .L436+4
 5913 04a6 2846     		mov	r0, r5
 5914 04a8 FFF7FEFF 		bl	__aeabi_fcmplt
 5915              	.LVL880:
 5916 04ac 50B9     		cbnz	r0, .L426
 234:ctrl_pend.c   **** }
 5917              		.loc 1 234 0
 5918 04ae 4FF08641 		mov	r1, #1124073472
 5919 04b2 2846     		mov	r0, r5
 5920 04b4 FFF7FEFF 		bl	__aeabi_fmul
 5921              	.LVL881:
 5922 04b8 FFF7FEFF 		bl	__aeabi_f2iz
 5923              	.LVL882:
 5924 04bc 40B2     		sxtb	r0, r0
 5925 04be 03E0     		b	.L409
 5926              	.L425:
 232:ctrl_pend.c   ****     if (v < -1.0f)  return  (q7_t)0x80;
 5927              		.loc 1 232 0
 5928 04c0 7F20     		movs	r0, #127
 5929 04c2 01E0     		b	.L409
 5930              	.L426:
 233:ctrl_pend.c   ****     return (q7_t)(v * 128.0f);
 5931              		.loc 1 233 0
 5932 04c4 6FF07F00 		mvn	r0, #127
 5933              	.L409:
 5934              	.LVL883:
ARM GAS  C:\Users\user\AppData\Local\Temp\ccoNEg7E.s 			page 132


 5935              	.LBE411:
 5936              	.LBE410:
 5937              		.loc 1 949 0
 5938 04c8 4FF48672 		mov	r2, #268
 5939 04cc 044B     		ldr	r3, .L436
 5940 04ce 02FB0434 		mla	r4, r2, r4, r3
 5941              	.LVL884:
 5942 04d2 84F80D01 		strb	r0, [r4, #269]
 5943              	.L384:
 950:ctrl_pend.c   ****     }
 951:ctrl_pend.c   ****     /* OL / OFF: solo N y Fs importan, ya parseados */
 952:ctrl_pend.c   **** }
 5944              		.loc 1 952 0
 5945 04d6 03B0     		add	sp, sp, #12
 5946              		.cfi_def_cfa_offset 36
 5947              		@ sp needed
 5948 04d8 BDE8F08F 		pop	{r4, r5, r6, r7, r8, r9, r10, fp, pc}
 5949              	.LVL885:
 5950              	.L433:
 5951              		.cfi_def_cfa_offset 0
 5952              		.cfi_restore 4
 5953              		.cfi_restore 5
 5954              		.cfi_restore 6
 5955              		.cfi_restore 7
 5956              		.cfi_restore 8
 5957              		.cfi_restore 9
 5958              		.cfi_restore 10
 5959              		.cfi_restore 11
 5960              		.cfi_restore 14
 5961 04dc 7047     		bx	lr
 5962              	.L437:
 5963 04de 00BF     		.align	2
 5964              	.L436:
 5965 04e0 00000000 		.word	.LANCHOR0
 5966 04e4 000080BF 		.word	-1082130432
 5967 04e8 0080FFFF 		.word	-32768
 5968              		.cfi_endproc
 5969              	.LFE163:
 5970              		.size	ctrl_apply_coeffs, .-ctrl_apply_coeffs
 5971              		.section	.text.ctrl_set_num_type,"ax",%progbits
 5972              		.align	2
 5973              		.global	ctrl_set_num_type
 5974              		.thumb
 5975              		.thumb_func
 5976              		.type	ctrl_set_num_type, %function
 5977              	ctrl_set_num_type:
 5978              	.LFB164:
 953:ctrl_pend.c   **** 
 954:ctrl_pend.c   **** /* ============================================================
 955:ctrl_pend.c   ****    ctrl_set_num_type()
 956:ctrl_pend.c   ****    ============================================================ */
 957:ctrl_pend.c   **** void ctrl_set_num_type(uint8 num_type)
 958:ctrl_pend.c   **** {
 5979              		.loc 1 958 0
 5980              		.cfi_startproc
 5981              		@ args = 0, pretend = 0, frame = 0
 5982              		@ frame_needed = 0, uses_anonymous_args = 0
ARM GAS  C:\Users\user\AppData\Local\Temp\ccoNEg7E.s 			page 133


 5983              		@ link register save eliminated.
 5984              	.LVL886:
 959:ctrl_pend.c   ****     if (num_type > CTRL_NUM_Q7) num_type = CTRL_NUM_F32;
 5985              		.loc 1 959 0
 5986 0000 0528     		cmp	r0, #5
 5987 0002 00D9     		bls	.L439
 5988 0004 0020     		movs	r0, #0
 5989              	.LVL887:
 5990              	.L439:
 960:ctrl_pend.c   ****     g_num_type = num_type;
 5991              		.loc 1 960 0
 5992 0006 014B     		ldr	r3, .L441
 5993 0008 1870     		strb	r0, [r3]
 5994 000a 7047     		bx	lr
 5995              	.L442:
 5996              		.align	2
 5997              	.L441:
 5998 000c 00000000 		.word	.LANCHOR0
 5999              		.cfi_endproc
 6000              	.LFE164:
 6001              		.size	ctrl_set_num_type, .-ctrl_set_num_type
 6002              		.section	.text.ctrl_get_num_type,"ax",%progbits
 6003              		.align	2
 6004              		.global	ctrl_get_num_type
 6005              		.thumb
 6006              		.thumb_func
 6007              		.type	ctrl_get_num_type, %function
 6008              	ctrl_get_num_type:
 6009              	.LFB165:
 961:ctrl_pend.c   **** }
 962:ctrl_pend.c   **** 
 963:ctrl_pend.c   **** uint8 ctrl_get_num_type(void)
 964:ctrl_pend.c   **** {
 6010              		.loc 1 964 0
 6011              		.cfi_startproc
 6012              		@ args = 0, pretend = 0, frame = 0
 6013              		@ frame_needed = 0, uses_anonymous_args = 0
 6014              		@ link register save eliminated.
 965:ctrl_pend.c   ****     return g_num_type;
 966:ctrl_pend.c   **** }
 6015              		.loc 1 966 0
 6016 0000 014B     		ldr	r3, .L444
 6017 0002 1878     		ldrb	r0, [r3]	@ zero_extendqisi2
 6018 0004 7047     		bx	lr
 6019              	.L445:
 6020 0006 00BF     		.align	2
 6021              	.L444:
 6022 0008 00000000 		.word	.LANCHOR0
 6023              		.cfi_endproc
 6024              	.LFE165:
 6025              		.size	ctrl_get_num_type, .-ctrl_get_num_type
 6026              		.section	.text.ctrl_start,"ax",%progbits
 6027              		.align	2
 6028              		.global	ctrl_start
 6029              		.thumb
 6030              		.thumb_func
 6031              		.type	ctrl_start, %function
ARM GAS  C:\Users\user\AppData\Local\Temp\ccoNEg7E.s 			page 134


 6032              	ctrl_start:
 6033              	.LFB166:
 967:ctrl_pend.c   **** 
 968:ctrl_pend.c   **** /* ============================================================
 969:ctrl_pend.c   ****    ctrl_start()
 970:ctrl_pend.c   ****    ============================================================ */
 971:ctrl_pend.c   **** void ctrl_start(float ref_inner)
 972:ctrl_pend.c   **** {
 6034              		.loc 1 972 0
 6035              		.cfi_startproc
 6036              		@ args = 0, pretend = 0, frame = 0
 6037              		@ frame_needed = 0, uses_anonymous_args = 0
 6038              	.LVL888:
 6039 0000 F8B5     		push	{r3, r4, r5, r6, r7, lr}
 6040              		.cfi_def_cfa_offset 24
 6041              		.cfi_offset 3, -24
 6042              		.cfi_offset 4, -20
 6043              		.cfi_offset 5, -16
 6044              		.cfi_offset 6, -12
 6045              		.cfi_offset 7, -8
 6046              		.cfi_offset 14, -4
 6047              	.LVL889:
 973:ctrl_pend.c   ****     uint8 p;
 974:ctrl_pend.c   ****     for (p = 0u; p < PLANT_COUNT; p++) {
 6048              		.loc 1 974 0
 6049 0002 0021     		movs	r1, #0
 6050 0004 22E0     		b	.L447
 6051              	.LVL890:
 6052              	.L448:
 6053              	.LBB412:
 975:ctrl_pend.c   ****         CtrlLoop *lp = &g_lp[p];
 976:ctrl_pend.c   ****         memset(lp->tf_w, 0, sizeof(lp->tf_w));
 6054              		.loc 1 976 0 discriminator 3
 6055 0006 1D4F     		ldr	r7, .L450
 6056 0008 3C1D     		adds	r4, r7, #4
 6057 000a 4FF48672 		mov	r2, #268
 6058 000e 02FB01F3 		mul	r3, r2, r1
 6059 0012 03F13006 		add	r6, r3, #48
 6060 0016 2644     		add	r6, r6, r4
 6061 0018 0022     		movs	r2, #0
 6062 001a 7260     		str	r2, [r6, #4]	@ unaligned
 6063 001c B260     		str	r2, [r6, #8]	@ unaligned
 6064 001e F260     		str	r2, [r6, #12]	@ unaligned
 6065 0020 3261     		str	r2, [r6, #16]	@ unaligned
 6066 0022 7261     		str	r2, [r6, #20]	@ unaligned
 977:ctrl_pend.c   ****         memset(lp->xhat, 0, sizeof(lp->xhat));
 6067              		.loc 1 977 0 discriminator 3
 6068 0024 03F18005 		add	r5, r3, #128
 6069 0028 6619     		adds	r6, r4, r5
 6070 002a 6251     		str	r2, [r4, r5]	@ unaligned
 6071 002c 7260     		str	r2, [r6, #4]	@ unaligned
 978:ctrl_pend.c   ****         memset(lp->zhat, 0, sizeof(lp->zhat));
 6072              		.loc 1 978 0 discriminator 3
 6073 002e 03F18805 		add	r5, r3, #136
 6074 0032 6619     		adds	r6, r4, r5
 6075 0034 6251     		str	r2, [r4, r5]	@ unaligned
 6076 0036 7260     		str	r2, [r6, #4]	@ unaligned
ARM GAS  C:\Users\user\AppData\Local\Temp\ccoNEg7E.s 			page 135


 979:ctrl_pend.c   ****         lp->vint  = 0.0f;
 6077              		.loc 1 979 0 discriminator 3
 6078 0038 3B44     		add	r3, r3, r7
 6079 003a 0024     		movs	r4, #0
 6080 003c C3F89440 		str	r4, [r3, #148]	@ float
 980:ctrl_pend.c   ****         lp->u_out = 0.0f;
 6081              		.loc 1 980 0 discriminator 3
 6082 0040 C3F8A040 		str	r4, [r3, #160]	@ float
 981:ctrl_pend.c   ****         lp->cnt   = 0u;
 6083              		.loc 1 981 0 discriminator 3
 6084 0044 A3F8A620 		strh	r2, [r3, #166]	@ movhi
 6085              	.LBE412:
 974:ctrl_pend.c   ****         CtrlLoop *lp = &g_lp[p];
 6086              		.loc 1 974 0 discriminator 3
 6087 0048 0131     		adds	r1, r1, #1
 6088              	.LVL891:
 6089 004a C9B2     		uxtb	r1, r1
 6090              	.LVL892:
 6091              	.L447:
 974:ctrl_pend.c   ****         CtrlLoop *lp = &g_lp[p];
 6092              		.loc 1 974 0 is_stmt 0 discriminator 1
 6093 004c 0129     		cmp	r1, #1
 6094 004e DAD9     		bls	.L448
 982:ctrl_pend.c   ****     }
 983:ctrl_pend.c   **** 
 984:ctrl_pend.c   ****     g_lp[PLANT_INNER].ref = ref_inner;
 6095              		.loc 1 984 0 is_stmt 1
 6096 0050 0A4C     		ldr	r4, .L450
 6097 0052 C4F89800 		str	r0, [r4, #152]	@ float
 985:ctrl_pend.c   ****     g_lp[PLANT_OUTER].ref = 0.0f;     /* péndulo vertical = 0 rad */
 6098              		.loc 1 985 0
 6099 0056 0025     		movs	r5, #0
 6100 0058 C4F8A451 		str	r5, [r4, #420]	@ float
 986:ctrl_pend.c   **** 
 987:ctrl_pend.c   ****     /* NOTA: el reset del encoder del péndulo ya NO se hace aquí.
 988:ctrl_pend.c   ****        El operador debe calibrar el cero con el comando 'z' (botón
 989:ctrl_pend.c   ****        "Setear 0" en la GUI) cuando el péndulo esté en la vertical.
 990:ctrl_pend.c   ****        Solo resincronizamos el conteo previo del motor para que el primer
 991:ctrl_pend.c   ****        tick no acumule movimiento ocurrido durante el Stop. */
 992:ctrl_pend.c   ****     pendulo_resync_motor();
 6101              		.loc 1 992 0
 6102 005c FFF7FEFF 		bl	pendulo_resync_motor
 6103              	.LVL893:
 993:ctrl_pend.c   **** 
 994:ctrl_pend.c   ****     g_y1_filt        = 0.0f;          /* arranque limpio de los filtros Åström */
 6104              		.loc 1 994 0
 6105 0060 C4F82052 		str	r5, [r4, #544]	@ float
 995:ctrl_pend.c   ****     g_y2_filt        = 0.0f;
 6106              		.loc 1 995 0
 6107 0064 C4F82452 		str	r5, [r4, #548]	@ float
 996:ctrl_pend.c   ****     ctrl_telem_ready = 0u;
 6108              		.loc 1 996 0
 6109 0068 0023     		movs	r3, #0
 6110 006a 84F81D32 		strb	r3, [r4, #541]
 997:ctrl_pend.c   ****     ctrl_stall_flag  = 0u;            /* watchdog de stall arranca limpio */
 6111              		.loc 1 997 0
 6112 006e 84F82832 		strb	r3, [r4, #552]
ARM GAS  C:\Users\user\AppData\Local\Temp\ccoNEg7E.s 			page 136


 998:ctrl_pend.c   ****     g_running        = 1u;
 6113              		.loc 1 998 0
 6114 0072 0123     		movs	r3, #1
 6115 0074 84F81C32 		strb	r3, [r4, #540]
 6116 0078 F8BD     		pop	{r3, r4, r5, r6, r7, pc}
 6117              	.L451:
 6118 007a 00BF     		.align	2
 6119              	.L450:
 6120 007c 00000000 		.word	.LANCHOR0
 6121              		.cfi_endproc
 6122              	.LFE166:
 6123              		.size	ctrl_start, .-ctrl_start
 6124              		.section	.text.ctrl_stop,"ax",%progbits
 6125              		.align	2
 6126              		.global	ctrl_stop
 6127              		.thumb
 6128              		.thumb_func
 6129              		.type	ctrl_stop, %function
 6130              	ctrl_stop:
 6131              	.LFB167:
 999:ctrl_pend.c   **** }
1000:ctrl_pend.c   **** 
1001:ctrl_pend.c   **** /* ============================================================
1002:ctrl_pend.c   ****    ctrl_stop()
1003:ctrl_pend.c   ****    ============================================================ */
1004:ctrl_pend.c   **** void ctrl_stop(void)
1005:ctrl_pend.c   **** {
 6132              		.loc 1 1005 0
 6133              		.cfi_startproc
 6134              		@ args = 0, pretend = 0, frame = 0
 6135              		@ frame_needed = 0, uses_anonymous_args = 0
 6136 0000 08B5     		push	{r3, lr}
 6137              		.cfi_def_cfa_offset 8
 6138              		.cfi_offset 3, -8
 6139              		.cfi_offset 14, -4
1006:ctrl_pend.c   ****     g_running = 0u;
 6140              		.loc 1 1006 0
 6141 0002 0022     		movs	r2, #0
 6142 0004 024B     		ldr	r3, .L454
 6143 0006 83F81C22 		strb	r2, [r3, #540]
1007:ctrl_pend.c   ****     Motor_Free();
 6144              		.loc 1 1007 0
 6145 000a FFF7FEFF 		bl	Motor_Free
 6146              	.LVL894:
 6147 000e 08BD     		pop	{r3, pc}
 6148              	.L455:
 6149              		.align	2
 6150              	.L454:
 6151 0010 00000000 		.word	.LANCHOR0
 6152              		.cfi_endproc
 6153              	.LFE167:
 6154              		.size	ctrl_stop, .-ctrl_stop
 6155              		.section	.text.ctrl_update_ref,"ax",%progbits
 6156              		.align	2
 6157              		.global	ctrl_update_ref
 6158              		.thumb
 6159              		.thumb_func
ARM GAS  C:\Users\user\AppData\Local\Temp\ccoNEg7E.s 			page 137


 6160              		.type	ctrl_update_ref, %function
 6161              	ctrl_update_ref:
 6162              	.LFB168:
1008:ctrl_pend.c   **** }
1009:ctrl_pend.c   **** 
1010:ctrl_pend.c   **** /* ============================================================
1011:ctrl_pend.c   ****    ctrl_update_ref()
1012:ctrl_pend.c   ****    ============================================================ */
1013:ctrl_pend.c   **** void ctrl_update_ref(float ref_inner)
1014:ctrl_pend.c   **** {
 6163              		.loc 1 1014 0
 6164              		.cfi_startproc
 6165              		@ args = 0, pretend = 0, frame = 0
 6166              		@ frame_needed = 0, uses_anonymous_args = 0
 6167              		@ link register save eliminated.
 6168              	.LVL895:
1015:ctrl_pend.c   ****     g_lp[PLANT_INNER].ref = ref_inner;
 6169              		.loc 1 1015 0
 6170 0000 014B     		ldr	r3, .L457
 6171 0002 C3F89800 		str	r0, [r3, #152]	@ float
 6172 0006 7047     		bx	lr
 6173              	.L458:
 6174              		.align	2
 6175              	.L457:
 6176 0008 00000000 		.word	.LANCHOR0
 6177              		.cfi_endproc
 6178              	.LFE168:
 6179              		.size	ctrl_update_ref, .-ctrl_update_ref
 6180              		.section	.text.ctrl_set_sat,"ax",%progbits
 6181              		.align	2
 6182              		.global	ctrl_set_sat
 6183              		.thumb
 6184              		.thumb_func
 6185              		.type	ctrl_set_sat, %function
 6186              	ctrl_set_sat:
 6187              	.LFB169:
1016:ctrl_pend.c   **** }
1017:ctrl_pend.c   **** 
1018:ctrl_pend.c   **** /* ============================================================
1019:ctrl_pend.c   ****    ctrl_set_sat()
1020:ctrl_pend.c   ****    ============================================================ */
1021:ctrl_pend.c   **** void ctrl_set_sat(float sat_min, float sat_max)
1022:ctrl_pend.c   **** {
 6188              		.loc 1 1022 0
 6189              		.cfi_startproc
 6190              		@ args = 0, pretend = 0, frame = 0
 6191              		@ frame_needed = 0, uses_anonymous_args = 0
 6192              	.LVL896:
 6193 0000 38B5     		push	{r3, r4, r5, lr}
 6194              		.cfi_def_cfa_offset 16
 6195              		.cfi_offset 3, -16
 6196              		.cfi_offset 4, -12
 6197              		.cfi_offset 5, -8
 6198              		.cfi_offset 14, -4
 6199 0002 0546     		mov	r5, r0
 6200 0004 0C46     		mov	r4, r1
1023:ctrl_pend.c   ****     g_sat_min = (sat_min < PWM_MIN_F) ? PWM_MIN_F : sat_min;
ARM GAS  C:\Users\user\AppData\Local\Temp\ccoNEg7E.s 			page 138


 6201              		.loc 1 1023 0
 6202 0006 0D49     		ldr	r1, .L474
 6203              	.LVL897:
 6204 0008 FFF7FEFF 		bl	__aeabi_fcmplt
 6205              	.LVL898:
 6206 000c 00B1     		cbz	r0, .L460
 6207 000e 0B4D     		ldr	r5, .L474
 6208              	.LVL899:
 6209              	.L460:
 6210              		.loc 1 1023 0 is_stmt 0 discriminator 4
 6211 0010 0B4B     		ldr	r3, .L474+4
 6212 0012 1D60     		str	r5, [r3]	@ float
1024:ctrl_pend.c   ****     g_sat_max = (sat_max > PWM_MAX_F) ? PWM_MAX_F : sat_max;
 6213              		.loc 1 1024 0 is_stmt 1 discriminator 4
 6214 0014 0B49     		ldr	r1, .L474+8
 6215 0016 2046     		mov	r0, r4
 6216 0018 FFF7FEFF 		bl	__aeabi_fcmpgt
 6217              	.LVL900:
 6218 001c 08B1     		cbz	r0, .L472
 6219              		.loc 1 1024 0 is_stmt 0
 6220 001e 0949     		ldr	r1, .L474+8
 6221 0020 00E0     		b	.L462
 6222              	.L472:
 6223 0022 2146     		mov	r1, r4
 6224              	.L462:
 6225              		.loc 1 1024 0 discriminator 4
 6226 0024 064B     		ldr	r3, .L474+4
 6227 0026 5960     		str	r1, [r3, #4]	@ float
1025:ctrl_pend.c   ****     if (g_sat_min > g_sat_max) {
 6228              		.loc 1 1025 0 is_stmt 1 discriminator 4
 6229 0028 2846     		mov	r0, r5
 6230 002a FFF7FEFF 		bl	__aeabi_fcmpgt
 6231              	.LVL901:
 6232 002e 20B1     		cbz	r0, .L459
1026:ctrl_pend.c   ****         g_sat_min = PWM_MIN_F;
 6233              		.loc 1 1026 0
 6234 0030 034B     		ldr	r3, .L474+4
 6235 0032 024A     		ldr	r2, .L474
 6236 0034 1A60     		str	r2, [r3]	@ float
1027:ctrl_pend.c   ****         g_sat_max = PWM_MAX_F;
 6237              		.loc 1 1027 0
 6238 0036 034A     		ldr	r2, .L474+8
 6239 0038 5A60     		str	r2, [r3, #4]	@ float
 6240              	.L459:
 6241 003a 38BD     		pop	{r3, r4, r5, pc}
 6242              	.LVL902:
 6243              	.L475:
 6244              		.align	2
 6245              	.L474:
 6246 003c 00009EC4 		.word	-996278272
 6247 0040 00000000 		.word	.LANCHOR1
 6248 0044 00009E44 		.word	1151205376
 6249              		.cfi_endproc
 6250              	.LFE169:
 6251              		.size	ctrl_set_sat, .-ctrl_set_sat
 6252              		.section	.text.ctrl_step,"ax",%progbits
 6253              		.align	2
ARM GAS  C:\Users\user\AppData\Local\Temp\ccoNEg7E.s 			page 139


 6254              		.global	ctrl_step
 6255              		.thumb
 6256              		.thumb_func
 6257              		.type	ctrl_step, %function
 6258              	ctrl_step:
 6259              	.LFB170:
1028:ctrl_pend.c   ****     }
1029:ctrl_pend.c   **** }
1030:ctrl_pend.c   **** 
1031:ctrl_pend.c   **** /* ============================================================
1032:ctrl_pend.c   ****    ctrl_step()   — llamar una vez por tick de g_flag_control
1033:ctrl_pend.c   ****    ============================================================ */
1034:ctrl_pend.c   **** void ctrl_step(void)
1035:ctrl_pend.c   **** {
 6260              		.loc 1 1035 0
 6261              		.cfi_startproc
 6262              		@ args = 0, pretend = 0, frame = 8
 6263              		@ frame_needed = 0, uses_anonymous_args = 0
 6264 0000 F0B5     		push	{r4, r5, r6, r7, lr}
 6265              		.cfi_def_cfa_offset 20
 6266              		.cfi_offset 4, -20
 6267              		.cfi_offset 5, -16
 6268              		.cfi_offset 6, -12
 6269              		.cfi_offset 7, -8
 6270              		.cfi_offset 14, -4
 6271 0002 83B0     		sub	sp, sp, #12
 6272              		.cfi_def_cfa_offset 32
1036:ctrl_pend.c   ****     int32  theta_cnt;
1037:ctrl_pend.c   ****     int16  delta_om_cnt;
1038:ctrl_pend.c   **** 
1039:ctrl_pend.c   ****     /* Guard: ctrl_stop() (llamado desde isr_2) puede limpiar g_running
1040:ctrl_pend.c   ****        en cualquier momento. Si ya no corremos, soltar motor y salir. */
1041:ctrl_pend.c   ****     if (!g_running) { Motor_Free(); return; }
 6273              		.loc 1 1041 0
 6274 0004 774B     		ldr	r3, .L497
 6275 0006 93F81C32 		ldrb	r3, [r3, #540]	@ zero_extendqisi2
 6276 000a 13B9     		cbnz	r3, .L477
 6277              		.loc 1 1041 0 is_stmt 0 discriminator 1
 6278 000c FFF7FEFF 		bl	Motor_Free
 6279              	.LVL903:
 6280 0010 E5E0     		b	.L476
 6281              	.L477:
1042:ctrl_pend.c   **** 
1043:ctrl_pend.c   ****     pendulo_read(&theta_cnt, &delta_om_cnt);
 6282              		.loc 1 1043 0 is_stmt 1
 6283 0012 0DF10201 		add	r1, sp, #2
 6284 0016 01A8     		add	r0, sp, #4
 6285 0018 FFF7FEFF 		bl	pendulo_read
 6286              	.LVL904:
1044:ctrl_pend.c   **** 
1045:ctrl_pend.c   ****     /* Velocidad cruda del motor y filtrado Åström para reducir ruido de derivada */
1046:ctrl_pend.c   ****     float y1_raw = (float)delta_om_cnt * (2.0f * PI_F / MOTOR_CPR_F) / g_Ts;
 6287              		.loc 1 1046 0
 6288 001c BDF90200 		ldrsh	r0, [sp, #2]
 6289 0020 FFF7FEFF 		bl	__aeabi_i2f
 6290              	.LVL905:
 6291 0024 7049     		ldr	r1, .L497+4
ARM GAS  C:\Users\user\AppData\Local\Temp\ccoNEg7E.s 			page 140


 6292 0026 FFF7FEFF 		bl	__aeabi_fmul
 6293              	.LVL906:
 6294 002a 704B     		ldr	r3, .L497+8
 6295 002c 9968     		ldr	r1, [r3, #8]	@ float
 6296 002e FFF7FEFF 		bl	__aeabi_fdiv
 6297              	.LVL907:
 6298 0032 0646     		mov	r6, r0
 6299              	.LVL908:
1047:ctrl_pend.c   ****     g_y1_filt    = ALPHA_ASTROM_MOT * g_y1_filt + (1.0f - ALPHA_ASTROM_MOT) * y1_raw;
 6300              		.loc 1 1047 0
 6301 0034 6B4C     		ldr	r4, .L497
 6302 0036 6E49     		ldr	r1, .L497+12
 6303 0038 D4F82002 		ldr	r0, [r4, #544]	@ float
 6304              	.LVL909:
 6305 003c FFF7FEFF 		bl	__aeabi_fmul
 6306              	.LVL910:
 6307 0040 0546     		mov	r5, r0
 6308 0042 6C49     		ldr	r1, .L497+16
 6309 0044 3046     		mov	r0, r6
 6310 0046 FFF7FEFF 		bl	__aeabi_fmul
 6311              	.LVL911:
 6312 004a 0146     		mov	r1, r0
 6313 004c 2846     		mov	r0, r5
 6314 004e FFF7FEFF 		bl	__aeabi_fadd
 6315              	.LVL912:
 6316 0052 0646     		mov	r6, r0
 6317              	.LVL913:
 6318 0054 C4F82002 		str	r0, [r4, #544]	@ float
 6319              	.LVL914:
1048:ctrl_pend.c   ****     float y1     = g_y1_filt;
1049:ctrl_pend.c   **** 
1050:ctrl_pend.c   ****     /* Ángulo crudo del péndulo (QuadDec_2, sensor óptico) y filtrado Åström */
1051:ctrl_pend.c   ****     float y2_raw = (float)theta_cnt * (2.0f * PI_F / PENDULO_CPR_F);
 6320              		.loc 1 1051 0
 6321 0058 0198     		ldr	r0, [sp, #4]
 6322              	.LVL915:
 6323 005a FFF7FEFF 		bl	__aeabi_i2f
 6324              	.LVL916:
 6325 005e 6649     		ldr	r1, .L497+20
 6326 0060 FFF7FEFF 		bl	__aeabi_fmul
 6327              	.LVL917:
 6328 0064 0746     		mov	r7, r0
 6329              	.LVL918:
1052:ctrl_pend.c   ****     g_y2_filt    = ALPHA_ASTROM_PEND * g_y2_filt + (1.0f - ALPHA_ASTROM_PEND) * y2_raw;
 6330              		.loc 1 1052 0
 6331 0066 6549     		ldr	r1, .L497+24
 6332 0068 D4F82402 		ldr	r0, [r4, #548]	@ float
 6333              	.LVL919:
 6334 006c FFF7FEFF 		bl	__aeabi_fmul
 6335              	.LVL920:
 6336 0070 0546     		mov	r5, r0
 6337 0072 6349     		ldr	r1, .L497+28
 6338 0074 3846     		mov	r0, r7
 6339 0076 FFF7FEFF 		bl	__aeabi_fmul
 6340              	.LVL921:
 6341 007a 0146     		mov	r1, r0
 6342 007c 2846     		mov	r0, r5
ARM GAS  C:\Users\user\AppData\Local\Temp\ccoNEg7E.s 			page 141


 6343 007e FFF7FEFF 		bl	__aeabi_fadd
 6344              	.LVL922:
 6345 0082 0546     		mov	r5, r0
 6346 0084 C4F82402 		str	r0, [r4, #548]	@ float
 6347              	.LVL923:
1053:ctrl_pend.c   ****     float y2     = g_y2_filt;
1054:ctrl_pend.c   **** 
1055:ctrl_pend.c   ****     CtrlLoop *inner = &g_lp[PLANT_INNER];
1056:ctrl_pend.c   ****     CtrlLoop *outer = &g_lp[PLANT_OUTER];
1057:ctrl_pend.c   **** 
1058:ctrl_pend.c   ****     float u1 = 0.0f;
1059:ctrl_pend.c   ****     float u2 = outer->u_out;
 6348              		.loc 1 1059 0
 6349 0088 D4F8AC01 		ldr	r0, [r4, #428]	@ float
 6350              	.LVL924:
1060:ctrl_pend.c   **** 
1061:ctrl_pend.c   ****     /* --- Loop outer (cada N ticks inner) --- */
1062:ctrl_pend.c   ****     if (outer->mode != CTRL_MODE_OFF)
 6351              		.loc 1 1062 0
 6352 008c 94F81031 		ldrb	r3, [r4, #272]	@ zero_extendqisi2
 6353 0090 062B     		cmp	r3, #6
 6354 0092 16D0     		beq	.L479
1063:ctrl_pend.c   ****     {
1064:ctrl_pend.c   ****         outer->cnt++;
 6355              		.loc 1 1064 0
 6356 0094 B4F8B231 		ldrh	r3, [r4, #434]
 6357 0098 0133     		adds	r3, r3, #1
 6358 009a 9BB2     		uxth	r3, r3
 6359 009c A4F8B231 		strh	r3, [r4, #434]	@ movhi
1065:ctrl_pend.c   ****         if (outer->cnt >= outer->N)
 6360              		.loc 1 1065 0
 6361 00a0 B4F8B021 		ldrh	r2, [r4, #432]
 6362 00a4 9342     		cmp	r3, r2
 6363 00a6 0CD3     		bcc	.L479
1066:ctrl_pend.c   ****         {
1067:ctrl_pend.c   ****             outer->cnt = 0u;
 6364              		.loc 1 1067 0
 6365 00a8 0023     		movs	r3, #0
 6366 00aa A4F8B231 		strh	r3, [r4, #434]	@ movhi
1068:ctrl_pend.c   ****             u2 = run_step(outer, y2);
 6367              		.loc 1 1068 0
 6368 00ae 2946     		mov	r1, r5
 6369 00b0 04F58870 		add	r0, r4, #272
 6370              	.LVL925:
 6371 00b4 FFF7FEFF 		bl	run_step
 6372              	.LVL926:
1069:ctrl_pend.c   ****             if (inner->mode != CTRL_MODE_OFF)
 6373              		.loc 1 1069 0
 6374 00b8 2379     		ldrb	r3, [r4, #4]	@ zero_extendqisi2
 6375 00ba 062B     		cmp	r3, #6
 6376 00bc 01D0     		beq	.L479
1070:ctrl_pend.c   ****                 inner->ref = u2;
 6377              		.loc 1 1070 0
 6378 00be C4F89800 		str	r0, [r4, #152]	@ float
 6379              	.L479:
1071:ctrl_pend.c   ****         }
1072:ctrl_pend.c   ****     }
ARM GAS  C:\Users\user\AppData\Local\Temp\ccoNEg7E.s 			page 142


1073:ctrl_pend.c   **** 
1074:ctrl_pend.c   ****     /* --- Loop inner (cada tick) --- */
1075:ctrl_pend.c   ****     if (inner->mode != CTRL_MODE_OFF)
 6380              		.loc 1 1075 0
 6381 00c2 484B     		ldr	r3, .L497
 6382 00c4 1B79     		ldrb	r3, [r3, #4]	@ zero_extendqisi2
 6383 00c6 062B     		cmp	r3, #6
 6384 00c8 1ED0     		beq	.L480
1076:ctrl_pend.c   ****     {
1077:ctrl_pend.c   ****         u1 = run_step(inner, y1);
 6385              		.loc 1 1077 0
 6386 00ca 3146     		mov	r1, r6
 6387 00cc 4D48     		ldr	r0, .L497+32
 6388              	.LVL927:
 6389 00ce FFF7FEFF 		bl	run_step
 6390              	.LVL928:
 6391 00d2 0446     		mov	r4, r0
 6392              	.LVL929:
1078:ctrl_pend.c   ****         /* bit1 de g_ref_in_volts: salida del ctrl en Voltios → convertir a PWM */
1079:ctrl_pend.c   ****         if (g_ref_in_volts & 0x02u)
 6393              		.loc 1 1079 0
 6394 00d4 4C4B     		ldr	r3, .L497+36
 6395 00d6 1B78     		ldrb	r3, [r3]	@ zero_extendqisi2
 6396 00d8 13F0020F 		tst	r3, #2
 6397 00dc 09D0     		beq	.L481
1080:ctrl_pend.c   ****             Motor_Control(PWM_Desde_Voltaje(satf(u1, g_sat_min, g_sat_max)));
 6398              		.loc 1 1080 0
 6399 00de 434B     		ldr	r3, .L497+8
 6400 00e0 5A68     		ldr	r2, [r3, #4]	@ float
 6401 00e2 1968     		ldr	r1, [r3]	@ float
 6402 00e4 FFF7FEFF 		bl	satf
 6403              	.LVL930:
 6404 00e8 FFF7FEFF 		bl	PWM_Desde_Voltaje
 6405              	.LVL931:
 6406 00ec FFF7FEFF 		bl	Motor_Control
 6407              	.LVL932:
 6408 00f0 1EE0     		b	.L482
 6409              	.LVL933:
 6410              	.L481:
1081:ctrl_pend.c   ****         else
1082:ctrl_pend.c   ****             Motor_Control((int16)satf(u1, g_sat_min, g_sat_max));
 6411              		.loc 1 1082 0
 6412 00f2 3E4B     		ldr	r3, .L497+8
 6413 00f4 5A68     		ldr	r2, [r3, #4]	@ float
 6414 00f6 1968     		ldr	r1, [r3]	@ float
 6415 00f8 FFF7FEFF 		bl	satf
 6416              	.LVL934:
 6417 00fc FFF7FEFF 		bl	__aeabi_f2iz
 6418              	.LVL935:
 6419 0100 00B2     		sxth	r0, r0
 6420 0102 FFF7FEFF 		bl	Motor_Control
 6421              	.LVL936:
 6422 0106 13E0     		b	.L482
 6423              	.LVL937:
 6424              	.L480:
1083:ctrl_pend.c   ****     }
1084:ctrl_pend.c   ****     else if (outer->mode != CTRL_MODE_OFF)
ARM GAS  C:\Users\user\AppData\Local\Temp\ccoNEg7E.s 			page 143


 6425              		.loc 1 1084 0
 6426 0108 364B     		ldr	r3, .L497
 6427 010a 93F81031 		ldrb	r3, [r3, #272]	@ zero_extendqisi2
 6428 010e 062B     		cmp	r3, #6
 6429 0110 0BD0     		beq	.L483
1085:ctrl_pend.c   ****     {
1086:ctrl_pend.c   ****         u1 = satf(u2, g_sat_min, g_sat_max);
 6430              		.loc 1 1086 0
 6431 0112 364B     		ldr	r3, .L497+8
 6432 0114 5A68     		ldr	r2, [r3, #4]	@ float
 6433 0116 1968     		ldr	r1, [r3]	@ float
 6434 0118 FFF7FEFF 		bl	satf
 6435              	.LVL938:
 6436 011c 0446     		mov	r4, r0
 6437              	.LVL939:
1087:ctrl_pend.c   ****         Motor_Control((int16)u1);
 6438              		.loc 1 1087 0
 6439 011e FFF7FEFF 		bl	__aeabi_f2iz
 6440              	.LVL940:
 6441 0122 00B2     		sxth	r0, r0
 6442 0124 FFF7FEFF 		bl	Motor_Control
 6443              	.LVL941:
 6444 0128 02E0     		b	.L482
 6445              	.LVL942:
 6446              	.L483:
1088:ctrl_pend.c   ****     }
1089:ctrl_pend.c   ****     else
1090:ctrl_pend.c   ****     {
1091:ctrl_pend.c   ****         Motor_Free();
 6447              		.loc 1 1091 0
 6448 012a FFF7FEFF 		bl	Motor_Free
 6449              	.LVL943:
1058:ctrl_pend.c   ****     float u2 = outer->u_out;
 6450              		.loc 1 1058 0
 6451 012e 0024     		movs	r4, #0
 6452              	.LVL944:
 6453              	.L482:
 6454              	.LBB413:
1092:ctrl_pend.c   ****     }
1093:ctrl_pend.c   **** 
1094:ctrl_pend.c   ****     /* --- Watchdog de stall (choque contra topes mecánicos) ---
1095:ctrl_pend.c   ****        Si |u1| >= STALL_PWM_THRESH y |delta_om_cnt| <= STALL_DELTA_THRESH
1096:ctrl_pend.c   ****        durante STALL_WINDOW_TICKS ticks consecutivos, levantamos el flag.
1097:ctrl_pend.c   ****        main.c detecta el flag, lo señaliza en la telemetría (bit 31 de
1098:ctrl_pend.c   ****        elapsed) y vuelve a COMMAND mode tras enviar el último frame. */
1099:ctrl_pend.c   ****     {
1100:ctrl_pend.c   ****         static uint32 stall_cnt = 0u;
1101:ctrl_pend.c   ****         int16 d_abs = (delta_om_cnt < 0) ? (int16)(-delta_om_cnt) : delta_om_cnt;
 6455              		.loc 1 1101 0
 6456 0130 BDF90270 		ldrsh	r7, [sp, #2]
 6457              	.LVL945:
 6458 0134 002F     		cmp	r7, #0
 6459 0136 01DA     		bge	.L484
 6460              		.loc 1 1101 0 is_stmt 0 discriminator 1
 6461 0138 7F42     		negs	r7, r7
 6462 013a 3FB2     		sxth	r7, r7
 6463              	.L484:
ARM GAS  C:\Users\user\AppData\Local\Temp\ccoNEg7E.s 			page 144


 6464              	.LVL946:
1102:ctrl_pend.c   ****         float u_abs = (u1 < 0.0f) ? -u1 : u1;
 6465              		.loc 1 1102 0 is_stmt 1 discriminator 4
 6466 013c 0021     		movs	r1, #0
 6467 013e 2046     		mov	r0, r4
 6468 0140 FFF7FEFF 		bl	__aeabi_fcmplt
 6469              	.LVL947:
 6470 0144 10B1     		cbz	r0, .L495
 6471              		.loc 1 1102 0 is_stmt 0 discriminator 1
 6472 0146 04F10040 		add	r0, r4, #-2147483648
 6473 014a 00E0     		b	.L485
 6474              	.L495:
 6475              		.loc 1 1102 0
 6476 014c 2046     		mov	r0, r4
 6477              	.L485:
 6478              	.LVL948:
1103:ctrl_pend.c   ****         if (u_abs >= STALL_PWM_THRESH && d_abs <= STALL_DELTA_THRESH) {
 6479              		.loc 1 1103 0 is_stmt 1 discriminator 4
 6480 014e 2F49     		ldr	r1, .L497+40
 6481 0150 FFF7FEFF 		bl	__aeabi_fcmpge
 6482              	.LVL949:
 6483 0154 98B1     		cbz	r0, .L487
 6484              		.loc 1 1103 0 is_stmt 0 discriminator 1
 6485 0156 022F     		cmp	r7, #2
 6486 0158 11DC     		bgt	.L487
1104:ctrl_pend.c   ****             stall_cnt++;
 6487              		.loc 1 1104 0 is_stmt 1
 6488 015a 224A     		ldr	r2, .L497
 6489 015c D2F82C32 		ldr	r3, [r2, #556]
 6490 0160 0133     		adds	r3, r3, #1
 6491 0162 C2F82C32 		str	r3, [r2, #556]
1105:ctrl_pend.c   ****             if (stall_cnt >= STALL_WINDOW_TICKS) {
 6492              		.loc 1 1105 0
 6493 0166 132B     		cmp	r3, #19
 6494 0168 0DD9     		bls	.L489
1106:ctrl_pend.c   ****                 ctrl_stall_flag = 1u;
 6495              		.loc 1 1106 0
 6496 016a 1346     		mov	r3, r2
 6497 016c 0122     		movs	r2, #1
 6498 016e 83F82822 		strb	r2, [r3, #552]
1107:ctrl_pend.c   ****                 stall_cnt       = 0u;
 6499              		.loc 1 1107 0
 6500 0172 0022     		movs	r2, #0
 6501 0174 C3F82C22 		str	r2, [r3, #556]
1108:ctrl_pend.c   ****                 Motor_Free();   /* aborto inmediato del PWM, antes de que main lea el flag */
 6502              		.loc 1 1108 0
 6503 0178 FFF7FEFF 		bl	Motor_Free
 6504              	.LVL950:
 6505 017c 03E0     		b	.L489
 6506              	.L487:
1109:ctrl_pend.c   ****             }
1110:ctrl_pend.c   ****         } else {
1111:ctrl_pend.c   ****             stall_cnt = 0u;
 6507              		.loc 1 1111 0
 6508 017e 0022     		movs	r2, #0
 6509 0180 184B     		ldr	r3, .L497
 6510 0182 C3F82C22 		str	r2, [r3, #556]
ARM GAS  C:\Users\user\AppData\Local\Temp\ccoNEg7E.s 			page 145


 6511              	.L489:
 6512              	.LBE413:
 6513              	.LBB414:
1112:ctrl_pend.c   ****         }
1113:ctrl_pend.c   ****     }
1114:ctrl_pend.c   **** 
1115:ctrl_pend.c   ****     /* --- Snapshot telemetría (sección crítica mínima) --- */
1116:ctrl_pend.c   ****     {
1117:ctrl_pend.c   ****         uint8 intr = CyEnterCriticalSection();
 6514              		.loc 1 1117 0
 6515 0186 FFF7FEFF 		bl	CyEnterCriticalSection
 6516              	.LVL951:
1118:ctrl_pend.c   ****         ctrl_telem_u1    = u1;
 6517              		.loc 1 1118 0
 6518 018a 164B     		ldr	r3, .L497
 6519 018c C3F83042 		str	r4, [r3, #560]	@ float
1119:ctrl_pend.c   ****         ctrl_telem_y1    = y1;
 6520              		.loc 1 1119 0
 6521 0190 C3F83462 		str	r6, [r3, #564]	@ float
1120:ctrl_pend.c   ****         /* u2 telem: si outer activo → su salida real (outer->u_out, que se
1121:ctrl_pend.c   ****            mantiene held entre fires por la decimación). Si outer Off → la
1122:ctrl_pend.c   ****            ref del inner que el usuario fija manualmente (cmd 'u'). Esto
1123:ctrl_pend.c   ****            permite ver la salida del controlador outer aunque inner=Off
1124:ctrl_pend.c   ****            (test de lazo abierto). */
1125:ctrl_pend.c   ****         ctrl_telem_u2    = (outer->mode != CTRL_MODE_OFF) ? outer->u_out : inner->ref;
 6522              		.loc 1 1125 0
 6523 0194 93F81031 		ldrb	r3, [r3, #272]	@ zero_extendqisi2
 6524 0198 062B     		cmp	r3, #6
 6525 019a 03D0     		beq	.L490
 6526              		.loc 1 1125 0 is_stmt 0 discriminator 1
 6527 019c 114B     		ldr	r3, .L497
 6528 019e D3F8AC21 		ldr	r2, [r3, #428]	@ float
 6529 01a2 02E0     		b	.L491
 6530              	.L490:
 6531              		.loc 1 1125 0 discriminator 2
 6532 01a4 0F4B     		ldr	r3, .L497
 6533 01a6 D3F89820 		ldr	r2, [r3, #152]	@ float
 6534              	.L491:
 6535              		.loc 1 1125 0 discriminator 4
 6536 01aa 0E4B     		ldr	r3, .L497
 6537 01ac C3F83822 		str	r2, [r3, #568]	@ float
1126:ctrl_pend.c   ****         ctrl_telem_y2    = y2;
 6538              		.loc 1 1126 0 is_stmt 1 discriminator 4
 6539 01b0 C3F83C52 		str	r5, [r3, #572]	@ float
1127:ctrl_pend.c   ****         ctrl_telem_x1i   = inner->xhat[0];
 6540              		.loc 1 1127 0 discriminator 4
 6541 01b4 D3F88420 		ldr	r2, [r3, #132]	@ float
 6542 01b8 C3F84022 		str	r2, [r3, #576]	@ float
1128:ctrl_pend.c   ****         ctrl_telem_x2i   = inner->xhat[1];
 6543              		.loc 1 1128 0 discriminator 4
 6544 01bc D3F88820 		ldr	r2, [r3, #136]	@ float
 6545 01c0 C3F84422 		str	r2, [r3, #580]	@ float
1129:ctrl_pend.c   ****         ctrl_telem_x1o   = outer->xhat[0];
 6546              		.loc 1 1129 0 discriminator 4
 6547 01c4 D3F89021 		ldr	r2, [r3, #400]	@ float
 6548 01c8 C3F84822 		str	r2, [r3, #584]	@ float
1130:ctrl_pend.c   ****         ctrl_telem_x2o   = outer->xhat[1];
ARM GAS  C:\Users\user\AppData\Local\Temp\ccoNEg7E.s 			page 146


 6549              		.loc 1 1130 0 discriminator 4
 6550 01cc D3F89421 		ldr	r2, [r3, #404]	@ float
 6551 01d0 C3F84C22 		str	r2, [r3, #588]	@ float
1131:ctrl_pend.c   ****         ctrl_telem_ready = 1u;
 6552              		.loc 1 1131 0 discriminator 4
 6553 01d4 0122     		movs	r2, #1
 6554 01d6 83F81D22 		strb	r2, [r3, #541]
1132:ctrl_pend.c   ****         CyExitCriticalSection(intr);
 6555              		.loc 1 1132 0 discriminator 4
 6556 01da FFF7FEFF 		bl	CyExitCriticalSection
 6557              	.LVL952:
 6558              	.L476:
 6559              	.LBE414:
1133:ctrl_pend.c   ****     }
1134:ctrl_pend.c   **** }
 6560              		.loc 1 1134 0
 6561 01de 03B0     		add	sp, sp, #12
 6562              		.cfi_def_cfa_offset 20
 6563              		@ sp needed
 6564 01e0 F0BD     		pop	{r4, r5, r6, r7, pc}
 6565              	.L498:
 6566 01e2 00BF     		.align	2
 6567              	.L497:
 6568 01e4 00000000 		.word	.LANCHOR0
 6569 01e8 FBF7C53B 		.word	1002829819
 6570 01ec 00000000 		.word	.LANCHOR1
 6571 01f0 62DE543E 		.word	1045749346
 6572 01f4 68C84A3F 		.word	1061865576
 6573 01f8 BEB5243A 		.word	975484350
 6574 01fc ACFB3A3F 		.word	1060830124
 6575 0200 A8088A3E 		.word	1049233576
 6576 0204 04000000 		.word	.LANCHOR0+4
 6577 0208 00000000 		.word	g_ref_in_volts
 6578 020c 00004844 		.word	1145569280
 6579              		.cfi_endproc
 6580              	.LFE170:
 6581              		.size	ctrl_step, .-ctrl_step
 6582              		.global	ctrl_stall_flag
 6583              		.global	ctrl_period_ticks
 6584              		.global	ctrl_period_pending
 6585              		.global	ctrl_telem_ready
 6586              		.global	ctrl_telem_x2o
 6587              		.global	ctrl_telem_x1o
 6588              		.global	ctrl_telem_x2i
 6589              		.global	ctrl_telem_x1i
 6590              		.global	ctrl_telem_y2
 6591              		.global	ctrl_telem_u2
 6592              		.global	ctrl_telem_y1
 6593              		.global	ctrl_telem_u1
 6594              		.data
 6595              		.align	2
 6596              		.set	.LANCHOR1,. + 0
 6597              		.type	g_sat_min, %object
 6598              		.size	g_sat_min, 4
 6599              	g_sat_min:
 6600 0000 00009EC4 		.word	-996278272
 6601              		.type	g_sat_max, %object
ARM GAS  C:\Users\user\AppData\Local\Temp\ccoNEg7E.s 			page 147


 6602              		.size	g_sat_max, 4
 6603              	g_sat_max:
 6604 0004 00009E44 		.word	1151205376
 6605              		.type	g_Ts, %object
 6606              		.size	g_Ts, 4
 6607              	g_Ts:
 6608 0008 0AD7A33B 		.word	1000593162
 6609              		.type	ctrl_period_ticks, %object
 6610              		.size	ctrl_period_ticks, 4
 6611              	ctrl_period_ticks:
 6612 000c BFD40100 		.word	119999
 6613              		.bss
 6614              		.align	2
 6615              		.set	.LANCHOR0,. + 0
 6616              		.type	g_num_type, %object
 6617              		.size	g_num_type, 1
 6618              	g_num_type:
 6619 0000 00       		.space	1
 6620 0001 000000   		.space	3
 6621              		.type	g_lp, %object
 6622              		.size	g_lp, 536
 6623              	g_lp:
 6624 0004 00000000 		.space	536
 6624      00000000 
 6624      00000000 
 6624      00000000 
 6624      00000000 
 6625              		.type	g_running, %object
 6626              		.size	g_running, 1
 6627              	g_running:
 6628 021c 00       		.space	1
 6629              		.type	ctrl_telem_ready, %object
 6630              		.size	ctrl_telem_ready, 1
 6631              	ctrl_telem_ready:
 6632 021d 00       		.space	1
 6633              		.type	ctrl_period_pending, %object
 6634              		.size	ctrl_period_pending, 1
 6635              	ctrl_period_pending:
 6636 021e 00       		.space	1
 6637 021f 00       		.space	1
 6638              		.type	g_y1_filt, %object
 6639              		.size	g_y1_filt, 4
 6640              	g_y1_filt:
 6641 0220 00000000 		.space	4
 6642              		.type	g_y2_filt, %object
 6643              		.size	g_y2_filt, 4
 6644              	g_y2_filt:
 6645 0224 00000000 		.space	4
 6646              		.type	ctrl_stall_flag, %object
 6647              		.size	ctrl_stall_flag, 1
 6648              	ctrl_stall_flag:
 6649 0228 00       		.space	1
 6650 0229 000000   		.space	3
 6651              		.type	stall_cnt.9423, %object
 6652              		.size	stall_cnt.9423, 4
 6653              	stall_cnt.9423:
 6654 022c 00000000 		.space	4
ARM GAS  C:\Users\user\AppData\Local\Temp\ccoNEg7E.s 			page 148


 6655              		.type	ctrl_telem_u1, %object
 6656              		.size	ctrl_telem_u1, 4
 6657              	ctrl_telem_u1:
 6658 0230 00000000 		.space	4
 6659              		.type	ctrl_telem_y1, %object
 6660              		.size	ctrl_telem_y1, 4
 6661              	ctrl_telem_y1:
 6662 0234 00000000 		.space	4
 6663              		.type	ctrl_telem_u2, %object
 6664              		.size	ctrl_telem_u2, 4
 6665              	ctrl_telem_u2:
 6666 0238 00000000 		.space	4
 6667              		.type	ctrl_telem_y2, %object
 6668              		.size	ctrl_telem_y2, 4
 6669              	ctrl_telem_y2:
 6670 023c 00000000 		.space	4
 6671              		.type	ctrl_telem_x1i, %object
 6672              		.size	ctrl_telem_x1i, 4
 6673              	ctrl_telem_x1i:
 6674 0240 00000000 		.space	4
 6675              		.type	ctrl_telem_x2i, %object
 6676              		.size	ctrl_telem_x2i, 4
 6677              	ctrl_telem_x2i:
 6678 0244 00000000 		.space	4
 6679              		.type	ctrl_telem_x1o, %object
 6680              		.size	ctrl_telem_x1o, 4
 6681              	ctrl_telem_x1o:
 6682 0248 00000000 		.space	4
 6683              		.type	ctrl_telem_x2o, %object
 6684              		.size	ctrl_telem_x2o, 4
 6685              	ctrl_telem_x2o:
 6686 024c 00000000 		.space	4
 6687              		.text
 6688              	.Letext0:
 6689              		.file 2 "d:\\psoc\\psoc creator\\4.4\\psoc creator\\import\\gnu\\arm\\5.4.1\\arm-none-eabi\\includ
 6690              		.file 3 "d:\\psoc\\psoc creator\\4.4\\psoc creator\\import\\gnu\\arm\\5.4.1\\arm-none-eabi\\includ
 6691              		.file 4 "arm_math.h"
 6692              		.file 5 "Generated_Source\\PSoC5/cytypes.h"
 6693              		.file 6 "./core_cm3.h"
 6694              		.file 7 "uartp_pend.h"
 6695              		.file 8 "pendulo.h"
 6696              		.file 9 "motor.h"
 6697              		.file 10 "Generated_Source\\PSoC5/CyLib.h"
 6698              		.section	.debug_info,"",%progbits
 6699              	.Ldebug_info0:
 6700 0000 C2310000 		.4byte	0x31c2
 6701 0004 0400     		.2byte	0x4
 6702 0006 00000000 		.4byte	.Ldebug_abbrev0
 6703 000a 04       		.byte	0x4
 6704 000b 01       		.uleb128 0x1
 6705 000c D2050000 		.4byte	.LASF182
 6706 0010 0C       		.byte	0xc
 6707 0011 F4010000 		.4byte	.LASF183
 6708 0015 9A000000 		.4byte	.LASF184
 6709 0019 30000000 		.4byte	.Ldebug_ranges0+0x30
 6710 001d 00000000 		.4byte	0
 6711 0021 00000000 		.4byte	.Ldebug_line0
ARM GAS  C:\Users\user\AppData\Local\Temp\ccoNEg7E.s 			page 149


 6712 0025 02       		.uleb128 0x2
 6713 0026 04       		.byte	0x4
 6714 0027 04       		.byte	0x4
 6715 0028 16050000 		.4byte	.LASF0
 6716 002c 03       		.uleb128 0x3
 6717 002d 23010000 		.4byte	.LASF3
 6718 0031 02       		.byte	0x2
 6719 0032 1B       		.byte	0x1b
 6720 0033 37000000 		.4byte	0x37
 6721 0037 02       		.uleb128 0x2
 6722 0038 01       		.byte	0x1
 6723 0039 06       		.byte	0x6
 6724 003a 73010000 		.4byte	.LASF1
 6725 003e 02       		.uleb128 0x2
 6726 003f 01       		.byte	0x1
 6727 0040 08       		.byte	0x8
 6728 0041 7E050000 		.4byte	.LASF2
 6729 0045 03       		.uleb128 0x3
 6730 0046 47070000 		.4byte	.LASF4
 6731 004a 02       		.byte	0x2
 6732 004b 29       		.byte	0x29
 6733 004c 50000000 		.4byte	0x50
 6734 0050 02       		.uleb128 0x2
 6735 0051 02       		.byte	0x2
 6736 0052 05       		.byte	0x5
 6737 0053 B4050000 		.4byte	.LASF5
 6738 0057 02       		.uleb128 0x2
 6739 0058 02       		.byte	0x2
 6740 0059 07       		.byte	0x7
 6741 005a 56070000 		.4byte	.LASF6
 6742 005e 03       		.uleb128 0x3
 6743 005f 13070000 		.4byte	.LASF7
 6744 0063 02       		.byte	0x2
 6745 0064 3F       		.byte	0x3f
 6746 0065 69000000 		.4byte	0x69
 6747 0069 02       		.uleb128 0x2
 6748 006a 04       		.byte	0x4
 6749 006b 05       		.byte	0x5
 6750 006c 15020000 		.4byte	.LASF8
 6751 0070 02       		.uleb128 0x2
 6752 0071 04       		.byte	0x4
 6753 0072 07       		.byte	0x7
 6754 0073 66030000 		.4byte	.LASF9
 6755 0077 03       		.uleb128 0x3
 6756 0078 01010000 		.4byte	.LASF10
 6757 007c 02       		.byte	0x2
 6758 007d 59       		.byte	0x59
 6759 007e 82000000 		.4byte	0x82
 6760 0082 02       		.uleb128 0x2
 6761 0083 08       		.byte	0x8
 6762 0084 05       		.byte	0x5
 6763 0085 5E020000 		.4byte	.LASF11
 6764 0089 02       		.uleb128 0x2
 6765 008a 08       		.byte	0x8
 6766 008b 07       		.byte	0x7
 6767 008c D7000000 		.4byte	.LASF12
 6768 0090 04       		.uleb128 0x4
ARM GAS  C:\Users\user\AppData\Local\Temp\ccoNEg7E.s 			page 150


 6769 0091 04       		.byte	0x4
 6770 0092 05       		.byte	0x5
 6771 0093 696E7400 		.ascii	"int\000"
 6772 0097 02       		.uleb128 0x2
 6773 0098 04       		.byte	0x4
 6774 0099 07       		.byte	0x7
 6775 009a 38030000 		.4byte	.LASF13
 6776 009e 03       		.uleb128 0x3
 6777 009f 7A070000 		.4byte	.LASF14
 6778 00a3 03       		.byte	0x3
 6779 00a4 14       		.byte	0x14
 6780 00a5 2C000000 		.4byte	0x2c
 6781 00a9 03       		.uleb128 0x3
 6782 00aa 52010000 		.4byte	.LASF15
 6783 00ae 03       		.byte	0x3
 6784 00af 20       		.byte	0x20
 6785 00b0 45000000 		.4byte	0x45
 6786 00b4 03       		.uleb128 0x3
 6787 00b5 76050000 		.4byte	.LASF16
 6788 00b9 03       		.byte	0x3
 6789 00ba 2C       		.byte	0x2c
 6790 00bb 5E000000 		.4byte	0x5e
 6791 00bf 03       		.uleb128 0x3
 6792 00c0 46080000 		.4byte	.LASF17
 6793 00c4 03       		.byte	0x3
 6794 00c5 38       		.byte	0x38
 6795 00c6 77000000 		.4byte	0x77
 6796 00ca 02       		.uleb128 0x2
 6797 00cb 08       		.byte	0x8
 6798 00cc 04       		.byte	0x4
 6799 00cd C3060000 		.4byte	.LASF18
 6800 00d1 02       		.uleb128 0x2
 6801 00d2 04       		.byte	0x4
 6802 00d3 07       		.byte	0x7
 6803 00d4 74040000 		.4byte	.LASF19
 6804 00d8 02       		.uleb128 0x2
 6805 00d9 01       		.byte	0x1
 6806 00da 08       		.byte	0x8
 6807 00db D4060000 		.4byte	.LASF20
 6808 00df 02       		.uleb128 0x2
 6809 00e0 08       		.byte	0x8
 6810 00e1 04       		.byte	0x4
 6811 00e2 6C020000 		.4byte	.LASF21
 6812 00e6 05       		.uleb128 0x5
 6813 00e7 51070000 		.4byte	.LASF22
 6814 00eb 04       		.byte	0x4
 6815 00ec 8901     		.2byte	0x189
 6816 00ee 9E000000 		.4byte	0x9e
 6817 00f2 05       		.uleb128 0x5
 6818 00f3 58020000 		.4byte	.LASF23
 6819 00f7 04       		.byte	0x4
 6820 00f8 8E01     		.2byte	0x18e
 6821 00fa A9000000 		.4byte	0xa9
 6822 00fe 05       		.uleb128 0x5
 6823 00ff 84060000 		.4byte	.LASF24
 6824 0103 04       		.byte	0x4
 6825 0104 9301     		.2byte	0x193
ARM GAS  C:\Users\user\AppData\Local\Temp\ccoNEg7E.s 			page 151


 6826 0106 B4000000 		.4byte	0xb4
 6827 010a 05       		.uleb128 0x5
 6828 010b 48000000 		.4byte	.LASF25
 6829 010f 04       		.byte	0x4
 6830 0110 9801     		.2byte	0x198
 6831 0112 BF000000 		.4byte	0xbf
 6832 0116 05       		.uleb128 0x5
 6833 0117 3D070000 		.4byte	.LASF26
 6834 011b 04       		.byte	0x4
 6835 011c 9D01     		.2byte	0x19d
 6836 011e 25000000 		.4byte	0x25
 6837 0122 05       		.uleb128 0x5
 6838 0123 C1030000 		.4byte	.LASF27
 6839 0127 05       		.byte	0x5
 6840 0128 E901     		.2byte	0x1e9
 6841 012a 3E000000 		.4byte	0x3e
 6842 012e 05       		.uleb128 0x5
 6843 012f EA040000 		.4byte	.LASF28
 6844 0133 05       		.byte	0x5
 6845 0134 EA01     		.2byte	0x1ea
 6846 0136 57000000 		.4byte	0x57
 6847 013a 05       		.uleb128 0x5
 6848 013b A7020000 		.4byte	.LASF29
 6849 013f 05       		.byte	0x5
 6850 0140 EB01     		.2byte	0x1eb
 6851 0142 70000000 		.4byte	0x70
 6852 0146 05       		.uleb128 0x5
 6853 0147 2A080000 		.4byte	.LASF30
 6854 014b 05       		.byte	0x5
 6855 014c ED01     		.2byte	0x1ed
 6856 014e 50000000 		.4byte	0x50
 6857 0152 05       		.uleb128 0x5
 6858 0153 16030000 		.4byte	.LASF31
 6859 0157 05       		.byte	0x5
 6860 0158 EE01     		.2byte	0x1ee
 6861 015a 69000000 		.4byte	0x69
 6862 015e 06       		.uleb128 0x6
 6863 015f 22010000 		.4byte	0x122
 6864 0163 06       		.uleb128 0x6
 6865 0164 3A010000 		.4byte	0x13a
 6866 0168 07       		.uleb128 0x7
 6867 0169 0C01     		.2byte	0x10c
 6868 016b 01       		.byte	0x1
 6869 016c 50       		.byte	0x50
 6870 016d 55030000 		.4byte	0x355
 6871 0171 08       		.uleb128 0x8
 6872 0172 D9060000 		.4byte	.LASF32
 6873 0176 01       		.byte	0x1
 6874 0177 51       		.byte	0x51
 6875 0178 22010000 		.4byte	0x122
 6876 017c 00       		.byte	0
 6877 017d 08       		.uleb128 0x8
 6878 017e A2020000 		.4byte	.LASF33
 6879 0182 01       		.byte	0x1
 6880 0183 54       		.byte	0x54
 6881 0184 55030000 		.4byte	0x355
 6882 0188 04       		.byte	0x4
ARM GAS  C:\Users\user\AppData\Local\Temp\ccoNEg7E.s 			page 152


 6883 0189 08       		.uleb128 0x8
 6884 018a 7C080000 		.4byte	.LASF34
 6885 018e 01       		.byte	0x1
 6886 018f 55       		.byte	0x55
 6887 0190 55030000 		.4byte	0x355
 6888 0194 1C       		.byte	0x1c
 6889 0195 08       		.uleb128 0x8
 6890 0196 11030000 		.4byte	.LASF35
 6891 019a 01       		.byte	0x1
 6892 019b 56       		.byte	0x56
 6893 019c 65030000 		.4byte	0x365
 6894 01a0 34       		.byte	0x34
 6895 01a1 09       		.uleb128 0x9
 6896 01a2 4100     		.ascii	"A\000"
 6897 01a4 01       		.byte	0x1
 6898 01a5 59       		.byte	0x59
 6899 01a6 75030000 		.4byte	0x375
 6900 01aa 48       		.byte	0x48
 6901 01ab 09       		.uleb128 0x9
 6902 01ac 4200     		.ascii	"B\000"
 6903 01ae 01       		.byte	0x1
 6904 01af 5A       		.byte	0x5a
 6905 01b0 85030000 		.4byte	0x385
 6906 01b4 58       		.byte	0x58
 6907 01b5 09       		.uleb128 0x9
 6908 01b6 4300     		.ascii	"C\000"
 6909 01b8 01       		.byte	0x1
 6910 01b9 5B       		.byte	0x5b
 6911 01ba 85030000 		.4byte	0x385
 6912 01be 60       		.byte	0x60
 6913 01bf 09       		.uleb128 0x9
 6914 01c0 4400     		.ascii	"D\000"
 6915 01c2 01       		.byte	0x1
 6916 01c3 5C       		.byte	0x5c
 6917 01c4 25000000 		.4byte	0x25
 6918 01c8 68       		.byte	0x68
 6919 01c9 09       		.uleb128 0x9
 6920 01ca 4C00     		.ascii	"L\000"
 6921 01cc 01       		.byte	0x1
 6922 01cd 5D       		.byte	0x5d
 6923 01ce 85030000 		.4byte	0x385
 6924 01d2 6C       		.byte	0x6c
 6925 01d3 09       		.uleb128 0x9
 6926 01d4 4B00     		.ascii	"K\000"
 6927 01d6 01       		.byte	0x1
 6928 01d7 5E       		.byte	0x5e
 6929 01d8 85030000 		.4byte	0x385
 6930 01dc 74       		.byte	0x74
 6931 01dd 09       		.uleb128 0x9
 6932 01de 4B7800   		.ascii	"Kx\000"
 6933 01e1 01       		.byte	0x1
 6934 01e2 5F       		.byte	0x5f
 6935 01e3 25000000 		.4byte	0x25
 6936 01e7 7C       		.byte	0x7c
 6937 01e8 08       		.uleb128 0x8
 6938 01e9 CF060000 		.4byte	.LASF36
 6939 01ed 01       		.byte	0x1
ARM GAS  C:\Users\user\AppData\Local\Temp\ccoNEg7E.s 			page 153


 6940 01ee 62       		.byte	0x62
 6941 01ef 85030000 		.4byte	0x385
 6942 01f3 80       		.byte	0x80
 6943 01f4 08       		.uleb128 0x8
 6944 01f5 B0040000 		.4byte	.LASF37
 6945 01f9 01       		.byte	0x1
 6946 01fa 63       		.byte	0x63
 6947 01fb 85030000 		.4byte	0x385
 6948 01ff 88       		.byte	0x88
 6949 0200 08       		.uleb128 0x8
 6950 0201 8C040000 		.4byte	.LASF38
 6951 0205 01       		.byte	0x1
 6952 0206 64       		.byte	0x64
 6953 0207 25000000 		.4byte	0x25
 6954 020b 90       		.byte	0x90
 6955 020c 09       		.uleb128 0x9
 6956 020d 72656600 		.ascii	"ref\000"
 6957 0211 01       		.byte	0x1
 6958 0212 66       		.byte	0x66
 6959 0213 25000000 		.4byte	0x25
 6960 0217 94       		.byte	0x94
 6961 0218 08       		.uleb128 0x8
 6962 0219 9D010000 		.4byte	.LASF39
 6963 021d 01       		.byte	0x1
 6964 021e 67       		.byte	0x67
 6965 021f 25000000 		.4byte	0x25
 6966 0223 98       		.byte	0x98
 6967 0224 08       		.uleb128 0x8
 6968 0225 D1030000 		.4byte	.LASF40
 6969 0229 01       		.byte	0x1
 6970 022a 68       		.byte	0x68
 6971 022b 25000000 		.4byte	0x25
 6972 022f 9C       		.byte	0x9c
 6973 0230 09       		.uleb128 0x9
 6974 0231 4E00     		.ascii	"N\000"
 6975 0233 01       		.byte	0x1
 6976 0234 6B       		.byte	0x6b
 6977 0235 2E010000 		.4byte	0x12e
 6978 0239 A0       		.byte	0xa0
 6979 023a 09       		.uleb128 0x9
 6980 023b 636E7400 		.ascii	"cnt\000"
 6981 023f 01       		.byte	0x1
 6982 0240 6C       		.byte	0x6c
 6983 0241 2E010000 		.4byte	0x12e
 6984 0245 A2       		.byte	0xa2
 6985 0246 08       		.uleb128 0x8
 6986 0247 BB060000 		.4byte	.LASF41
 6987 024b 01       		.byte	0x1
 6988 024c 71       		.byte	0x71
 6989 024d 25000000 		.4byte	0x25
 6990 0251 A4       		.byte	0xa4
 6991 0252 08       		.uleb128 0x8
 6992 0253 D2000000 		.4byte	.LASF42
 6993 0257 01       		.byte	0x1
 6994 0258 74       		.byte	0x74
 6995 0259 95030000 		.4byte	0x395
 6996 025d A8       		.byte	0xa8
ARM GAS  C:\Users\user\AppData\Local\Temp\ccoNEg7E.s 			page 154


 6997 025e 08       		.uleb128 0x8
 6998 025f 0E080000 		.4byte	.LASF43
 6999 0263 01       		.byte	0x1
 7000 0264 75       		.byte	0x75
 7001 0265 A5030000 		.4byte	0x3a5
 7002 0269 B8       		.byte	0xb8
 7003 026a 08       		.uleb128 0x8
 7004 026b 8A060000 		.4byte	.LASF44
 7005 026f 01       		.byte	0x1
 7006 0270 76       		.byte	0x76
 7007 0271 A5030000 		.4byte	0x3a5
 7008 0275 C0       		.byte	0xc0
 7009 0276 08       		.uleb128 0x8
 7010 0277 D1020000 		.4byte	.LASF45
 7011 027b 01       		.byte	0x1
 7012 027c 77       		.byte	0x77
 7013 027d A5030000 		.4byte	0x3a5
 7014 0281 C8       		.byte	0xc8
 7015 0282 08       		.uleb128 0x8
 7016 0283 EE000000 		.4byte	.LASF46
 7017 0287 01       		.byte	0x1
 7018 0288 78       		.byte	0x78
 7019 0289 A5030000 		.4byte	0x3a5
 7020 028d D0       		.byte	0xd0
 7021 028e 08       		.uleb128 0x8
 7022 028f B5040000 		.4byte	.LASF47
 7023 0293 01       		.byte	0x1
 7024 0294 79       		.byte	0x79
 7025 0295 FE000000 		.4byte	0xfe
 7026 0299 D8       		.byte	0xd8
 7027 029a 08       		.uleb128 0x8
 7028 029b 6E040000 		.4byte	.LASF48
 7029 029f 01       		.byte	0x1
 7030 02a0 7A       		.byte	0x7a
 7031 02a1 FE000000 		.4byte	0xfe
 7032 02a5 DC       		.byte	0xdc
 7033 02a6 08       		.uleb128 0x8
 7034 02a7 6E070000 		.4byte	.LASF49
 7035 02ab 01       		.byte	0x1
 7036 02ac 7D       		.byte	0x7d
 7037 02ad B5030000 		.4byte	0x3b5
 7038 02b1 E0       		.byte	0xe0
 7039 02b2 08       		.uleb128 0x8
 7040 02b3 93050000 		.4byte	.LASF50
 7041 02b7 01       		.byte	0x1
 7042 02b8 7E       		.byte	0x7e
 7043 02b9 C5030000 		.4byte	0x3c5
 7044 02bd E8       		.byte	0xe8
 7045 02be 08       		.uleb128 0x8
 7046 02bf 5E040000 		.4byte	.LASF51
 7047 02c3 01       		.byte	0x1
 7048 02c4 7F       		.byte	0x7f
 7049 02c5 C5030000 		.4byte	0x3c5
 7050 02c9 EC       		.byte	0xec
 7051 02ca 08       		.uleb128 0x8
 7052 02cb 37000000 		.4byte	.LASF52
 7053 02cf 01       		.byte	0x1
ARM GAS  C:\Users\user\AppData\Local\Temp\ccoNEg7E.s 			page 155


 7054 02d0 80       		.byte	0x80
 7055 02d1 C5030000 		.4byte	0x3c5
 7056 02d5 F0       		.byte	0xf0
 7057 02d6 08       		.uleb128 0x8
 7058 02d7 81070000 		.4byte	.LASF53
 7059 02db 01       		.byte	0x1
 7060 02dc 81       		.byte	0x81
 7061 02dd C5030000 		.4byte	0x3c5
 7062 02e1 F4       		.byte	0xf4
 7063 02e2 08       		.uleb128 0x8
 7064 02e3 06030000 		.4byte	.LASF54
 7065 02e7 01       		.byte	0x1
 7066 02e8 82       		.byte	0x82
 7067 02e9 F2000000 		.4byte	0xf2
 7068 02ed F8       		.byte	0xf8
 7069 02ee 08       		.uleb128 0x8
 7070 02ef 87000000 		.4byte	.LASF55
 7071 02f3 01       		.byte	0x1
 7072 02f4 83       		.byte	0x83
 7073 02f5 F2000000 		.4byte	0xf2
 7074 02f9 FA       		.byte	0xfa
 7075 02fa 09       		.uleb128 0x9
 7076 02fb 71413700 		.ascii	"qA7\000"
 7077 02ff 01       		.byte	0x1
 7078 0300 86       		.byte	0x86
 7079 0301 D5030000 		.4byte	0x3d5
 7080 0305 FC       		.byte	0xfc
 7081 0306 0A       		.uleb128 0xa
 7082 0307 71423700 		.ascii	"qB7\000"
 7083 030b 01       		.byte	0x1
 7084 030c 87       		.byte	0x87
 7085 030d E5030000 		.4byte	0x3e5
 7086 0311 0001     		.2byte	0x100
 7087 0313 0A       		.uleb128 0xa
 7088 0314 71433700 		.ascii	"qC7\000"
 7089 0318 01       		.byte	0x1
 7090 0319 88       		.byte	0x88
 7091 031a E5030000 		.4byte	0x3e5
 7092 031e 0201     		.2byte	0x102
 7093 0320 0A       		.uleb128 0xa
 7094 0321 714B3700 		.ascii	"qK7\000"
 7095 0325 01       		.byte	0x1
 7096 0326 89       		.byte	0x89
 7097 0327 E5030000 		.4byte	0x3e5
 7098 032b 0401     		.2byte	0x104
 7099 032d 0A       		.uleb128 0xa
 7100 032e 714C3700 		.ascii	"qL7\000"
 7101 0332 01       		.byte	0x1
 7102 0333 8A       		.byte	0x8a
 7103 0334 E5030000 		.4byte	0x3e5
 7104 0338 0601     		.2byte	0x106
 7105 033a 0A       		.uleb128 0xa
 7106 033b 71443700 		.ascii	"qD7\000"
 7107 033f 01       		.byte	0x1
 7108 0340 8B       		.byte	0x8b
 7109 0341 E6000000 		.4byte	0xe6
 7110 0345 0801     		.2byte	0x108
ARM GAS  C:\Users\user\AppData\Local\Temp\ccoNEg7E.s 			page 156


 7111 0347 0B       		.uleb128 0xb
 7112 0348 BC030000 		.4byte	.LASF56
 7113 034c 01       		.byte	0x1
 7114 034d 8C       		.byte	0x8c
 7115 034e E6000000 		.4byte	0xe6
 7116 0352 0901     		.2byte	0x109
 7117 0354 00       		.byte	0
 7118 0355 0C       		.uleb128 0xc
 7119 0356 25000000 		.4byte	0x25
 7120 035a 65030000 		.4byte	0x365
 7121 035e 0D       		.uleb128 0xd
 7122 035f D1000000 		.4byte	0xd1
 7123 0363 05       		.byte	0x5
 7124 0364 00       		.byte	0
 7125 0365 0C       		.uleb128 0xc
 7126 0366 25000000 		.4byte	0x25
 7127 036a 75030000 		.4byte	0x375
 7128 036e 0D       		.uleb128 0xd
 7129 036f D1000000 		.4byte	0xd1
 7130 0373 04       		.byte	0x4
 7131 0374 00       		.byte	0
 7132 0375 0C       		.uleb128 0xc
 7133 0376 25000000 		.4byte	0x25
 7134 037a 85030000 		.4byte	0x385
 7135 037e 0D       		.uleb128 0xd
 7136 037f D1000000 		.4byte	0xd1
 7137 0383 03       		.byte	0x3
 7138 0384 00       		.byte	0
 7139 0385 0C       		.uleb128 0xc
 7140 0386 25000000 		.4byte	0x25
 7141 038a 95030000 		.4byte	0x395
 7142 038e 0D       		.uleb128 0xd
 7143 038f D1000000 		.4byte	0xd1
 7144 0393 01       		.byte	0x1
 7145 0394 00       		.byte	0
 7146 0395 0C       		.uleb128 0xc
 7147 0396 FE000000 		.4byte	0xfe
 7148 039a A5030000 		.4byte	0x3a5
 7149 039e 0D       		.uleb128 0xd
 7150 039f D1000000 		.4byte	0xd1
 7151 03a3 03       		.byte	0x3
 7152 03a4 00       		.byte	0
 7153 03a5 0C       		.uleb128 0xc
 7154 03a6 FE000000 		.4byte	0xfe
 7155 03aa B5030000 		.4byte	0x3b5
 7156 03ae 0D       		.uleb128 0xd
 7157 03af D1000000 		.4byte	0xd1
 7158 03b3 01       		.byte	0x1
 7159 03b4 00       		.byte	0
 7160 03b5 0C       		.uleb128 0xc
 7161 03b6 F2000000 		.4byte	0xf2
 7162 03ba C5030000 		.4byte	0x3c5
 7163 03be 0D       		.uleb128 0xd
 7164 03bf D1000000 		.4byte	0xd1
 7165 03c3 03       		.byte	0x3
 7166 03c4 00       		.byte	0
 7167 03c5 0C       		.uleb128 0xc
ARM GAS  C:\Users\user\AppData\Local\Temp\ccoNEg7E.s 			page 157


 7168 03c6 F2000000 		.4byte	0xf2
 7169 03ca D5030000 		.4byte	0x3d5
 7170 03ce 0D       		.uleb128 0xd
 7171 03cf D1000000 		.4byte	0xd1
 7172 03d3 01       		.byte	0x1
 7173 03d4 00       		.byte	0
 7174 03d5 0C       		.uleb128 0xc
 7175 03d6 E6000000 		.4byte	0xe6
 7176 03da E5030000 		.4byte	0x3e5
 7177 03de 0D       		.uleb128 0xd
 7178 03df D1000000 		.4byte	0xd1
 7179 03e3 03       		.byte	0x3
 7180 03e4 00       		.byte	0
 7181 03e5 0C       		.uleb128 0xc
 7182 03e6 E6000000 		.4byte	0xe6
 7183 03ea F5030000 		.4byte	0x3f5
 7184 03ee 0D       		.uleb128 0xd
 7185 03ef D1000000 		.4byte	0xd1
 7186 03f3 01       		.byte	0x1
 7187 03f4 00       		.byte	0
 7188 03f5 03       		.uleb128 0x3
 7189 03f6 0A070000 		.4byte	.LASF57
 7190 03fa 01       		.byte	0x1
 7191 03fb 8E       		.byte	0x8e
 7192 03fc 68010000 		.4byte	0x168
 7193 0400 0E       		.uleb128 0xe
 7194 0401 86070000 		.4byte	.LASF58
 7195 0405 01       		.byte	0x1
 7196 0406 D7       		.byte	0xd7
 7197 0407 25000000 		.4byte	0x25
 7198 040b 03       		.byte	0x3
 7199 040c 1A040000 		.4byte	0x41a
 7200 0410 0F       		.uleb128 0xf
 7201 0411 7600     		.ascii	"v\000"
 7202 0413 01       		.byte	0x1
 7203 0414 D7       		.byte	0xd7
 7204 0415 FE000000 		.4byte	0xfe
 7205 0419 00       		.byte	0
 7206 041a 0E       		.uleb128 0xe
 7207 041b 00020000 		.4byte	.LASF59
 7208 041f 01       		.byte	0x1
 7209 0420 F2       		.byte	0xf2
 7210 0421 FE000000 		.4byte	0xfe
 7211 0425 03       		.byte	0x3
 7212 0426 34040000 		.4byte	0x434
 7213 042a 0F       		.uleb128 0xf
 7214 042b 7600     		.ascii	"v\000"
 7215 042d 01       		.byte	0x1
 7216 042e F2       		.byte	0xf2
 7217 042f 0A010000 		.4byte	0x10a
 7218 0433 00       		.byte	0
 7219 0434 0E       		.uleb128 0xe
 7220 0435 AE070000 		.4byte	.LASF60
 7221 0439 01       		.byte	0x1
 7222 043a D1       		.byte	0xd1
 7223 043b FE000000 		.4byte	0xfe
 7224 043f 03       		.byte	0x3
ARM GAS  C:\Users\user\AppData\Local\Temp\ccoNEg7E.s 			page 158


 7225 0440 4E040000 		.4byte	0x44e
 7226 0444 0F       		.uleb128 0xf
 7227 0445 7600     		.ascii	"v\000"
 7228 0447 01       		.byte	0x1
 7229 0448 D1       		.byte	0xd1
 7230 0449 25000000 		.4byte	0x25
 7231 044d 00       		.byte	0
 7232 044e 0E       		.uleb128 0xe
 7233 044f 4D030000 		.4byte	.LASF61
 7234 0453 01       		.byte	0x1
 7235 0454 E2       		.byte	0xe2
 7236 0455 25000000 		.4byte	0x25
 7237 0459 03       		.byte	0x3
 7238 045a 68040000 		.4byte	0x468
 7239 045e 0F       		.uleb128 0xf
 7240 045f 7600     		.ascii	"v\000"
 7241 0461 01       		.byte	0x1
 7242 0462 E2       		.byte	0xe2
 7243 0463 F2000000 		.4byte	0xf2
 7244 0467 00       		.byte	0
 7245 0468 0E       		.uleb128 0xe
 7246 0469 39080000 		.4byte	.LASF62
 7247 046d 01       		.byte	0x1
 7248 046e F7       		.byte	0xf7
 7249 046f F2000000 		.4byte	0xf2
 7250 0473 03       		.byte	0x3
 7251 0474 82040000 		.4byte	0x482
 7252 0478 0F       		.uleb128 0xf
 7253 0479 7600     		.ascii	"v\000"
 7254 047b 01       		.byte	0x1
 7255 047c F7       		.byte	0xf7
 7256 047d FE000000 		.4byte	0xfe
 7257 0481 00       		.byte	0
 7258 0482 0E       		.uleb128 0xe
 7259 0483 F3060000 		.4byte	.LASF63
 7260 0487 01       		.byte	0x1
 7261 0488 DC       		.byte	0xdc
 7262 0489 F2000000 		.4byte	0xf2
 7263 048d 03       		.byte	0x3
 7264 048e 9C040000 		.4byte	0x49c
 7265 0492 0F       		.uleb128 0xf
 7266 0493 7600     		.ascii	"v\000"
 7267 0495 01       		.byte	0x1
 7268 0496 DC       		.byte	0xdc
 7269 0497 25000000 		.4byte	0x25
 7270 049b 00       		.byte	0
 7271 049c 0E       		.uleb128 0xe
 7272 049d FC020000 		.4byte	.LASF64
 7273 04a1 01       		.byte	0x1
 7274 04a2 ED       		.byte	0xed
 7275 04a3 25000000 		.4byte	0x25
 7276 04a7 03       		.byte	0x3
 7277 04a8 B6040000 		.4byte	0x4b6
 7278 04ac 0F       		.uleb128 0xf
 7279 04ad 7600     		.ascii	"v\000"
 7280 04af 01       		.byte	0x1
 7281 04b0 ED       		.byte	0xed
ARM GAS  C:\Users\user\AppData\Local\Temp\ccoNEg7E.s 			page 159


 7282 04b1 E6000000 		.4byte	0xe6
 7283 04b5 00       		.byte	0
 7284 04b6 0E       		.uleb128 0xe
 7285 04b7 8D000000 		.4byte	.LASF65
 7286 04bb 01       		.byte	0x1
 7287 04bc FC       		.byte	0xfc
 7288 04bd E6000000 		.4byte	0xe6
 7289 04c1 03       		.byte	0x3
 7290 04c2 D0040000 		.4byte	0x4d0
 7291 04c6 0F       		.uleb128 0xf
 7292 04c7 7600     		.ascii	"v\000"
 7293 04c9 01       		.byte	0x1
 7294 04ca FC       		.byte	0xfc
 7295 04cb F2000000 		.4byte	0xf2
 7296 04cf 00       		.byte	0
 7297 04d0 0E       		.uleb128 0xe
 7298 04d1 FF060000 		.4byte	.LASF66
 7299 04d5 01       		.byte	0x1
 7300 04d6 E7       		.byte	0xe7
 7301 04d7 E6000000 		.4byte	0xe6
 7302 04db 03       		.byte	0x3
 7303 04dc EA040000 		.4byte	0x4ea
 7304 04e0 0F       		.uleb128 0xf
 7305 04e1 7600     		.ascii	"v\000"
 7306 04e3 01       		.byte	0x1
 7307 04e4 E7       		.byte	0xe7
 7308 04e5 25000000 		.4byte	0x25
 7309 04e9 00       		.byte	0
 7310 04ea 10       		.uleb128 0x10
 7311 04eb 26030000 		.4byte	.LASF185
 7312 04ef 01       		.byte	0x1
 7313 04f0 31       		.byte	0x31
 7314 04f1 03       		.byte	0x3
 7315 04f2 21050000 		.4byte	0x521
 7316 04f6 0F       		.uleb128 0xf
 7317 04f7 6C6F00   		.ascii	"lo\000"
 7318 04fa 01       		.byte	0x1
 7319 04fb 31       		.byte	0x31
 7320 04fc 21050000 		.4byte	0x521
 7321 0500 0F       		.uleb128 0xf
 7322 0501 686900   		.ascii	"hi\000"
 7323 0504 01       		.byte	0x1
 7324 0505 31       		.byte	0x31
 7325 0506 21050000 		.4byte	0x521
 7326 050a 11       		.uleb128 0x11
 7327 050b 63040000 		.4byte	.LASF67
 7328 050f 01       		.byte	0x1
 7329 0510 33       		.byte	0x33
 7330 0511 25000000 		.4byte	0x25
 7331 0515 11       		.uleb128 0x11
 7332 0516 F9030000 		.4byte	.LASF68
 7333 051a 01       		.byte	0x1
 7334 051b 33       		.byte	0x33
 7335 051c 25000000 		.4byte	0x25
 7336 0520 00       		.byte	0
 7337 0521 12       		.uleb128 0x12
 7338 0522 04       		.byte	0x4
ARM GAS  C:\Users\user\AppData\Local\Temp\ccoNEg7E.s 			page 160


 7339 0523 25000000 		.4byte	0x25
 7340 0527 13       		.uleb128 0x13
 7341 0528 54000000 		.4byte	.LASF69
 7342 052c 01       		.byte	0x1
 7343 052d B7       		.byte	0xb7
 7344 052e 25000000 		.4byte	0x25
 7345 0532 00000000 		.4byte	.LFB119
 7346 0536 26000000 		.4byte	.LFE119-.LFB119
 7347 053a 01       		.uleb128 0x1
 7348 053b 9C       		.byte	0x9c
 7349 053c 6A050000 		.4byte	0x56a
 7350 0540 14       		.uleb128 0x14
 7351 0541 7600     		.ascii	"v\000"
 7352 0543 01       		.byte	0x1
 7353 0544 B7       		.byte	0xb7
 7354 0545 25000000 		.4byte	0x25
 7355 0549 00000000 		.4byte	.LLST0
 7356 054d 14       		.uleb128 0x14
 7357 054e 6C6F00   		.ascii	"lo\000"
 7358 0551 01       		.byte	0x1
 7359 0552 B7       		.byte	0xb7
 7360 0553 25000000 		.4byte	0x25
 7361 0557 1E000000 		.4byte	.LLST1
 7362 055b 14       		.uleb128 0x14
 7363 055c 686900   		.ascii	"hi\000"
 7364 055f 01       		.byte	0x1
 7365 0560 B7       		.byte	0xb7
 7366 0561 25000000 		.4byte	0x25
 7367 0565 3C000000 		.4byte	.LLST2
 7368 0569 00       		.byte	0
 7369 056a 15       		.uleb128 0x15
 7370 056b 77000000 		.4byte	.LASF70
 7371 056f 01       		.byte	0x1
 7372 0570 BE       		.byte	0xbe
 7373 0571 22010000 		.4byte	0x122
 7374 0575 00000000 		.4byte	.LFB120
 7375 0579 0E000000 		.4byte	.LFE120-.LFB120
 7376 057d 01       		.uleb128 0x1
 7377 057e 9C       		.byte	0x9c
 7378 057f 91050000 		.4byte	0x591
 7379 0583 14       		.uleb128 0x14
 7380 0584 6D00     		.ascii	"m\000"
 7381 0586 01       		.byte	0x1
 7382 0587 BE       		.byte	0xbe
 7383 0588 22010000 		.4byte	0x122
 7384 058c 5A000000 		.4byte	.LLST3
 7385 0590 00       		.byte	0
 7386 0591 15       		.uleb128 0x15
 7387 0592 DE070000 		.4byte	.LASF71
 7388 0596 01       		.byte	0x1
 7389 0597 C4       		.byte	0xc4
 7390 0598 22010000 		.4byte	0x122
 7391 059c 00000000 		.4byte	.LFB121
 7392 05a0 0E000000 		.4byte	.LFE121-.LFB121
 7393 05a4 01       		.uleb128 0x1
 7394 05a5 9C       		.byte	0x9c
 7395 05a6 B8050000 		.4byte	0x5b8
ARM GAS  C:\Users\user\AppData\Local\Temp\ccoNEg7E.s 			page 161


 7396 05aa 14       		.uleb128 0x14
 7397 05ab 6D00     		.ascii	"m\000"
 7398 05ad 01       		.byte	0x1
 7399 05ae C4       		.byte	0xc4
 7400 05af 22010000 		.4byte	0x122
 7401 05b3 7B000000 		.4byte	.LLST4
 7402 05b7 00       		.byte	0
 7403 05b8 16       		.uleb128 0x16
 7404 05b9 45030000 		.4byte	.LASF72
 7405 05bd 01       		.byte	0x1
 7406 05be 0701     		.2byte	0x107
 7407 05c0 25000000 		.4byte	0x25
 7408 05c4 00000000 		.4byte	.LFB131
 7409 05c8 CC000000 		.4byte	.LFE131-.LFB131
 7410 05cc 01       		.uleb128 0x1
 7411 05cd 9C       		.byte	0x9c
 7412 05ce FE050000 		.4byte	0x5fe
 7413 05d2 17       		.uleb128 0x17
 7414 05d3 6C7000   		.ascii	"lp\000"
 7415 05d6 01       		.byte	0x1
 7416 05d7 0701     		.2byte	0x107
 7417 05d9 FE050000 		.4byte	0x5fe
 7418 05dd 9C000000 		.4byte	.LLST5
 7419 05e1 17       		.uleb128 0x17
 7420 05e2 7800     		.ascii	"x\000"
 7421 05e4 01       		.byte	0x1
 7422 05e5 0701     		.2byte	0x107
 7423 05e7 25000000 		.4byte	0x25
 7424 05eb BA000000 		.4byte	.LLST6
 7425 05ef 18       		.uleb128 0x18
 7426 05f0 7900     		.ascii	"y\000"
 7427 05f2 01       		.byte	0x1
 7428 05f3 0901     		.2byte	0x109
 7429 05f5 25000000 		.4byte	0x25
 7430 05f9 E8000000 		.4byte	.LLST7
 7431 05fd 00       		.byte	0
 7432 05fe 12       		.uleb128 0x12
 7433 05ff 04       		.byte	0x4
 7434 0600 F5030000 		.4byte	0x3f5
 7435 0604 16       		.uleb128 0x16
 7436 0605 D6020000 		.4byte	.LASF73
 7437 0609 01       		.byte	0x1
 7438 060a 5A01     		.2byte	0x15a
 7439 060c 25000000 		.4byte	0x25
 7440 0610 00000000 		.4byte	.LFB138
 7441 0614 3C010000 		.4byte	.LFE138-.LFB138
 7442 0618 01       		.uleb128 0x1
 7443 0619 9C       		.byte	0x9c
 7444 061a 53070000 		.4byte	0x753
 7445 061e 17       		.uleb128 0x17
 7446 061f 6C7000   		.ascii	"lp\000"
 7447 0622 01       		.byte	0x1
 7448 0623 5A01     		.2byte	0x15a
 7449 0625 FE050000 		.4byte	0x5fe
 7450 0629 06010000 		.4byte	.LLST8
 7451 062d 17       		.uleb128 0x17
 7452 062e 7800     		.ascii	"x\000"
ARM GAS  C:\Users\user\AppData\Local\Temp\ccoNEg7E.s 			page 162


 7453 0630 01       		.byte	0x1
 7454 0631 5A01     		.2byte	0x15a
 7455 0633 53070000 		.4byte	0x753
 7456 0637 32010000 		.4byte	.LLST9
 7457 063b 17       		.uleb128 0x17
 7458 063c 7500     		.ascii	"u\000"
 7459 063e 01       		.byte	0x1
 7460 063f 5A01     		.2byte	0x15a
 7461 0641 25000000 		.4byte	0x25
 7462 0645 5E010000 		.4byte	.LLST10
 7463 0649 18       		.uleb128 0x18
 7464 064a 717300   		.ascii	"qs\000"
 7465 064d 01       		.byte	0x1
 7466 064e 5C01     		.2byte	0x15c
 7467 0650 25000000 		.4byte	0x25
 7468 0654 8C010000 		.4byte	.LLST11
 7469 0658 19       		.uleb128 0x19
 7470 0659 787100   		.ascii	"xq\000"
 7471 065c 01       		.byte	0x1
 7472 065d 5D01     		.2byte	0x15d
 7473 065f A5030000 		.4byte	0x3a5
 7474 0663 02       		.uleb128 0x2
 7475 0664 91       		.byte	0x91
 7476 0665 58       		.sleb128 -40
 7477 0666 19       		.uleb128 0x19
 7478 0667 646F7400 		.ascii	"dot\000"
 7479 066b 01       		.byte	0x1
 7480 066c 5E01     		.2byte	0x15e
 7481 066e 0A010000 		.4byte	0x10a
 7482 0672 02       		.uleb128 0x2
 7483 0673 91       		.byte	0x91
 7484 0674 50       		.sleb128 -48
 7485 0675 1A       		.uleb128 0x1a
 7486 0676 757100   		.ascii	"uq\000"
 7487 0679 01       		.byte	0x1
 7488 067a 6201     		.2byte	0x162
 7489 067c FE000000 		.4byte	0xfe
 7490 0680 18       		.uleb128 0x18
 7491 0681 437800   		.ascii	"Cx\000"
 7492 0684 01       		.byte	0x1
 7493 0685 6601     		.2byte	0x166
 7494 0687 FE000000 		.4byte	0xfe
 7495 068b 9F010000 		.4byte	.LLST12
 7496 068f 18       		.uleb128 0x18
 7497 0690 447500   		.ascii	"Du\000"
 7498 0693 01       		.byte	0x1
 7499 0694 6901     		.2byte	0x169
 7500 0696 FE000000 		.4byte	0xfe
 7501 069a B2010000 		.4byte	.LLST13
 7502 069e 1B       		.uleb128 0x1b
 7503 069f 34040000 		.4byte	0x434
 7504 06a3 1A000000 		.4byte	.LBB206
 7505 06a7 2E000000 		.4byte	.LBE206-.LBB206
 7506 06ab 01       		.byte	0x1
 7507 06ac 6001     		.2byte	0x160
 7508 06ae BC060000 		.4byte	0x6bc
 7509 06b2 1C       		.uleb128 0x1c
ARM GAS  C:\Users\user\AppData\Local\Temp\ccoNEg7E.s 			page 163


 7510 06b3 44040000 		.4byte	0x444
 7511 06b7 DB010000 		.4byte	.LLST14
 7512 06bb 00       		.byte	0
 7513 06bc 1B       		.uleb128 0x1b
 7514 06bd 34040000 		.4byte	0x434
 7515 06c1 54000000 		.4byte	.LBB208
 7516 06c5 2E000000 		.4byte	.LBE208-.LBB208
 7517 06c9 01       		.byte	0x1
 7518 06ca 6101     		.2byte	0x161
 7519 06cc DA060000 		.4byte	0x6da
 7520 06d0 1C       		.uleb128 0x1c
 7521 06d1 44040000 		.4byte	0x444
 7522 06d5 F9010000 		.4byte	.LLST15
 7523 06d9 00       		.byte	0
 7524 06da 1B       		.uleb128 0x1b
 7525 06db 34040000 		.4byte	0x434
 7526 06df 8E000000 		.4byte	.LBB210
 7527 06e3 30000000 		.4byte	.LBE210-.LBB210
 7528 06e7 01       		.byte	0x1
 7529 06e8 6201     		.2byte	0x162
 7530 06ea F8060000 		.4byte	0x6f8
 7531 06ee 1C       		.uleb128 0x1c
 7532 06ef 44040000 		.4byte	0x444
 7533 06f3 17020000 		.4byte	.LLST16
 7534 06f7 00       		.byte	0
 7535 06f8 1B       		.uleb128 0x1b
 7536 06f9 1A040000 		.4byte	0x41a
 7537 06fd FC000000 		.4byte	.LBB212
 7538 0701 22000000 		.4byte	.LBE212-.LBB212
 7539 0705 01       		.byte	0x1
 7540 0706 6B01     		.2byte	0x16b
 7541 0708 16070000 		.4byte	0x716
 7542 070c 1C       		.uleb128 0x1c
 7543 070d 2A040000 		.4byte	0x42a
 7544 0711 4B020000 		.4byte	.LLST17
 7545 0715 00       		.byte	0
 7546 0716 1B       		.uleb128 0x1b
 7547 0717 00040000 		.4byte	0x400
 7548 071b 1E010000 		.4byte	.LBB214
 7549 071f 0C000000 		.4byte	.LBE214-.LBB214
 7550 0723 01       		.byte	0x1
 7551 0724 6B01     		.2byte	0x16b
 7552 0726 30070000 		.4byte	0x730
 7553 072a 1D       		.uleb128 0x1d
 7554 072b 10040000 		.4byte	0x410
 7555 072f 00       		.byte	0
 7556 0730 1E       		.uleb128 0x1e
 7557 0731 CC000000 		.4byte	.LVL65
 7558 0735 BB300000 		.4byte	0x30bb
 7559 0739 1F       		.uleb128 0x1f
 7560 073a 01       		.uleb128 0x1
 7561 073b 50       		.byte	0x50
 7562 073c 03       		.uleb128 0x3
 7563 073d 76       		.byte	0x76
 7564 073e C001     		.sleb128 192
 7565 0740 1F       		.uleb128 0x1f
 7566 0741 01       		.uleb128 0x1
ARM GAS  C:\Users\user\AppData\Local\Temp\ccoNEg7E.s 			page 164


 7567 0742 51       		.byte	0x51
 7568 0743 02       		.uleb128 0x2
 7569 0744 91       		.byte	0x91
 7570 0745 58       		.sleb128 -40
 7571 0746 1F       		.uleb128 0x1f
 7572 0747 01       		.uleb128 0x1
 7573 0748 52       		.byte	0x52
 7574 0749 01       		.uleb128 0x1
 7575 074a 32       		.byte	0x32
 7576 074b 1F       		.uleb128 0x1f
 7577 074c 01       		.uleb128 0x1
 7578 074d 53       		.byte	0x53
 7579 074e 02       		.uleb128 0x2
 7580 074f 7D       		.byte	0x7d
 7581 0750 00       		.sleb128 0
 7582 0751 00       		.byte	0
 7583 0752 00       		.byte	0
 7584 0753 12       		.uleb128 0x12
 7585 0754 04       		.byte	0x4
 7586 0755 59070000 		.4byte	0x759
 7587 0759 20       		.uleb128 0x20
 7588 075a 25000000 		.4byte	0x25
 7589 075e 21       		.uleb128 0x21
 7590 075f D5010000 		.4byte	.LASF80
 7591 0763 01       		.byte	0x1
 7592 0764 B601     		.2byte	0x1b6
 7593 0766 00000000 		.4byte	.LFB142
 7594 076a 24010000 		.4byte	.LFE142-.LFB142
 7595 076e 01       		.uleb128 0x1
 7596 076f 9C       		.byte	0x9c
 7597 0770 FB080000 		.4byte	0x8fb
 7598 0774 17       		.uleb128 0x17
 7599 0775 6C7000   		.ascii	"lp\000"
 7600 0778 01       		.byte	0x1
 7601 0779 B601     		.2byte	0x1b6
 7602 077b FE050000 		.4byte	0x5fe
 7603 077f 63020000 		.4byte	.LLST18
 7604 0783 17       		.uleb128 0x17
 7605 0784 7900     		.ascii	"y\000"
 7606 0786 01       		.byte	0x1
 7607 0787 B601     		.2byte	0x1b6
 7608 0789 25000000 		.4byte	0x25
 7609 078d 8F020000 		.4byte	.LLST19
 7610 0791 22       		.uleb128 0x22
 7611 0792 73070000 		.4byte	.LASF74
 7612 0796 01       		.byte	0x1
 7613 0797 B601     		.2byte	0x1b6
 7614 0799 25000000 		.4byte	0x25
 7615 079d BD020000 		.4byte	.LLST20
 7616 07a1 18       		.uleb128 0x18
 7617 07a2 717300   		.ascii	"qs\000"
 7618 07a5 01       		.byte	0x1
 7619 07a6 B801     		.2byte	0x1b8
 7620 07a8 25000000 		.4byte	0x25
 7621 07ac E0020000 		.4byte	.LLST21
 7622 07b0 23       		.uleb128 0x23
 7623 07b1 0B030000 		.4byte	.LASF75
ARM GAS  C:\Users\user\AppData\Local\Temp\ccoNEg7E.s 			page 165


 7624 07b5 01       		.byte	0x1
 7625 07b6 BA01     		.2byte	0x1ba
 7626 07b8 25000000 		.4byte	0x25
 7627 07bc F3020000 		.4byte	.LLST22
 7628 07c0 24       		.uleb128 0x24
 7629 07c1 81080000 		.4byte	.LASF76
 7630 07c5 01       		.byte	0x1
 7631 07c6 BB01     		.2byte	0x1bb
 7632 07c8 FE000000 		.4byte	0xfe
 7633 07cc 25       		.uleb128 0x25
 7634 07cd 69070000 		.4byte	.LASF77
 7635 07d1 01       		.byte	0x1
 7636 07d2 BD01     		.2byte	0x1bd
 7637 07d4 A5030000 		.4byte	0x3a5
 7638 07d8 02       		.uleb128 0x2
 7639 07d9 91       		.byte	0x91
 7640 07da 68       		.sleb128 -24
 7641 07db 25       		.uleb128 0x25
 7642 07dc F2030000 		.4byte	.LASF78
 7643 07e0 01       		.byte	0x1
 7644 07e1 C001     		.2byte	0x1c0
 7645 07e3 A5030000 		.4byte	0x3a5
 7646 07e7 02       		.uleb128 0x2
 7647 07e8 91       		.byte	0x91
 7648 07e9 60       		.sleb128 -32
 7649 07ea 25       		.uleb128 0x25
 7650 07eb 8C050000 		.4byte	.LASF79
 7651 07ef 01       		.byte	0x1
 7652 07f0 C301     		.2byte	0x1c3
 7653 07f2 A5030000 		.4byte	0x3a5
 7654 07f6 02       		.uleb128 0x2
 7655 07f7 91       		.byte	0x91
 7656 07f8 58       		.sleb128 -40
 7657 07f9 1B       		.uleb128 0x1b
 7658 07fa 34040000 		.4byte	0x434
 7659 07fe 24000000 		.4byte	.LBB216
 7660 0802 30000000 		.4byte	.LBE216-.LBB216
 7661 0806 01       		.byte	0x1
 7662 0807 BB01     		.2byte	0x1bb
 7663 0809 17080000 		.4byte	0x817
 7664 080d 1C       		.uleb128 0x1c
 7665 080e 44040000 		.4byte	0x444
 7666 0812 06030000 		.4byte	.LLST23
 7667 0816 00       		.byte	0
 7668 0817 1B       		.uleb128 0x1b
 7669 0818 34040000 		.4byte	0x434
 7670 081c 70000000 		.4byte	.LBB218
 7671 0820 2E000000 		.4byte	.LBE218-.LBB218
 7672 0824 01       		.byte	0x1
 7673 0825 C101     		.2byte	0x1c1
 7674 0827 35080000 		.4byte	0x835
 7675 082b 1C       		.uleb128 0x1c
 7676 082c 44040000 		.4byte	0x444
 7677 0830 24030000 		.4byte	.LLST24
 7678 0834 00       		.byte	0
 7679 0835 1B       		.uleb128 0x1b
 7680 0836 34040000 		.4byte	0x434
ARM GAS  C:\Users\user\AppData\Local\Temp\ccoNEg7E.s 			page 166


 7681 083a AC000000 		.4byte	.LBB220
 7682 083e 2E000000 		.4byte	.LBE220-.LBB220
 7683 0842 01       		.byte	0x1
 7684 0843 C201     		.2byte	0x1c2
 7685 0845 53080000 		.4byte	0x853
 7686 0849 1C       		.uleb128 0x1c
 7687 084a 44040000 		.4byte	0x444
 7688 084e 42030000 		.4byte	.LLST25
 7689 0852 00       		.byte	0
 7690 0853 1B       		.uleb128 0x1b
 7691 0854 00040000 		.4byte	0x400
 7692 0858 E8000000 		.4byte	.LBB222
 7693 085c 0E000000 		.4byte	.LBE222-.LBB222
 7694 0860 01       		.byte	0x1
 7695 0861 C601     		.2byte	0x1c6
 7696 0863 71080000 		.4byte	0x871
 7697 0867 1C       		.uleb128 0x1c
 7698 0868 10040000 		.4byte	0x410
 7699 086c 60030000 		.4byte	.LLST26
 7700 0870 00       		.byte	0
 7701 0871 1B       		.uleb128 0x1b
 7702 0872 00040000 		.4byte	0x400
 7703 0876 02010000 		.4byte	.LBB224
 7704 087a 0E000000 		.4byte	.LBE224-.LBB224
 7705 087e 01       		.byte	0x1
 7706 087f C701     		.2byte	0x1c7
 7707 0881 8F080000 		.4byte	0x88f
 7708 0885 1C       		.uleb128 0x1c
 7709 0886 10040000 		.4byte	0x410
 7710 088a 74030000 		.4byte	.LLST27
 7711 088e 00       		.byte	0
 7712 088f 26       		.uleb128 0x26
 7713 0890 14000000 		.4byte	.LVL82
 7714 0894 04060000 		.4byte	0x604
 7715 0898 B3080000 		.4byte	0x8b3
 7716 089c 1F       		.uleb128 0x1f
 7717 089d 01       		.uleb128 0x1
 7718 089e 50       		.byte	0x50
 7719 089f 02       		.uleb128 0x2
 7720 08a0 74       		.byte	0x74
 7721 08a1 00       		.sleb128 0
 7722 08a2 1F       		.uleb128 0x1f
 7723 08a3 01       		.uleb128 0x1
 7724 08a4 51       		.byte	0x51
 7725 08a5 03       		.uleb128 0x3
 7726 08a6 74       		.byte	0x74
 7727 08a7 8801     		.sleb128 136
 7728 08a9 1F       		.uleb128 0x1f
 7729 08aa 01       		.uleb128 0x1
 7730 08ab 52       		.byte	0x52
 7731 08ac 05       		.uleb128 0x5
 7732 08ad F3       		.byte	0xf3
 7733 08ae 03       		.uleb128 0x3
 7734 08af F5       		.byte	0xf5
 7735 08b0 02       		.uleb128 0x2
 7736 08b1 25       		.uleb128 0x25
 7737 08b2 00       		.byte	0
ARM GAS  C:\Users\user\AppData\Local\Temp\ccoNEg7E.s 			page 167


 7738 08b3 26       		.uleb128 0x26
 7739 08b4 64000000 		.4byte	.LVL91
 7740 08b8 C7300000 		.4byte	0x30c7
 7741 08bc D9080000 		.4byte	0x8d9
 7742 08c0 1F       		.uleb128 0x1f
 7743 08c1 01       		.uleb128 0x1
 7744 08c2 50       		.byte	0x50
 7745 08c3 03       		.uleb128 0x3
 7746 08c4 74       		.byte	0x74
 7747 08c5 D001     		.sleb128 208
 7748 08c7 1F       		.uleb128 0x1f
 7749 08c8 01       		.uleb128 0x1
 7750 08c9 52       		.byte	0x52
 7751 08ca 01       		.uleb128 0x1
 7752 08cb 30       		.byte	0x30
 7753 08cc 1F       		.uleb128 0x1f
 7754 08cd 01       		.uleb128 0x1
 7755 08ce 53       		.byte	0x53
 7756 08cf 02       		.uleb128 0x2
 7757 08d0 91       		.byte	0x91
 7758 08d1 68       		.sleb128 -24
 7759 08d2 1F       		.uleb128 0x1f
 7760 08d3 02       		.uleb128 0x2
 7761 08d4 7D       		.byte	0x7d
 7762 08d5 00       		.sleb128 0
 7763 08d6 01       		.uleb128 0x1
 7764 08d7 32       		.byte	0x32
 7765 08d8 00       		.byte	0
 7766 08d9 1E       		.uleb128 0x1e
 7767 08da E8000000 		.4byte	.LVL106
 7768 08de D3300000 		.4byte	0x30d3
 7769 08e2 1F       		.uleb128 0x1f
 7770 08e3 01       		.uleb128 0x1
 7771 08e4 50       		.byte	0x50
 7772 08e5 02       		.uleb128 0x2
 7773 08e6 91       		.byte	0x91
 7774 08e7 60       		.sleb128 -32
 7775 08e8 1F       		.uleb128 0x1f
 7776 08e9 01       		.uleb128 0x1
 7777 08ea 51       		.byte	0x51
 7778 08eb 02       		.uleb128 0x2
 7779 08ec 91       		.byte	0x91
 7780 08ed 68       		.sleb128 -24
 7781 08ee 1F       		.uleb128 0x1f
 7782 08ef 01       		.uleb128 0x1
 7783 08f0 52       		.byte	0x52
 7784 08f1 02       		.uleb128 0x2
 7785 08f2 91       		.byte	0x91
 7786 08f3 58       		.sleb128 -40
 7787 08f4 1F       		.uleb128 0x1f
 7788 08f5 01       		.uleb128 0x1
 7789 08f6 53       		.byte	0x53
 7790 08f7 01       		.uleb128 0x1
 7791 08f8 32       		.byte	0x32
 7792 08f9 00       		.byte	0
 7793 08fa 00       		.byte	0
 7794 08fb 21       		.uleb128 0x21
ARM GAS  C:\Users\user\AppData\Local\Temp\ccoNEg7E.s 			page 168


 7795 08fc A2010000 		.4byte	.LASF81
 7796 0900 01       		.byte	0x1
 7797 0901 6E01     		.2byte	0x16e
 7798 0903 00000000 		.4byte	.LFB139
 7799 0907 94010000 		.4byte	.LFE139-.LFB139
 7800 090b 01       		.uleb128 0x1
 7801 090c 9C       		.byte	0x9c
 7802 090d EC0A0000 		.4byte	0xaec
 7803 0911 17       		.uleb128 0x17
 7804 0912 6C7000   		.ascii	"lp\000"
 7805 0915 01       		.byte	0x1
 7806 0916 6E01     		.2byte	0x16e
 7807 0918 FE050000 		.4byte	0x5fe
 7808 091c 88030000 		.4byte	.LLST28
 7809 0920 17       		.uleb128 0x17
 7810 0921 7800     		.ascii	"x\000"
 7811 0923 01       		.byte	0x1
 7812 0924 6E01     		.2byte	0x16e
 7813 0926 53070000 		.4byte	0x753
 7814 092a B4030000 		.4byte	.LLST29
 7815 092e 17       		.uleb128 0x17
 7816 092f 7500     		.ascii	"u\000"
 7817 0931 01       		.byte	0x1
 7818 0932 6E01     		.2byte	0x16e
 7819 0934 25000000 		.4byte	0x25
 7820 0938 E0030000 		.4byte	.LLST30
 7821 093c 17       		.uleb128 0x17
 7822 093d 7A00     		.ascii	"z\000"
 7823 093f 01       		.byte	0x1
 7824 0940 6E01     		.2byte	0x16e
 7825 0942 21050000 		.4byte	0x521
 7826 0946 0E040000 		.4byte	.LLST31
 7827 094a 18       		.uleb128 0x18
 7828 094b 717300   		.ascii	"qs\000"
 7829 094e 01       		.byte	0x1
 7830 094f 7001     		.2byte	0x170
 7831 0951 25000000 		.4byte	0x25
 7832 0955 3A040000 		.4byte	.LLST32
 7833 0959 19       		.uleb128 0x19
 7834 095a 787100   		.ascii	"xq\000"
 7835 095d 01       		.byte	0x1
 7836 095e 7101     		.2byte	0x171
 7837 0960 A5030000 		.4byte	0x3a5
 7838 0964 02       		.uleb128 0x2
 7839 0965 91       		.byte	0x91
 7840 0966 58       		.sleb128 -40
 7841 0967 19       		.uleb128 0x19
 7842 0968 42757100 		.ascii	"Buq\000"
 7843 096c 01       		.byte	0x1
 7844 096d 7101     		.2byte	0x171
 7845 096f A5030000 		.4byte	0x3a5
 7846 0973 02       		.uleb128 0x2
 7847 0974 91       		.byte	0x91
 7848 0975 50       		.sleb128 -48
 7849 0976 19       		.uleb128 0x19
 7850 0977 646F7400 		.ascii	"dot\000"
 7851 097b 01       		.byte	0x1
ARM GAS  C:\Users\user\AppData\Local\Temp\ccoNEg7E.s 			page 169


 7852 097c 7201     		.2byte	0x172
 7853 097e 0A010000 		.4byte	0x10a
 7854 0982 02       		.uleb128 0x2
 7855 0983 91       		.byte	0x91
 7856 0984 48       		.sleb128 -56
 7857 0985 1A       		.uleb128 0x1a
 7858 0986 757100   		.ascii	"uq\000"
 7859 0989 01       		.byte	0x1
 7860 098a 7601     		.2byte	0x176
 7861 098c FE000000 		.4byte	0xfe
 7862 0990 18       		.uleb128 0x18
 7863 0991 41783000 		.ascii	"Ax0\000"
 7864 0995 01       		.byte	0x1
 7865 0996 7E01     		.2byte	0x17e
 7866 0998 FE000000 		.4byte	0xfe
 7867 099c 4D040000 		.4byte	.LLST33
 7868 09a0 18       		.uleb128 0x18
 7869 09a1 41783100 		.ascii	"Ax1\000"
 7870 09a5 01       		.byte	0x1
 7871 09a6 8301     		.2byte	0x183
 7872 09a8 FE000000 		.4byte	0xfe
 7873 09ac 60040000 		.4byte	.LLST34
 7874 09b0 1B       		.uleb128 0x1b
 7875 09b1 34040000 		.4byte	0x434
 7876 09b5 1C000000 		.4byte	.LBB226
 7877 09b9 2E000000 		.4byte	.LBE226-.LBB226
 7878 09bd 01       		.byte	0x1
 7879 09be 7401     		.2byte	0x174
 7880 09c0 CE090000 		.4byte	0x9ce
 7881 09c4 1C       		.uleb128 0x1c
 7882 09c5 44040000 		.4byte	0x444
 7883 09c9 73040000 		.4byte	.LLST35
 7884 09cd 00       		.byte	0
 7885 09ce 1B       		.uleb128 0x1b
 7886 09cf 34040000 		.4byte	0x434
 7887 09d3 56000000 		.4byte	.LBB228
 7888 09d7 2E000000 		.4byte	.LBE228-.LBB228
 7889 09db 01       		.byte	0x1
 7890 09dc 7501     		.2byte	0x175
 7891 09de EC090000 		.4byte	0x9ec
 7892 09e2 1C       		.uleb128 0x1c
 7893 09e3 44040000 		.4byte	0x444
 7894 09e7 91040000 		.4byte	.LLST36
 7895 09eb 00       		.byte	0
 7896 09ec 1B       		.uleb128 0x1b
 7897 09ed 34040000 		.4byte	0x434
 7898 09f1 90000000 		.4byte	.LBB230
 7899 09f5 30000000 		.4byte	.LBE230-.LBB230
 7900 09f9 01       		.byte	0x1
 7901 09fa 7601     		.2byte	0x176
 7902 09fc 0A0A0000 		.4byte	0xa0a
 7903 0a00 1C       		.uleb128 0x1c
 7904 0a01 44040000 		.4byte	0x444
 7905 0a05 AF040000 		.4byte	.LLST37
 7906 0a09 00       		.byte	0
 7907 0a0a 1B       		.uleb128 0x1b
 7908 0a0b 1A040000 		.4byte	0x41a
ARM GAS  C:\Users\user\AppData\Local\Temp\ccoNEg7E.s 			page 170


 7909 0a0f F6000000 		.4byte	.LBB232
 7910 0a13 22000000 		.4byte	.LBE232-.LBB232
 7911 0a17 01       		.byte	0x1
 7912 0a18 7F01     		.2byte	0x17f
 7913 0a1a 280A0000 		.4byte	0xa28
 7914 0a1e 1C       		.uleb128 0x1c
 7915 0a1f 2A040000 		.4byte	0x42a
 7916 0a23 CD040000 		.4byte	.LLST38
 7917 0a27 00       		.byte	0
 7918 0a28 1B       		.uleb128 0x1b
 7919 0a29 00040000 		.4byte	0x400
 7920 0a2d 18010000 		.4byte	.LBB234
 7921 0a31 0C000000 		.4byte	.LBE234-.LBB234
 7922 0a35 01       		.byte	0x1
 7923 0a36 7F01     		.2byte	0x17f
 7924 0a38 420A0000 		.4byte	0xa42
 7925 0a3c 1D       		.uleb128 0x1d
 7926 0a3d 10040000 		.4byte	0x410
 7927 0a41 00       		.byte	0
 7928 0a42 1B       		.uleb128 0x1b
 7929 0a43 1A040000 		.4byte	0x41a
 7930 0a47 50010000 		.4byte	.LBB236
 7931 0a4b 22000000 		.4byte	.LBE236-.LBB236
 7932 0a4f 01       		.byte	0x1
 7933 0a50 8401     		.2byte	0x184
 7934 0a52 600A0000 		.4byte	0xa60
 7935 0a56 1C       		.uleb128 0x1c
 7936 0a57 2A040000 		.4byte	0x42a
 7937 0a5b E5040000 		.4byte	.LLST39
 7938 0a5f 00       		.byte	0
 7939 0a60 1B       		.uleb128 0x1b
 7940 0a61 00040000 		.4byte	0x400
 7941 0a65 72010000 		.4byte	.LBB238
 7942 0a69 0C000000 		.4byte	.LBE238-.LBB238
 7943 0a6d 01       		.byte	0x1
 7944 0a6e 8401     		.2byte	0x184
 7945 0a70 7A0A0000 		.4byte	0xa7a
 7946 0a74 1D       		.uleb128 0x1d
 7947 0a75 10040000 		.4byte	0x410
 7948 0a79 00       		.byte	0
 7949 0a7a 26       		.uleb128 0x26
 7950 0a7b D0000000 		.4byte	.LVL140
 7951 0a7f C7300000 		.4byte	0x30c7
 7952 0a83 A10A0000 		.4byte	0xaa1
 7953 0a87 1F       		.uleb128 0x1f
 7954 0a88 01       		.uleb128 0x1
 7955 0a89 50       		.byte	0x50
 7956 0a8a 03       		.uleb128 0x3
 7957 0a8b 76       		.byte	0x76
 7958 0a8c B801     		.sleb128 184
 7959 0a8e 1F       		.uleb128 0x1f
 7960 0a8f 01       		.uleb128 0x1
 7961 0a90 52       		.byte	0x52
 7962 0a91 01       		.uleb128 0x1
 7963 0a92 30       		.byte	0x30
 7964 0a93 1F       		.uleb128 0x1f
 7965 0a94 01       		.uleb128 0x1
ARM GAS  C:\Users\user\AppData\Local\Temp\ccoNEg7E.s 			page 171


 7966 0a95 53       		.byte	0x53
 7967 0a96 02       		.uleb128 0x2
 7968 0a97 91       		.byte	0x91
 7969 0a98 50       		.sleb128 -48
 7970 0a99 1F       		.uleb128 0x1f
 7971 0a9a 02       		.uleb128 0x2
 7972 0a9b 7D       		.byte	0x7d
 7973 0a9c 00       		.sleb128 0
 7974 0a9d 02       		.uleb128 0x2
 7975 0a9e 77       		.byte	0x77
 7976 0a9f 00       		.sleb128 0
 7977 0aa0 00       		.byte	0
 7978 0aa1 26       		.uleb128 0x26
 7979 0aa2 DE000000 		.4byte	.LVL141
 7980 0aa6 BB300000 		.4byte	0x30bb
 7981 0aaa C80A0000 		.4byte	0xac8
 7982 0aae 1F       		.uleb128 0x1f
 7983 0aaf 01       		.uleb128 0x1
 7984 0ab0 50       		.byte	0x50
 7985 0ab1 03       		.uleb128 0x3
 7986 0ab2 76       		.byte	0x76
 7987 0ab3 A801     		.sleb128 168
 7988 0ab5 1F       		.uleb128 0x1f
 7989 0ab6 01       		.uleb128 0x1
 7990 0ab7 51       		.byte	0x51
 7991 0ab8 02       		.uleb128 0x2
 7992 0ab9 91       		.byte	0x91
 7993 0aba 58       		.sleb128 -40
 7994 0abb 1F       		.uleb128 0x1f
 7995 0abc 01       		.uleb128 0x1
 7996 0abd 52       		.byte	0x52
 7997 0abe 02       		.uleb128 0x2
 7998 0abf 77       		.byte	0x77
 7999 0ac0 00       		.sleb128 0
 8000 0ac1 1F       		.uleb128 0x1f
 8001 0ac2 01       		.uleb128 0x1
 8002 0ac3 53       		.byte	0x53
 8003 0ac4 02       		.uleb128 0x2
 8004 0ac5 91       		.byte	0x91
 8005 0ac6 48       		.sleb128 -56
 8006 0ac7 00       		.byte	0
 8007 0ac8 1E       		.uleb128 0x1e
 8008 0ac9 3C010000 		.4byte	.LVL149
 8009 0acd BB300000 		.4byte	0x30bb
 8010 0ad1 1F       		.uleb128 0x1f
 8011 0ad2 01       		.uleb128 0x1
 8012 0ad3 50       		.byte	0x50
 8013 0ad4 03       		.uleb128 0x3
 8014 0ad5 76       		.byte	0x76
 8015 0ad6 B001     		.sleb128 176
 8016 0ad8 1F       		.uleb128 0x1f
 8017 0ad9 01       		.uleb128 0x1
 8018 0ada 51       		.byte	0x51
 8019 0adb 02       		.uleb128 0x2
 8020 0adc 91       		.byte	0x91
 8021 0add 58       		.sleb128 -40
 8022 0ade 1F       		.uleb128 0x1f
ARM GAS  C:\Users\user\AppData\Local\Temp\ccoNEg7E.s 			page 172


 8023 0adf 01       		.uleb128 0x1
 8024 0ae0 52       		.byte	0x52
 8025 0ae1 02       		.uleb128 0x2
 8026 0ae2 77       		.byte	0x77
 8027 0ae3 00       		.sleb128 0
 8028 0ae4 1F       		.uleb128 0x1f
 8029 0ae5 01       		.uleb128 0x1
 8030 0ae6 53       		.byte	0x53
 8031 0ae7 02       		.uleb128 0x2
 8032 0ae8 91       		.byte	0x91
 8033 0ae9 48       		.sleb128 -56
 8034 0aea 00       		.byte	0
 8035 0aeb 00       		.byte	0
 8036 0aec 21       		.uleb128 0x21
 8037 0aed FE030000 		.4byte	.LASF82
 8038 0af1 01       		.byte	0x1
 8039 0af2 9B01     		.2byte	0x19b
 8040 0af4 00000000 		.4byte	.LFB141
 8041 0af8 38010000 		.4byte	.LFE141-.LFB141
 8042 0afc 01       		.uleb128 0x1
 8043 0afd 9C       		.byte	0x9c
 8044 0afe D10C0000 		.4byte	0xcd1
 8045 0b02 17       		.uleb128 0x17
 8046 0b03 6C7000   		.ascii	"lp\000"
 8047 0b06 01       		.byte	0x1
 8048 0b07 9B01     		.2byte	0x19b
 8049 0b09 FE050000 		.4byte	0x5fe
 8050 0b0d FD040000 		.4byte	.LLST40
 8051 0b11 17       		.uleb128 0x17
 8052 0b12 7900     		.ascii	"y\000"
 8053 0b14 01       		.byte	0x1
 8054 0b15 9B01     		.2byte	0x19b
 8055 0b17 25000000 		.4byte	0x25
 8056 0b1b 29050000 		.4byte	.LLST41
 8057 0b1f 22       		.uleb128 0x22
 8058 0b20 73070000 		.4byte	.LASF74
 8059 0b24 01       		.byte	0x1
 8060 0b25 9B01     		.2byte	0x19b
 8061 0b27 25000000 		.4byte	0x25
 8062 0b2b 57050000 		.4byte	.LLST42
 8063 0b2f 17       		.uleb128 0x17
 8064 0b30 755F6B00 		.ascii	"u_k\000"
 8065 0b34 01       		.byte	0x1
 8066 0b35 9B01     		.2byte	0x19b
 8067 0b37 25000000 		.4byte	0x25
 8068 0b3b 7A050000 		.4byte	.LLST43
 8069 0b3f 18       		.uleb128 0x18
 8070 0b40 717300   		.ascii	"qs\000"
 8071 0b43 01       		.byte	0x1
 8072 0b44 9D01     		.2byte	0x19d
 8073 0b46 25000000 		.4byte	0x25
 8074 0b4a A8050000 		.4byte	.LLST44
 8075 0b4e 23       		.uleb128 0x23
 8076 0b4f 0B030000 		.4byte	.LASF75
 8077 0b53 01       		.byte	0x1
 8078 0b54 A001     		.2byte	0x1a0
 8079 0b56 25000000 		.4byte	0x25
ARM GAS  C:\Users\user\AppData\Local\Temp\ccoNEg7E.s 			page 173


 8080 0b5a BB050000 		.4byte	.LLST45
 8081 0b5e 24       		.uleb128 0x24
 8082 0b5f 81080000 		.4byte	.LASF76
 8083 0b63 01       		.byte	0x1
 8084 0b64 A101     		.2byte	0x1a1
 8085 0b66 FE000000 		.4byte	0xfe
 8086 0b6a 19       		.uleb128 0x19
 8087 0b6b 7A00     		.ascii	"z\000"
 8088 0b6d 01       		.byte	0x1
 8089 0b6e A401     		.2byte	0x1a4
 8090 0b70 85030000 		.4byte	0x385
 8091 0b74 02       		.uleb128 0x2
 8092 0b75 91       		.byte	0x91
 8093 0b76 60       		.sleb128 -32
 8094 0b77 25       		.uleb128 0x25
 8095 0b78 69070000 		.4byte	.LASF77
 8096 0b7c 01       		.byte	0x1
 8097 0b7d A801     		.2byte	0x1a8
 8098 0b7f A5030000 		.4byte	0x3a5
 8099 0b83 02       		.uleb128 0x2
 8100 0b84 91       		.byte	0x91
 8101 0b85 58       		.sleb128 -40
 8102 0b86 19       		.uleb128 0x19
 8103 0b87 7A7100   		.ascii	"zq\000"
 8104 0b8a 01       		.byte	0x1
 8105 0b8b AC01     		.2byte	0x1ac
 8106 0b8d A5030000 		.4byte	0x3a5
 8107 0b91 02       		.uleb128 0x2
 8108 0b92 91       		.byte	0x91
 8109 0b93 50       		.sleb128 -48
 8110 0b94 25       		.uleb128 0x25
 8111 0b95 8C050000 		.4byte	.LASF79
 8112 0b99 01       		.byte	0x1
 8113 0b9a AF01     		.2byte	0x1af
 8114 0b9c A5030000 		.4byte	0x3a5
 8115 0ba0 02       		.uleb128 0x2
 8116 0ba1 91       		.byte	0x91
 8117 0ba2 48       		.sleb128 -56
 8118 0ba3 1B       		.uleb128 0x1b
 8119 0ba4 34040000 		.4byte	0x434
 8120 0ba8 2A000000 		.4byte	.LBB240
 8121 0bac 30000000 		.4byte	.LBE240-.LBB240
 8122 0bb0 01       		.byte	0x1
 8123 0bb1 A101     		.2byte	0x1a1
 8124 0bb3 C10B0000 		.4byte	0xbc1
 8125 0bb7 1C       		.uleb128 0x1c
 8126 0bb8 44040000 		.4byte	0x444
 8127 0bbc CE050000 		.4byte	.LLST46
 8128 0bc0 00       		.byte	0
 8129 0bc1 1B       		.uleb128 0x1b
 8130 0bc2 34040000 		.4byte	0x434
 8131 0bc6 82000000 		.4byte	.LBB242
 8132 0bca 2E000000 		.4byte	.LBE242-.LBB242
 8133 0bce 01       		.byte	0x1
 8134 0bcf AD01     		.2byte	0x1ad
 8135 0bd1 DF0B0000 		.4byte	0xbdf
 8136 0bd5 1C       		.uleb128 0x1c
ARM GAS  C:\Users\user\AppData\Local\Temp\ccoNEg7E.s 			page 174


 8137 0bd6 44040000 		.4byte	0x444
 8138 0bda 02060000 		.4byte	.LLST47
 8139 0bde 00       		.byte	0
 8140 0bdf 1B       		.uleb128 0x1b
 8141 0be0 34040000 		.4byte	0x434
 8142 0be4 BC000000 		.4byte	.LBB244
 8143 0be8 2E000000 		.4byte	.LBE244-.LBB244
 8144 0bec 01       		.byte	0x1
 8145 0bed AE01     		.2byte	0x1ae
 8146 0bef FD0B0000 		.4byte	0xbfd
 8147 0bf3 1C       		.uleb128 0x1c
 8148 0bf4 44040000 		.4byte	0x444
 8149 0bf8 20060000 		.4byte	.LLST48
 8150 0bfc 00       		.byte	0
 8151 0bfd 1B       		.uleb128 0x1b
 8152 0bfe 00040000 		.4byte	0x400
 8153 0c02 F8000000 		.4byte	.LBB246
 8154 0c06 0E000000 		.4byte	.LBE246-.LBB246
 8155 0c0a 01       		.byte	0x1
 8156 0c0b B201     		.2byte	0x1b2
 8157 0c0d 1B0C0000 		.4byte	0xc1b
 8158 0c11 1C       		.uleb128 0x1c
 8159 0c12 10040000 		.4byte	0x410
 8160 0c16 3E060000 		.4byte	.LLST49
 8161 0c1a 00       		.byte	0
 8162 0c1b 1B       		.uleb128 0x1b
 8163 0c1c 00040000 		.4byte	0x400
 8164 0c20 12010000 		.4byte	.LBB248
 8165 0c24 0E000000 		.4byte	.LBE248-.LBB248
 8166 0c28 01       		.byte	0x1
 8167 0c29 B301     		.2byte	0x1b3
 8168 0c2b 390C0000 		.4byte	0xc39
 8169 0c2f 1C       		.uleb128 0x1c
 8170 0c30 10040000 		.4byte	0x410
 8171 0c34 52060000 		.4byte	.LLST50
 8172 0c38 00       		.byte	0
 8173 0c39 26       		.uleb128 0x26
 8174 0c3a 1A000000 		.4byte	.LVL161
 8175 0c3e 04060000 		.4byte	0x604
 8176 0c42 5C0C0000 		.4byte	0xc5c
 8177 0c46 1F       		.uleb128 0x1f
 8178 0c47 01       		.uleb128 0x1
 8179 0c48 50       		.byte	0x50
 8180 0c49 02       		.uleb128 0x2
 8181 0c4a 74       		.byte	0x74
 8182 0c4b 00       		.sleb128 0
 8183 0c4c 1F       		.uleb128 0x1f
 8184 0c4d 01       		.uleb128 0x1
 8185 0c4e 51       		.byte	0x51
 8186 0c4f 02       		.uleb128 0x2
 8187 0c50 76       		.byte	0x76
 8188 0c51 00       		.sleb128 0
 8189 0c52 1F       		.uleb128 0x1f
 8190 0c53 01       		.uleb128 0x1
 8191 0c54 52       		.byte	0x52
 8192 0c55 05       		.uleb128 0x5
 8193 0c56 F3       		.byte	0xf3
ARM GAS  C:\Users\user\AppData\Local\Temp\ccoNEg7E.s 			page 175


 8194 0c57 03       		.uleb128 0x3
 8195 0c58 F5       		.byte	0xf5
 8196 0c59 02       		.uleb128 0x2
 8197 0c5a 25       		.uleb128 0x25
 8198 0c5b 00       		.byte	0
 8199 0c5c 26       		.uleb128 0x26
 8200 0c5d 66000000 		.4byte	.LVL174
 8201 0c61 FB080000 		.4byte	0x8fb
 8202 0c65 830C0000 		.4byte	0xc83
 8203 0c69 1F       		.uleb128 0x1f
 8204 0c6a 01       		.uleb128 0x1
 8205 0c6b 50       		.byte	0x50
 8206 0c6c 02       		.uleb128 0x2
 8207 0c6d 74       		.byte	0x74
 8208 0c6e 00       		.sleb128 0
 8209 0c6f 1F       		.uleb128 0x1f
 8210 0c70 01       		.uleb128 0x1
 8211 0c71 51       		.byte	0x51
 8212 0c72 02       		.uleb128 0x2
 8213 0c73 76       		.byte	0x76
 8214 0c74 00       		.sleb128 0
 8215 0c75 1F       		.uleb128 0x1f
 8216 0c76 01       		.uleb128 0x1
 8217 0c77 52       		.byte	0x52
 8218 0c78 03       		.uleb128 0x3
 8219 0c79 F5       		.byte	0xf5
 8220 0c7a 07       		.uleb128 0x7
 8221 0c7b 25       		.uleb128 0x25
 8222 0c7c 1F       		.uleb128 0x1f
 8223 0c7d 01       		.uleb128 0x1
 8224 0c7e 53       		.byte	0x53
 8225 0c7f 02       		.uleb128 0x2
 8226 0c80 91       		.byte	0x91
 8227 0c81 60       		.sleb128 -32
 8228 0c82 00       		.byte	0
 8229 0c83 26       		.uleb128 0x26
 8230 0c84 78000000 		.4byte	.LVL175
 8231 0c88 C7300000 		.4byte	0x30c7
 8232 0c8c AF0C0000 		.4byte	0xcaf
 8233 0c90 1F       		.uleb128 0x1f
 8234 0c91 01       		.uleb128 0x1
 8235 0c92 50       		.byte	0x50
 8236 0c93 03       		.uleb128 0x3
 8237 0c94 74       		.byte	0x74
 8238 0c95 D001     		.sleb128 208
 8239 0c97 1F       		.uleb128 0x1f
 8240 0c98 01       		.uleb128 0x1
 8241 0c99 51       		.byte	0x51
 8242 0c9a 02       		.uleb128 0x2
 8243 0c9b 78       		.byte	0x78
 8244 0c9c 00       		.sleb128 0
 8245 0c9d 1F       		.uleb128 0x1f
 8246 0c9e 01       		.uleb128 0x1
 8247 0c9f 52       		.byte	0x52
 8248 0ca0 01       		.uleb128 0x1
 8249 0ca1 30       		.byte	0x30
 8250 0ca2 1F       		.uleb128 0x1f
ARM GAS  C:\Users\user\AppData\Local\Temp\ccoNEg7E.s 			page 176


 8251 0ca3 01       		.uleb128 0x1
 8252 0ca4 53       		.byte	0x53
 8253 0ca5 02       		.uleb128 0x2
 8254 0ca6 91       		.byte	0x91
 8255 0ca7 58       		.sleb128 -40
 8256 0ca8 1F       		.uleb128 0x1f
 8257 0ca9 02       		.uleb128 0x2
 8258 0caa 7D       		.byte	0x7d
 8259 0cab 00       		.sleb128 0
 8260 0cac 01       		.uleb128 0x1
 8261 0cad 32       		.byte	0x32
 8262 0cae 00       		.byte	0
 8263 0caf 1E       		.uleb128 0x1e
 8264 0cb0 F8000000 		.4byte	.LVL190
 8265 0cb4 D3300000 		.4byte	0x30d3
 8266 0cb8 1F       		.uleb128 0x1f
 8267 0cb9 01       		.uleb128 0x1
 8268 0cba 50       		.byte	0x50
 8269 0cbb 02       		.uleb128 0x2
 8270 0cbc 91       		.byte	0x91
 8271 0cbd 50       		.sleb128 -48
 8272 0cbe 1F       		.uleb128 0x1f
 8273 0cbf 01       		.uleb128 0x1
 8274 0cc0 51       		.byte	0x51
 8275 0cc1 02       		.uleb128 0x2
 8276 0cc2 91       		.byte	0x91
 8277 0cc3 58       		.sleb128 -40
 8278 0cc4 1F       		.uleb128 0x1f
 8279 0cc5 01       		.uleb128 0x1
 8280 0cc6 52       		.byte	0x52
 8281 0cc7 02       		.uleb128 0x2
 8282 0cc8 91       		.byte	0x91
 8283 0cc9 48       		.sleb128 -56
 8284 0cca 1F       		.uleb128 0x1f
 8285 0ccb 01       		.uleb128 0x1
 8286 0ccc 53       		.byte	0x53
 8287 0ccd 01       		.uleb128 0x1
 8288 0cce 32       		.byte	0x32
 8289 0ccf 00       		.byte	0
 8290 0cd0 00       		.byte	0
 8291 0cd1 27       		.uleb128 0x27
 8292 0cd2 37040000 		.4byte	.LASF83
 8293 0cd6 01       		.byte	0x1
 8294 0cd7 CA01     		.2byte	0x1ca
 8295 0cd9 00000000 		.4byte	.LFB143
 8296 0cdd 12000000 		.4byte	.LFE143-.LFB143
 8297 0ce1 01       		.uleb128 0x1
 8298 0ce2 9C       		.byte	0x9c
 8299 0ce3 350D0000 		.4byte	0xd35
 8300 0ce7 17       		.uleb128 0x17
 8301 0ce8 6C7000   		.ascii	"lp\000"
 8302 0ceb 01       		.byte	0x1
 8303 0cec CA01     		.2byte	0x1ca
 8304 0cee FE050000 		.4byte	0x5fe
 8305 0cf2 66060000 		.4byte	.LLST51
 8306 0cf6 17       		.uleb128 0x17
 8307 0cf7 755F6B00 		.ascii	"u_k\000"
ARM GAS  C:\Users\user\AppData\Local\Temp\ccoNEg7E.s 			page 177


 8308 0cfb 01       		.byte	0x1
 8309 0cfc CA01     		.2byte	0x1ca
 8310 0cfe 25000000 		.4byte	0x25
 8311 0d02 87060000 		.4byte	.LLST52
 8312 0d06 1E       		.uleb128 0x1e
 8313 0d07 10000000 		.4byte	.LVL201
 8314 0d0b FB080000 		.4byte	0x8fb
 8315 0d0f 1F       		.uleb128 0x1f
 8316 0d10 01       		.uleb128 0x1
 8317 0d11 50       		.byte	0x50
 8318 0d12 03       		.uleb128 0x3
 8319 0d13 F3       		.byte	0xf3
 8320 0d14 01       		.uleb128 0x1
 8321 0d15 50       		.byte	0x50
 8322 0d16 1F       		.uleb128 0x1f
 8323 0d17 01       		.uleb128 0x1
 8324 0d18 51       		.byte	0x51
 8325 0d19 06       		.uleb128 0x6
 8326 0d1a F3       		.byte	0xf3
 8327 0d1b 01       		.uleb128 0x1
 8328 0d1c 50       		.byte	0x50
 8329 0d1d 23       		.byte	0x23
 8330 0d1e 8001     		.uleb128 0x80
 8331 0d20 1F       		.uleb128 0x1f
 8332 0d21 01       		.uleb128 0x1
 8333 0d22 52       		.byte	0x52
 8334 0d23 05       		.uleb128 0x5
 8335 0d24 F3       		.byte	0xf3
 8336 0d25 03       		.uleb128 0x3
 8337 0d26 F5       		.byte	0xf5
 8338 0d27 01       		.uleb128 0x1
 8339 0d28 25       		.uleb128 0x25
 8340 0d29 1F       		.uleb128 0x1f
 8341 0d2a 01       		.uleb128 0x1
 8342 0d2b 53       		.byte	0x53
 8343 0d2c 06       		.uleb128 0x6
 8344 0d2d F3       		.byte	0xf3
 8345 0d2e 01       		.uleb128 0x1
 8346 0d2f 50       		.byte	0x50
 8347 0d30 23       		.byte	0x23
 8348 0d31 8801     		.uleb128 0x88
 8349 0d33 00       		.byte	0
 8350 0d34 00       		.byte	0
 8351 0d35 16       		.uleb128 0x16
 8352 0d36 A3040000 		.4byte	.LASF84
 8353 0d3a 01       		.byte	0x1
 8354 0d3b 8701     		.2byte	0x187
 8355 0d3d 25000000 		.4byte	0x25
 8356 0d41 00000000 		.4byte	.LFB140
 8357 0d45 38010000 		.4byte	.LFE140-.LFB140
 8358 0d49 01       		.uleb128 0x1
 8359 0d4a 9C       		.byte	0x9c
 8360 0d4b 780E0000 		.4byte	0xe78
 8361 0d4f 17       		.uleb128 0x17
 8362 0d50 6C7000   		.ascii	"lp\000"
 8363 0d53 01       		.byte	0x1
 8364 0d54 8701     		.2byte	0x187
ARM GAS  C:\Users\user\AppData\Local\Temp\ccoNEg7E.s 			page 178


 8365 0d56 FE050000 		.4byte	0x5fe
 8366 0d5a B5060000 		.4byte	.LLST53
 8367 0d5e 18       		.uleb128 0x18
 8368 0d5f 717300   		.ascii	"qs\000"
 8369 0d62 01       		.byte	0x1
 8370 0d63 8901     		.2byte	0x189
 8371 0d65 25000000 		.4byte	0x25
 8372 0d69 E1060000 		.4byte	.LLST54
 8373 0d6d 25       		.uleb128 0x25
 8374 0d6e 8C050000 		.4byte	.LASF79
 8375 0d72 01       		.byte	0x1
 8376 0d73 8A01     		.2byte	0x18a
 8377 0d75 A5030000 		.4byte	0x3a5
 8378 0d79 02       		.uleb128 0x2
 8379 0d7a 91       		.byte	0x91
 8380 0d7b 60       		.sleb128 -32
 8381 0d7c 19       		.uleb128 0x19
 8382 0d7d 646F7400 		.ascii	"dot\000"
 8383 0d81 01       		.byte	0x1
 8384 0d82 8B01     		.2byte	0x18b
 8385 0d84 0A010000 		.4byte	0x10a
 8386 0d88 02       		.uleb128 0x2
 8387 0d89 91       		.byte	0x91
 8388 0d8a 58       		.sleb128 -40
 8389 0d8b 18       		.uleb128 0x18
 8390 0d8c 6B7800   		.ascii	"kx\000"
 8391 0d8f 01       		.byte	0x1
 8392 0d90 9101     		.2byte	0x191
 8393 0d92 FE000000 		.4byte	0xfe
 8394 0d96 F4060000 		.4byte	.LLST55
 8395 0d9a 23       		.uleb128 0x23
 8396 0d9b 9A020000 		.4byte	.LASF85
 8397 0d9f 01       		.byte	0x1
 8398 0da0 9401     		.2byte	0x194
 8399 0da2 25000000 		.4byte	0x25
 8400 0da6 07070000 		.4byte	.LLST56
 8401 0daa 24       		.uleb128 0x24
 8402 0dab C9020000 		.4byte	.LASF86
 8403 0daf 01       		.byte	0x1
 8404 0db0 9601     		.2byte	0x196
 8405 0db2 FE000000 		.4byte	0xfe
 8406 0db6 1B       		.uleb128 0x1b
 8407 0db7 34040000 		.4byte	0x434
 8408 0dbb 16000000 		.4byte	.LBB250
 8409 0dbf 2E000000 		.4byte	.LBE250-.LBB250
 8410 0dc3 01       		.byte	0x1
 8411 0dc4 8D01     		.2byte	0x18d
 8412 0dc6 D40D0000 		.4byte	0xdd4
 8413 0dca 1C       		.uleb128 0x1c
 8414 0dcb 44040000 		.4byte	0x444
 8415 0dcf 1A070000 		.4byte	.LLST57
 8416 0dd3 00       		.byte	0
 8417 0dd4 1B       		.uleb128 0x1b
 8418 0dd5 34040000 		.4byte	0x434
 8419 0dd9 52000000 		.4byte	.LBB252
 8420 0ddd 2E000000 		.4byte	.LBE252-.LBB252
 8421 0de1 01       		.byte	0x1
ARM GAS  C:\Users\user\AppData\Local\Temp\ccoNEg7E.s 			page 179


 8422 0de2 8E01     		.2byte	0x18e
 8423 0de4 F20D0000 		.4byte	0xdf2
 8424 0de8 1C       		.uleb128 0x1c
 8425 0de9 44040000 		.4byte	0x444
 8426 0ded 38070000 		.4byte	.LLST58
 8427 0df1 00       		.byte	0
 8428 0df2 1B       		.uleb128 0x1b
 8429 0df3 34040000 		.4byte	0x434
 8430 0df7 C2000000 		.4byte	.LBB254
 8431 0dfb 2E000000 		.4byte	.LBE254-.LBB254
 8432 0dff 01       		.byte	0x1
 8433 0e00 9601     		.2byte	0x196
 8434 0e02 100E0000 		.4byte	0xe10
 8435 0e06 1C       		.uleb128 0x1c
 8436 0e07 44040000 		.4byte	0x444
 8437 0e0b 56070000 		.4byte	.LLST59
 8438 0e0f 00       		.byte	0
 8439 0e10 1B       		.uleb128 0x1b
 8440 0e11 1A040000 		.4byte	0x41a
 8441 0e15 F8000000 		.4byte	.LBB256
 8442 0e19 22000000 		.4byte	.LBE256-.LBB256
 8443 0e1d 01       		.byte	0x1
 8444 0e1e 9801     		.2byte	0x198
 8445 0e20 2E0E0000 		.4byte	0xe2e
 8446 0e24 1C       		.uleb128 0x1c
 8447 0e25 2A040000 		.4byte	0x42a
 8448 0e29 74070000 		.4byte	.LLST60
 8449 0e2d 00       		.byte	0
 8450 0e2e 1B       		.uleb128 0x1b
 8451 0e2f 00040000 		.4byte	0x400
 8452 0e33 1A010000 		.4byte	.LBB258
 8453 0e37 0C000000 		.4byte	.LBE258-.LBB258
 8454 0e3b 01       		.byte	0x1
 8455 0e3c 9801     		.2byte	0x198
 8456 0e3e 480E0000 		.4byte	0xe48
 8457 0e42 1D       		.uleb128 0x1d
 8458 0e43 10040000 		.4byte	0x410
 8459 0e47 00       		.byte	0
 8460 0e48 26       		.uleb128 0x26
 8461 0e49 90000000 		.4byte	.LVL219
 8462 0e4d BB300000 		.4byte	0x30bb
 8463 0e51 6E0E0000 		.4byte	0xe6e
 8464 0e55 1F       		.uleb128 0x1f
 8465 0e56 01       		.uleb128 0x1
 8466 0e57 50       		.byte	0x50
 8467 0e58 03       		.uleb128 0x3
 8468 0e59 74       		.byte	0x74
 8469 0e5a C801     		.sleb128 200
 8470 0e5c 1F       		.uleb128 0x1f
 8471 0e5d 01       		.uleb128 0x1
 8472 0e5e 51       		.byte	0x51
 8473 0e5f 02       		.uleb128 0x2
 8474 0e60 91       		.byte	0x91
 8475 0e61 60       		.sleb128 -32
 8476 0e62 1F       		.uleb128 0x1f
 8477 0e63 01       		.uleb128 0x1
 8478 0e64 52       		.byte	0x52
ARM GAS  C:\Users\user\AppData\Local\Temp\ccoNEg7E.s 			page 180


 8479 0e65 01       		.uleb128 0x1
 8480 0e66 32       		.byte	0x32
 8481 0e67 1F       		.uleb128 0x1f
 8482 0e68 01       		.uleb128 0x1
 8483 0e69 53       		.byte	0x53
 8484 0e6a 02       		.uleb128 0x2
 8485 0e6b 7D       		.byte	0x7d
 8486 0e6c 00       		.sleb128 0
 8487 0e6d 00       		.byte	0
 8488 0e6e 28       		.uleb128 0x28
 8489 0e6f A2000000 		.4byte	.LVL221
 8490 0e73 91050000 		.4byte	0x591
 8491 0e77 00       		.byte	0
 8492 0e78 16       		.uleb128 0x16
 8493 0e79 3C000000 		.4byte	.LASF87
 8494 0e7d 01       		.byte	0x1
 8495 0e7e D601     		.2byte	0x1d6
 8496 0e80 25000000 		.4byte	0x25
 8497 0e84 00000000 		.4byte	.LFB144
 8498 0e88 50010000 		.4byte	.LFE144-.LFB144
 8499 0e8c 01       		.uleb128 0x1
 8500 0e8d 9C       		.byte	0x9c
 8501 0e8e FB0F0000 		.4byte	0xffb
 8502 0e92 17       		.uleb128 0x17
 8503 0e93 6C7000   		.ascii	"lp\000"
 8504 0e96 01       		.byte	0x1
 8505 0e97 D601     		.2byte	0x1d6
 8506 0e99 FE050000 		.4byte	0x5fe
 8507 0e9d 8C070000 		.4byte	.LLST61
 8508 0ea1 17       		.uleb128 0x17
 8509 0ea2 7800     		.ascii	"x\000"
 8510 0ea4 01       		.byte	0x1
 8511 0ea5 D601     		.2byte	0x1d6
 8512 0ea7 53070000 		.4byte	0x753
 8513 0eab B8070000 		.4byte	.LLST62
 8514 0eaf 17       		.uleb128 0x17
 8515 0eb0 7500     		.ascii	"u\000"
 8516 0eb2 01       		.byte	0x1
 8517 0eb3 D601     		.2byte	0x1d6
 8518 0eb5 25000000 		.4byte	0x25
 8519 0eb9 E4070000 		.4byte	.LLST63
 8520 0ebd 18       		.uleb128 0x18
 8521 0ebe 717300   		.ascii	"qs\000"
 8522 0ec1 01       		.byte	0x1
 8523 0ec2 D801     		.2byte	0x1d8
 8524 0ec4 25000000 		.4byte	0x25
 8525 0ec8 12080000 		.4byte	.LLST64
 8526 0ecc 19       		.uleb128 0x19
 8527 0ecd 787100   		.ascii	"xq\000"
 8528 0ed0 01       		.byte	0x1
 8529 0ed1 D901     		.2byte	0x1d9
 8530 0ed3 C5030000 		.4byte	0x3c5
 8531 0ed7 02       		.uleb128 0x2
 8532 0ed8 91       		.byte	0x91
 8533 0ed9 64       		.sleb128 -28
 8534 0eda 19       		.uleb128 0x19
 8535 0edb 646F7400 		.ascii	"dot\000"
ARM GAS  C:\Users\user\AppData\Local\Temp\ccoNEg7E.s 			page 181


 8536 0edf 01       		.byte	0x1
 8537 0ee0 DA01     		.2byte	0x1da
 8538 0ee2 0A010000 		.4byte	0x10a
 8539 0ee6 02       		.uleb128 0x2
 8540 0ee7 91       		.byte	0x91
 8541 0ee8 58       		.sleb128 -40
 8542 0ee9 1A       		.uleb128 0x1a
 8543 0eea 757100   		.ascii	"uq\000"
 8544 0eed 01       		.byte	0x1
 8545 0eee DE01     		.2byte	0x1de
 8546 0ef0 F2000000 		.4byte	0xf2
 8547 0ef4 1A       		.uleb128 0x1a
 8548 0ef5 437800   		.ascii	"Cx\000"
 8549 0ef8 01       		.byte	0x1
 8550 0ef9 E101     		.2byte	0x1e1
 8551 0efb F2000000 		.4byte	0xf2
 8552 0eff 1A       		.uleb128 0x1a
 8553 0f00 447500   		.ascii	"Du\000"
 8554 0f03 01       		.byte	0x1
 8555 0f04 E401     		.2byte	0x1e4
 8556 0f06 F2000000 		.4byte	0xf2
 8557 0f0a 1B       		.uleb128 0x1b
 8558 0f0b 82040000 		.4byte	0x482
 8559 0f0f 1A000000 		.4byte	.LBB260
 8560 0f13 2E000000 		.4byte	.LBE260-.LBB260
 8561 0f17 01       		.byte	0x1
 8562 0f18 DC01     		.2byte	0x1dc
 8563 0f1a 280F0000 		.4byte	0xf28
 8564 0f1e 1C       		.uleb128 0x1c
 8565 0f1f 92040000 		.4byte	0x492
 8566 0f23 25080000 		.4byte	.LLST65
 8567 0f27 00       		.byte	0
 8568 0f28 1B       		.uleb128 0x1b
 8569 0f29 82040000 		.4byte	0x482
 8570 0f2d 56000000 		.4byte	.LBB262
 8571 0f31 2E000000 		.4byte	.LBE262-.LBB262
 8572 0f35 01       		.byte	0x1
 8573 0f36 DD01     		.2byte	0x1dd
 8574 0f38 460F0000 		.4byte	0xf46
 8575 0f3c 1C       		.uleb128 0x1c
 8576 0f3d 92040000 		.4byte	0x492
 8577 0f41 43080000 		.4byte	.LLST66
 8578 0f45 00       		.byte	0
 8579 0f46 1B       		.uleb128 0x1b
 8580 0f47 82040000 		.4byte	0x482
 8581 0f4b 92000000 		.4byte	.LBB264
 8582 0f4f 2E000000 		.4byte	.LBE264-.LBB264
 8583 0f53 01       		.byte	0x1
 8584 0f54 DE01     		.2byte	0x1de
 8585 0f56 640F0000 		.4byte	0xf64
 8586 0f5a 1C       		.uleb128 0x1c
 8587 0f5b 92040000 		.4byte	0x492
 8588 0f5f 61080000 		.4byte	.LLST67
 8589 0f63 00       		.byte	0
 8590 0f64 1B       		.uleb128 0x1b
 8591 0f65 68040000 		.4byte	0x468
 8592 0f69 D8000000 		.4byte	.LBB266
ARM GAS  C:\Users\user\AppData\Local\Temp\ccoNEg7E.s 			page 182


 8593 0f6d 18000000 		.4byte	.LBE266-.LBB266
 8594 0f71 01       		.byte	0x1
 8595 0f72 E101     		.2byte	0x1e1
 8596 0f74 820F0000 		.4byte	0xf82
 8597 0f78 1C       		.uleb128 0x1c
 8598 0f79 78040000 		.4byte	0x478
 8599 0f7d 95080000 		.4byte	.LLST68
 8600 0f81 00       		.byte	0
 8601 0f82 1B       		.uleb128 0x1b
 8602 0f83 68040000 		.4byte	0x468
 8603 0f87 FA000000 		.4byte	.LBB268
 8604 0f8b 18000000 		.4byte	.LBE268-.LBB268
 8605 0f8f 01       		.byte	0x1
 8606 0f90 E401     		.2byte	0x1e4
 8607 0f92 A00F0000 		.4byte	0xfa0
 8608 0f96 1C       		.uleb128 0x1c
 8609 0f97 78040000 		.4byte	0x478
 8610 0f9b A8080000 		.4byte	.LLST69
 8611 0f9f 00       		.byte	0
 8612 0fa0 1B       		.uleb128 0x1b
 8613 0fa1 68040000 		.4byte	0x468
 8614 0fa5 14010000 		.4byte	.LBB270
 8615 0fa9 18000000 		.4byte	.LBE270-.LBB270
 8616 0fad 01       		.byte	0x1
 8617 0fae E601     		.2byte	0x1e6
 8618 0fb0 BE0F0000 		.4byte	0xfbe
 8619 0fb4 1C       		.uleb128 0x1c
 8620 0fb5 78040000 		.4byte	0x478
 8621 0fb9 03090000 		.4byte	.LLST70
 8622 0fbd 00       		.byte	0
 8623 0fbe 1B       		.uleb128 0x1b
 8624 0fbf 4E040000 		.4byte	0x44e
 8625 0fc3 2C010000 		.4byte	.LBB272
 8626 0fc7 0C000000 		.4byte	.LBE272-.LBB272
 8627 0fcb 01       		.byte	0x1
 8628 0fcc E601     		.2byte	0x1e6
 8629 0fce D80F0000 		.4byte	0xfd8
 8630 0fd2 1D       		.uleb128 0x1d
 8631 0fd3 5E040000 		.4byte	0x45e
 8632 0fd7 00       		.byte	0
 8633 0fd8 1E       		.uleb128 0x1e
 8634 0fd9 CE000000 		.4byte	.LVL266
 8635 0fdd DF300000 		.4byte	0x30df
 8636 0fe1 1F       		.uleb128 0x1f
 8637 0fe2 01       		.uleb128 0x1
 8638 0fe3 50       		.byte	0x50
 8639 0fe4 03       		.uleb128 0x3
 8640 0fe5 75       		.byte	0x75
 8641 0fe6 EC01     		.sleb128 236
 8642 0fe8 1F       		.uleb128 0x1f
 8643 0fe9 01       		.uleb128 0x1
 8644 0fea 51       		.byte	0x51
 8645 0feb 02       		.uleb128 0x2
 8646 0fec 91       		.byte	0x91
 8647 0fed 64       		.sleb128 -28
 8648 0fee 1F       		.uleb128 0x1f
 8649 0fef 01       		.uleb128 0x1
ARM GAS  C:\Users\user\AppData\Local\Temp\ccoNEg7E.s 			page 183


 8650 0ff0 52       		.byte	0x52
 8651 0ff1 01       		.uleb128 0x1
 8652 0ff2 32       		.byte	0x32
 8653 0ff3 1F       		.uleb128 0x1f
 8654 0ff4 01       		.uleb128 0x1
 8655 0ff5 53       		.byte	0x53
 8656 0ff6 02       		.uleb128 0x2
 8657 0ff7 7D       		.byte	0x7d
 8658 0ff8 00       		.sleb128 0
 8659 0ff9 00       		.byte	0
 8660 0ffa 00       		.byte	0
 8661 0ffb 21       		.uleb128 0x21
 8662 0ffc 13080000 		.4byte	.LASF88
 8663 1000 01       		.byte	0x1
 8664 1001 2902     		.2byte	0x229
 8665 1003 00000000 		.4byte	.LFB148
 8666 1007 30010000 		.4byte	.LFE148-.LFB148
 8667 100b 01       		.uleb128 0x1
 8668 100c 9C       		.byte	0x9c
 8669 100d 98110000 		.4byte	0x1198
 8670 1011 17       		.uleb128 0x17
 8671 1012 6C7000   		.ascii	"lp\000"
 8672 1015 01       		.byte	0x1
 8673 1016 2902     		.2byte	0x229
 8674 1018 FE050000 		.4byte	0x5fe
 8675 101c 16090000 		.4byte	.LLST71
 8676 1020 17       		.uleb128 0x17
 8677 1021 7900     		.ascii	"y\000"
 8678 1023 01       		.byte	0x1
 8679 1024 2902     		.2byte	0x229
 8680 1026 25000000 		.4byte	0x25
 8681 102a 42090000 		.4byte	.LLST72
 8682 102e 22       		.uleb128 0x22
 8683 102f 73070000 		.4byte	.LASF74
 8684 1033 01       		.byte	0x1
 8685 1034 2902     		.2byte	0x229
 8686 1036 25000000 		.4byte	0x25
 8687 103a 70090000 		.4byte	.LLST73
 8688 103e 18       		.uleb128 0x18
 8689 103f 717300   		.ascii	"qs\000"
 8690 1042 01       		.byte	0x1
 8691 1043 2B02     		.2byte	0x22b
 8692 1045 25000000 		.4byte	0x25
 8693 1049 93090000 		.4byte	.LLST74
 8694 104d 23       		.uleb128 0x23
 8695 104e 0B030000 		.4byte	.LASF75
 8696 1052 01       		.byte	0x1
 8697 1053 2D02     		.2byte	0x22d
 8698 1055 25000000 		.4byte	0x25
 8699 1059 A6090000 		.4byte	.LLST75
 8700 105d 24       		.uleb128 0x24
 8701 105e 81080000 		.4byte	.LASF76
 8702 1062 01       		.byte	0x1
 8703 1063 2E02     		.2byte	0x22e
 8704 1065 F2000000 		.4byte	0xf2
 8705 1069 25       		.uleb128 0x25
 8706 106a 69070000 		.4byte	.LASF77
ARM GAS  C:\Users\user\AppData\Local\Temp\ccoNEg7E.s 			page 184


 8707 106e 01       		.byte	0x1
 8708 106f 3002     		.2byte	0x230
 8709 1071 C5030000 		.4byte	0x3c5
 8710 1075 02       		.uleb128 0x2
 8711 1076 91       		.byte	0x91
 8712 1077 6C       		.sleb128 -20
 8713 1078 25       		.uleb128 0x25
 8714 1079 F2030000 		.4byte	.LASF78
 8715 107d 01       		.byte	0x1
 8716 107e 3302     		.2byte	0x233
 8717 1080 C5030000 		.4byte	0x3c5
 8718 1084 02       		.uleb128 0x2
 8719 1085 91       		.byte	0x91
 8720 1086 68       		.sleb128 -24
 8721 1087 25       		.uleb128 0x25
 8722 1088 8C050000 		.4byte	.LASF79
 8723 108c 01       		.byte	0x1
 8724 108d 3602     		.2byte	0x236
 8725 108f C5030000 		.4byte	0x3c5
 8726 1093 02       		.uleb128 0x2
 8727 1094 91       		.byte	0x91
 8728 1095 64       		.sleb128 -28
 8729 1096 1B       		.uleb128 0x1b
 8730 1097 82040000 		.4byte	0x482
 8731 109b 24000000 		.4byte	.LBB274
 8732 109f 2E000000 		.4byte	.LBE274-.LBB274
 8733 10a3 01       		.byte	0x1
 8734 10a4 2E02     		.2byte	0x22e
 8735 10a6 B4100000 		.4byte	0x10b4
 8736 10aa 1C       		.uleb128 0x1c
 8737 10ab 92040000 		.4byte	0x492
 8738 10af B9090000 		.4byte	.LLST76
 8739 10b3 00       		.byte	0
 8740 10b4 1B       		.uleb128 0x1b
 8741 10b5 82040000 		.4byte	0x482
 8742 10b9 6E000000 		.4byte	.LBB276
 8743 10bd 2E000000 		.4byte	.LBE276-.LBB276
 8744 10c1 01       		.byte	0x1
 8745 10c2 3402     		.2byte	0x234
 8746 10c4 D2100000 		.4byte	0x10d2
 8747 10c8 1C       		.uleb128 0x1c
 8748 10c9 92040000 		.4byte	0x492
 8749 10cd D7090000 		.4byte	.LLST77
 8750 10d1 00       		.byte	0
 8751 10d2 1B       		.uleb128 0x1b
 8752 10d3 82040000 		.4byte	0x482
 8753 10d7 AC000000 		.4byte	.LBB278
 8754 10db 2E000000 		.4byte	.LBE278-.LBB278
 8755 10df 01       		.byte	0x1
 8756 10e0 3502     		.2byte	0x235
 8757 10e2 F0100000 		.4byte	0x10f0
 8758 10e6 1C       		.uleb128 0x1c
 8759 10e7 92040000 		.4byte	0x492
 8760 10eb F5090000 		.4byte	.LLST78
 8761 10ef 00       		.byte	0
 8762 10f0 1B       		.uleb128 0x1b
 8763 10f1 4E040000 		.4byte	0x44e
ARM GAS  C:\Users\user\AppData\Local\Temp\ccoNEg7E.s 			page 185


 8764 10f5 EA000000 		.4byte	.LBB280
 8765 10f9 10000000 		.4byte	.LBE280-.LBB280
 8766 10fd 01       		.byte	0x1
 8767 10fe 3902     		.2byte	0x239
 8768 1100 0E110000 		.4byte	0x110e
 8769 1104 1C       		.uleb128 0x1c
 8770 1105 5E040000 		.4byte	0x45e
 8771 1109 130A0000 		.4byte	.LLST79
 8772 110d 00       		.byte	0
 8773 110e 1B       		.uleb128 0x1b
 8774 110f 4E040000 		.4byte	0x44e
 8775 1113 06010000 		.4byte	.LBB282
 8776 1117 10000000 		.4byte	.LBE282-.LBB282
 8777 111b 01       		.byte	0x1
 8778 111c 3A02     		.2byte	0x23a
 8779 111e 2C110000 		.4byte	0x112c
 8780 1122 1C       		.uleb128 0x1c
 8781 1123 5E040000 		.4byte	0x45e
 8782 1127 270A0000 		.4byte	.LLST80
 8783 112b 00       		.byte	0
 8784 112c 26       		.uleb128 0x26
 8785 112d 14000000 		.4byte	.LVL284
 8786 1131 780E0000 		.4byte	0xe78
 8787 1135 50110000 		.4byte	0x1150
 8788 1139 1F       		.uleb128 0x1f
 8789 113a 01       		.uleb128 0x1
 8790 113b 50       		.byte	0x50
 8791 113c 02       		.uleb128 0x2
 8792 113d 74       		.byte	0x74
 8793 113e 00       		.sleb128 0
 8794 113f 1F       		.uleb128 0x1f
 8795 1140 01       		.uleb128 0x1
 8796 1141 51       		.byte	0x51
 8797 1142 03       		.uleb128 0x3
 8798 1143 74       		.byte	0x74
 8799 1144 8801     		.sleb128 136
 8800 1146 1F       		.uleb128 0x1f
 8801 1147 01       		.uleb128 0x1
 8802 1148 52       		.byte	0x52
 8803 1149 05       		.uleb128 0x5
 8804 114a F3       		.byte	0xf3
 8805 114b 03       		.uleb128 0x3
 8806 114c F5       		.byte	0xf5
 8807 114d 02       		.uleb128 0x2
 8808 114e 25       		.uleb128 0x25
 8809 114f 00       		.byte	0
 8810 1150 26       		.uleb128 0x26
 8811 1151 62000000 		.4byte	.LVL293
 8812 1155 EB300000 		.4byte	0x30eb
 8813 1159 76110000 		.4byte	0x1176
 8814 115d 1F       		.uleb128 0x1f
 8815 115e 01       		.uleb128 0x1
 8816 115f 50       		.byte	0x50
 8817 1160 03       		.uleb128 0x3
 8818 1161 74       		.byte	0x74
 8819 1162 F401     		.sleb128 244
 8820 1164 1F       		.uleb128 0x1f
ARM GAS  C:\Users\user\AppData\Local\Temp\ccoNEg7E.s 			page 186


 8821 1165 01       		.uleb128 0x1
 8822 1166 52       		.byte	0x52
 8823 1167 01       		.uleb128 0x1
 8824 1168 30       		.byte	0x30
 8825 1169 1F       		.uleb128 0x1f
 8826 116a 01       		.uleb128 0x1
 8827 116b 53       		.byte	0x53
 8828 116c 02       		.uleb128 0x2
 8829 116d 91       		.byte	0x91
 8830 116e 6C       		.sleb128 -20
 8831 116f 1F       		.uleb128 0x1f
 8832 1170 02       		.uleb128 0x2
 8833 1171 7D       		.byte	0x7d
 8834 1172 00       		.sleb128 0
 8835 1173 01       		.uleb128 0x1
 8836 1174 32       		.byte	0x32
 8837 1175 00       		.byte	0
 8838 1176 1E       		.uleb128 0x1e
 8839 1177 EA000000 		.4byte	.LVL308
 8840 117b F7300000 		.4byte	0x30f7
 8841 117f 1F       		.uleb128 0x1f
 8842 1180 01       		.uleb128 0x1
 8843 1181 50       		.byte	0x50
 8844 1182 02       		.uleb128 0x2
 8845 1183 91       		.byte	0x91
 8846 1184 68       		.sleb128 -24
 8847 1185 1F       		.uleb128 0x1f
 8848 1186 01       		.uleb128 0x1
 8849 1187 51       		.byte	0x51
 8850 1188 02       		.uleb128 0x2
 8851 1189 91       		.byte	0x91
 8852 118a 6C       		.sleb128 -20
 8853 118b 1F       		.uleb128 0x1f
 8854 118c 01       		.uleb128 0x1
 8855 118d 52       		.byte	0x52
 8856 118e 02       		.uleb128 0x2
 8857 118f 91       		.byte	0x91
 8858 1190 64       		.sleb128 -28
 8859 1191 1F       		.uleb128 0x1f
 8860 1192 01       		.uleb128 0x1
 8861 1193 53       		.byte	0x53
 8862 1194 01       		.uleb128 0x1
 8863 1195 32       		.byte	0x32
 8864 1196 00       		.byte	0
 8865 1197 00       		.byte	0
 8866 1198 21       		.uleb128 0x21
 8867 1199 FF070000 		.4byte	.LASF89
 8868 119d 01       		.byte	0x1
 8869 119e E901     		.2byte	0x1e9
 8870 11a0 00000000 		.4byte	.LFB145
 8871 11a4 A8010000 		.4byte	.LFE145-.LFB145
 8872 11a8 01       		.uleb128 0x1
 8873 11a9 9C       		.byte	0x9c
 8874 11aa BD130000 		.4byte	0x13bd
 8875 11ae 17       		.uleb128 0x17
 8876 11af 6C7000   		.ascii	"lp\000"
 8877 11b2 01       		.byte	0x1
ARM GAS  C:\Users\user\AppData\Local\Temp\ccoNEg7E.s 			page 187


 8878 11b3 E901     		.2byte	0x1e9
 8879 11b5 FE050000 		.4byte	0x5fe
 8880 11b9 3B0A0000 		.4byte	.LLST81
 8881 11bd 17       		.uleb128 0x17
 8882 11be 7800     		.ascii	"x\000"
 8883 11c0 01       		.byte	0x1
 8884 11c1 E901     		.2byte	0x1e9
 8885 11c3 53070000 		.4byte	0x753
 8886 11c7 670A0000 		.4byte	.LLST82
 8887 11cb 17       		.uleb128 0x17
 8888 11cc 7500     		.ascii	"u\000"
 8889 11ce 01       		.byte	0x1
 8890 11cf E901     		.2byte	0x1e9
 8891 11d1 25000000 		.4byte	0x25
 8892 11d5 930A0000 		.4byte	.LLST83
 8893 11d9 17       		.uleb128 0x17
 8894 11da 7A00     		.ascii	"z\000"
 8895 11dc 01       		.byte	0x1
 8896 11dd E901     		.2byte	0x1e9
 8897 11df 21050000 		.4byte	0x521
 8898 11e3 C10A0000 		.4byte	.LLST84
 8899 11e7 18       		.uleb128 0x18
 8900 11e8 717300   		.ascii	"qs\000"
 8901 11eb 01       		.byte	0x1
 8902 11ec EB01     		.2byte	0x1eb
 8903 11ee 25000000 		.4byte	0x25
 8904 11f2 ED0A0000 		.4byte	.LLST85
 8905 11f6 19       		.uleb128 0x19
 8906 11f7 787100   		.ascii	"xq\000"
 8907 11fa 01       		.byte	0x1
 8908 11fb EC01     		.2byte	0x1ec
 8909 11fd C5030000 		.4byte	0x3c5
 8910 1201 02       		.uleb128 0x2
 8911 1202 91       		.byte	0x91
 8912 1203 5C       		.sleb128 -36
 8913 1204 19       		.uleb128 0x19
 8914 1205 42757100 		.ascii	"Buq\000"
 8915 1209 01       		.byte	0x1
 8916 120a EC01     		.2byte	0x1ec
 8917 120c C5030000 		.4byte	0x3c5
 8918 1210 02       		.uleb128 0x2
 8919 1211 91       		.byte	0x91
 8920 1212 58       		.sleb128 -40
 8921 1213 19       		.uleb128 0x19
 8922 1214 646F7400 		.ascii	"dot\000"
 8923 1218 01       		.byte	0x1
 8924 1219 ED01     		.2byte	0x1ed
 8925 121b 0A010000 		.4byte	0x10a
 8926 121f 02       		.uleb128 0x2
 8927 1220 91       		.byte	0x91
 8928 1221 50       		.sleb128 -48
 8929 1222 1A       		.uleb128 0x1a
 8930 1223 757100   		.ascii	"uq\000"
 8931 1226 01       		.byte	0x1
 8932 1227 F101     		.2byte	0x1f1
 8933 1229 F2000000 		.4byte	0xf2
 8934 122d 1A       		.uleb128 0x1a
ARM GAS  C:\Users\user\AppData\Local\Temp\ccoNEg7E.s 			page 188


 8935 122e 41783000 		.ascii	"Ax0\000"
 8936 1232 01       		.byte	0x1
 8937 1233 F701     		.2byte	0x1f7
 8938 1235 F2000000 		.4byte	0xf2
 8939 1239 1A       		.uleb128 0x1a
 8940 123a 41783100 		.ascii	"Ax1\000"
 8941 123e 01       		.byte	0x1
 8942 123f FB01     		.2byte	0x1fb
 8943 1241 F2000000 		.4byte	0xf2
 8944 1245 1B       		.uleb128 0x1b
 8945 1246 82040000 		.4byte	0x482
 8946 124a 1C000000 		.4byte	.LBB284
 8947 124e 2E000000 		.4byte	.LBE284-.LBB284
 8948 1252 01       		.byte	0x1
 8949 1253 EF01     		.2byte	0x1ef
 8950 1255 63120000 		.4byte	0x1263
 8951 1259 1C       		.uleb128 0x1c
 8952 125a 92040000 		.4byte	0x492
 8953 125e 000B0000 		.4byte	.LLST86
 8954 1262 00       		.byte	0
 8955 1263 1B       		.uleb128 0x1b
 8956 1264 82040000 		.4byte	0x482
 8957 1268 58000000 		.4byte	.LBB286
 8958 126c 2E000000 		.4byte	.LBE286-.LBB286
 8959 1270 01       		.byte	0x1
 8960 1271 F001     		.2byte	0x1f0
 8961 1273 81120000 		.4byte	0x1281
 8962 1277 1C       		.uleb128 0x1c
 8963 1278 92040000 		.4byte	0x492
 8964 127c 1E0B0000 		.4byte	.LLST87
 8965 1280 00       		.byte	0
 8966 1281 1B       		.uleb128 0x1b
 8967 1282 82040000 		.4byte	0x482
 8968 1286 94000000 		.4byte	.LBB288
 8969 128a 2E000000 		.4byte	.LBE288-.LBB288
 8970 128e 01       		.byte	0x1
 8971 128f F101     		.2byte	0x1f1
 8972 1291 9F120000 		.4byte	0x129f
 8973 1295 1C       		.uleb128 0x1c
 8974 1296 92040000 		.4byte	0x492
 8975 129a 3C0B0000 		.4byte	.LLST88
 8976 129e 00       		.byte	0
 8977 129f 1B       		.uleb128 0x1b
 8978 12a0 68040000 		.4byte	0x468
 8979 12a4 EA000000 		.4byte	.LBB290
 8980 12a8 18000000 		.4byte	.LBE290-.LBB290
 8981 12ac 01       		.byte	0x1
 8982 12ad F701     		.2byte	0x1f7
 8983 12af BD120000 		.4byte	0x12bd
 8984 12b3 1C       		.uleb128 0x1c
 8985 12b4 78040000 		.4byte	0x478
 8986 12b8 5A0B0000 		.4byte	.LLST89
 8987 12bc 00       		.byte	0
 8988 12bd 1B       		.uleb128 0x1b
 8989 12be 68040000 		.4byte	0x468
 8990 12c2 08010000 		.4byte	.LBB292
 8991 12c6 18000000 		.4byte	.LBE292-.LBB292
ARM GAS  C:\Users\user\AppData\Local\Temp\ccoNEg7E.s 			page 189


 8992 12ca 01       		.byte	0x1
 8993 12cb F801     		.2byte	0x1f8
 8994 12cd DB120000 		.4byte	0x12db
 8995 12d1 1C       		.uleb128 0x1c
 8996 12d2 78040000 		.4byte	0x478
 8997 12d6 AD0B0000 		.4byte	.LLST90
 8998 12da 00       		.byte	0
 8999 12db 1B       		.uleb128 0x1b
 9000 12dc 4E040000 		.4byte	0x44e
 9001 12e0 20010000 		.4byte	.LBB294
 9002 12e4 0C000000 		.4byte	.LBE294-.LBB294
 9003 12e8 01       		.byte	0x1
 9004 12e9 F801     		.2byte	0x1f8
 9005 12eb F5120000 		.4byte	0x12f5
 9006 12ef 1D       		.uleb128 0x1d
 9007 12f0 5E040000 		.4byte	0x45e
 9008 12f4 00       		.byte	0
 9009 12f5 1B       		.uleb128 0x1b
 9010 12f6 68040000 		.4byte	0x468
 9011 12fa 4E010000 		.4byte	.LBB296
 9012 12fe 18000000 		.4byte	.LBE296-.LBB296
 9013 1302 01       		.byte	0x1
 9014 1303 FB01     		.2byte	0x1fb
 9015 1305 13130000 		.4byte	0x1313
 9016 1309 1C       		.uleb128 0x1c
 9017 130a 78040000 		.4byte	0x478
 9018 130e C00B0000 		.4byte	.LLST91
 9019 1312 00       		.byte	0
 9020 1313 1B       		.uleb128 0x1b
 9021 1314 68040000 		.4byte	0x468
 9022 1318 6C010000 		.4byte	.LBB298
 9023 131c 18000000 		.4byte	.LBE298-.LBB298
 9024 1320 01       		.byte	0x1
 9025 1321 FC01     		.2byte	0x1fc
 9026 1323 31130000 		.4byte	0x1331
 9027 1327 1C       		.uleb128 0x1c
 9028 1328 78040000 		.4byte	0x478
 9029 132c 130C0000 		.4byte	.LLST92
 9030 1330 00       		.byte	0
 9031 1331 1B       		.uleb128 0x1b
 9032 1332 4E040000 		.4byte	0x44e
 9033 1336 84010000 		.4byte	.LBB300
 9034 133a 0C000000 		.4byte	.LBE300-.LBB300
 9035 133e 01       		.byte	0x1
 9036 133f FC01     		.2byte	0x1fc
 9037 1341 4B130000 		.4byte	0x134b
 9038 1345 1D       		.uleb128 0x1d
 9039 1346 5E040000 		.4byte	0x45e
 9040 134a 00       		.byte	0
 9041 134b 26       		.uleb128 0x26
 9042 134c D2000000 		.4byte	.LVL342
 9043 1350 EB300000 		.4byte	0x30eb
 9044 1354 72130000 		.4byte	0x1372
 9045 1358 1F       		.uleb128 0x1f
 9046 1359 01       		.uleb128 0x1
 9047 135a 50       		.byte	0x50
 9048 135b 03       		.uleb128 0x3
ARM GAS  C:\Users\user\AppData\Local\Temp\ccoNEg7E.s 			page 190


 9049 135c 76       		.byte	0x76
 9050 135d E801     		.sleb128 232
 9051 135f 1F       		.uleb128 0x1f
 9052 1360 01       		.uleb128 0x1
 9053 1361 52       		.byte	0x52
 9054 1362 01       		.uleb128 0x1
 9055 1363 30       		.byte	0x30
 9056 1364 1F       		.uleb128 0x1f
 9057 1365 01       		.uleb128 0x1
 9058 1366 53       		.byte	0x53
 9059 1367 02       		.uleb128 0x2
 9060 1368 91       		.byte	0x91
 9061 1369 58       		.sleb128 -40
 9062 136a 1F       		.uleb128 0x1f
 9063 136b 02       		.uleb128 0x2
 9064 136c 7D       		.byte	0x7d
 9065 136d 00       		.sleb128 0
 9066 136e 02       		.uleb128 0x2
 9067 136f 77       		.byte	0x77
 9068 1370 00       		.sleb128 0
 9069 1371 00       		.byte	0
 9070 1372 26       		.uleb128 0x26
 9071 1373 E0000000 		.4byte	.LVL343
 9072 1377 DF300000 		.4byte	0x30df
 9073 137b 99130000 		.4byte	0x1399
 9074 137f 1F       		.uleb128 0x1f
 9075 1380 01       		.uleb128 0x1
 9076 1381 50       		.byte	0x50
 9077 1382 03       		.uleb128 0x3
 9078 1383 76       		.byte	0x76
 9079 1384 E001     		.sleb128 224
 9080 1386 1F       		.uleb128 0x1f
 9081 1387 01       		.uleb128 0x1
 9082 1388 51       		.byte	0x51
 9083 1389 02       		.uleb128 0x2
 9084 138a 91       		.byte	0x91
 9085 138b 5C       		.sleb128 -36
 9086 138c 1F       		.uleb128 0x1f
 9087 138d 01       		.uleb128 0x1
 9088 138e 52       		.byte	0x52
 9089 138f 02       		.uleb128 0x2
 9090 1390 77       		.byte	0x77
 9091 1391 00       		.sleb128 0
 9092 1392 1F       		.uleb128 0x1f
 9093 1393 01       		.uleb128 0x1
 9094 1394 53       		.byte	0x53
 9095 1395 02       		.uleb128 0x2
 9096 1396 91       		.byte	0x91
 9097 1397 50       		.sleb128 -48
 9098 1398 00       		.byte	0
 9099 1399 1E       		.uleb128 0x1e
 9100 139a 44010000 		.4byte	.LVL355
 9101 139e DF300000 		.4byte	0x30df
 9102 13a2 1F       		.uleb128 0x1f
 9103 13a3 01       		.uleb128 0x1
 9104 13a4 50       		.byte	0x50
 9105 13a5 03       		.uleb128 0x3
ARM GAS  C:\Users\user\AppData\Local\Temp\ccoNEg7E.s 			page 191


 9106 13a6 76       		.byte	0x76
 9107 13a7 E401     		.sleb128 228
 9108 13a9 1F       		.uleb128 0x1f
 9109 13aa 01       		.uleb128 0x1
 9110 13ab 51       		.byte	0x51
 9111 13ac 02       		.uleb128 0x2
 9112 13ad 91       		.byte	0x91
 9113 13ae 5C       		.sleb128 -36
 9114 13af 1F       		.uleb128 0x1f
 9115 13b0 01       		.uleb128 0x1
 9116 13b1 52       		.byte	0x52
 9117 13b2 02       		.uleb128 0x2
 9118 13b3 77       		.byte	0x77
 9119 13b4 00       		.sleb128 0
 9120 13b5 1F       		.uleb128 0x1f
 9121 13b6 01       		.uleb128 0x1
 9122 13b7 53       		.byte	0x53
 9123 13b8 02       		.uleb128 0x2
 9124 13b9 91       		.byte	0x91
 9125 13ba 50       		.sleb128 -48
 9126 13bb 00       		.byte	0
 9127 13bc 00       		.byte	0
 9128 13bd 21       		.uleb128 0x21
 9129 13be 9E070000 		.4byte	.LASF90
 9130 13c2 01       		.byte	0x1
 9131 13c3 1202     		.2byte	0x212
 9132 13c5 00000000 		.4byte	.LFB147
 9133 13c9 44010000 		.4byte	.LFE147-.LFB147
 9134 13cd 01       		.uleb128 0x1
 9135 13ce 9C       		.byte	0x9c
 9136 13cf A2150000 		.4byte	0x15a2
 9137 13d3 17       		.uleb128 0x17
 9138 13d4 6C7000   		.ascii	"lp\000"
 9139 13d7 01       		.byte	0x1
 9140 13d8 1202     		.2byte	0x212
 9141 13da FE050000 		.4byte	0x5fe
 9142 13de 260C0000 		.4byte	.LLST93
 9143 13e2 17       		.uleb128 0x17
 9144 13e3 7900     		.ascii	"y\000"
 9145 13e5 01       		.byte	0x1
 9146 13e6 1202     		.2byte	0x212
 9147 13e8 25000000 		.4byte	0x25
 9148 13ec 520C0000 		.4byte	.LLST94
 9149 13f0 22       		.uleb128 0x22
 9150 13f1 73070000 		.4byte	.LASF74
 9151 13f5 01       		.byte	0x1
 9152 13f6 1202     		.2byte	0x212
 9153 13f8 25000000 		.4byte	0x25
 9154 13fc 800C0000 		.4byte	.LLST95
 9155 1400 17       		.uleb128 0x17
 9156 1401 755F6B00 		.ascii	"u_k\000"
 9157 1405 01       		.byte	0x1
 9158 1406 1202     		.2byte	0x212
 9159 1408 25000000 		.4byte	0x25
 9160 140c A30C0000 		.4byte	.LLST96
 9161 1410 18       		.uleb128 0x18
 9162 1411 717300   		.ascii	"qs\000"
ARM GAS  C:\Users\user\AppData\Local\Temp\ccoNEg7E.s 			page 192


 9163 1414 01       		.byte	0x1
 9164 1415 1402     		.2byte	0x214
 9165 1417 25000000 		.4byte	0x25
 9166 141b D10C0000 		.4byte	.LLST97
 9167 141f 23       		.uleb128 0x23
 9168 1420 0B030000 		.4byte	.LASF75
 9169 1424 01       		.byte	0x1
 9170 1425 1602     		.2byte	0x216
 9171 1427 25000000 		.4byte	0x25
 9172 142b E40C0000 		.4byte	.LLST98
 9173 142f 24       		.uleb128 0x24
 9174 1430 81080000 		.4byte	.LASF76
 9175 1434 01       		.byte	0x1
 9176 1435 1702     		.2byte	0x217
 9177 1437 F2000000 		.4byte	0xf2
 9178 143b 19       		.uleb128 0x19
 9179 143c 7A00     		.ascii	"z\000"
 9180 143e 01       		.byte	0x1
 9181 143f 1902     		.2byte	0x219
 9182 1441 85030000 		.4byte	0x385
 9183 1445 02       		.uleb128 0x2
 9184 1446 91       		.byte	0x91
 9185 1447 60       		.sleb128 -32
 9186 1448 25       		.uleb128 0x25
 9187 1449 69070000 		.4byte	.LASF77
 9188 144d 01       		.byte	0x1
 9189 144e 1C02     		.2byte	0x21c
 9190 1450 C5030000 		.4byte	0x3c5
 9191 1454 02       		.uleb128 0x2
 9192 1455 91       		.byte	0x91
 9193 1456 5C       		.sleb128 -36
 9194 1457 19       		.uleb128 0x19
 9195 1458 7A7100   		.ascii	"zq\000"
 9196 145b 01       		.byte	0x1
 9197 145c 1F02     		.2byte	0x21f
 9198 145e C5030000 		.4byte	0x3c5
 9199 1462 02       		.uleb128 0x2
 9200 1463 91       		.byte	0x91
 9201 1464 58       		.sleb128 -40
 9202 1465 25       		.uleb128 0x25
 9203 1466 8C050000 		.4byte	.LASF79
 9204 146a 01       		.byte	0x1
 9205 146b 2202     		.2byte	0x222
 9206 146d C5030000 		.4byte	0x3c5
 9207 1471 02       		.uleb128 0x2
 9208 1472 91       		.byte	0x91
 9209 1473 54       		.sleb128 -44
 9210 1474 1B       		.uleb128 0x1b
 9211 1475 82040000 		.4byte	0x482
 9212 1479 2A000000 		.4byte	.LBB302
 9213 147d 32000000 		.4byte	.LBE302-.LBB302
 9214 1481 01       		.byte	0x1
 9215 1482 1702     		.2byte	0x217
 9216 1484 92140000 		.4byte	0x1492
 9217 1488 1C       		.uleb128 0x1c
 9218 1489 92040000 		.4byte	0x492
 9219 148d F70C0000 		.4byte	.LLST99
ARM GAS  C:\Users\user\AppData\Local\Temp\ccoNEg7E.s 			page 193


 9220 1491 00       		.byte	0
 9221 1492 1B       		.uleb128 0x1b
 9222 1493 82040000 		.4byte	0x482
 9223 1497 84000000 		.4byte	.LBB304
 9224 149b 2E000000 		.4byte	.LBE304-.LBB304
 9225 149f 01       		.byte	0x1
 9226 14a0 2002     		.2byte	0x220
 9227 14a2 B0140000 		.4byte	0x14b0
 9228 14a6 1C       		.uleb128 0x1c
 9229 14a7 92040000 		.4byte	0x492
 9230 14ab 2B0D0000 		.4byte	.LLST100
 9231 14af 00       		.byte	0
 9232 14b0 1B       		.uleb128 0x1b
 9233 14b1 82040000 		.4byte	0x482
 9234 14b5 C0000000 		.4byte	.LBB306
 9235 14b9 2E000000 		.4byte	.LBE306-.LBB306
 9236 14bd 01       		.byte	0x1
 9237 14be 2102     		.2byte	0x221
 9238 14c0 CE140000 		.4byte	0x14ce
 9239 14c4 1C       		.uleb128 0x1c
 9240 14c5 92040000 		.4byte	0x492
 9241 14c9 490D0000 		.4byte	.LLST101
 9242 14cd 00       		.byte	0
 9243 14ce 1B       		.uleb128 0x1b
 9244 14cf 4E040000 		.4byte	0x44e
 9245 14d3 FE000000 		.4byte	.LBB308
 9246 14d7 10000000 		.4byte	.LBE308-.LBB308
 9247 14db 01       		.byte	0x1
 9248 14dc 2502     		.2byte	0x225
 9249 14de EC140000 		.4byte	0x14ec
 9250 14e2 1C       		.uleb128 0x1c
 9251 14e3 5E040000 		.4byte	0x45e
 9252 14e7 670D0000 		.4byte	.LLST102
 9253 14eb 00       		.byte	0
 9254 14ec 1B       		.uleb128 0x1b
 9255 14ed 4E040000 		.4byte	0x44e
 9256 14f1 1A010000 		.4byte	.LBB310
 9257 14f5 10000000 		.4byte	.LBE310-.LBB310
 9258 14f9 01       		.byte	0x1
 9259 14fa 2602     		.2byte	0x226
 9260 14fc 0A150000 		.4byte	0x150a
 9261 1500 1C       		.uleb128 0x1c
 9262 1501 5E040000 		.4byte	0x45e
 9263 1505 7B0D0000 		.4byte	.LLST103
 9264 1509 00       		.byte	0
 9265 150a 26       		.uleb128 0x26
 9266 150b 1A000000 		.4byte	.LVL371
 9267 150f 780E0000 		.4byte	0xe78
 9268 1513 2D150000 		.4byte	0x152d
 9269 1517 1F       		.uleb128 0x1f
 9270 1518 01       		.uleb128 0x1
 9271 1519 50       		.byte	0x50
 9272 151a 02       		.uleb128 0x2
 9273 151b 74       		.byte	0x74
 9274 151c 00       		.sleb128 0
 9275 151d 1F       		.uleb128 0x1f
 9276 151e 01       		.uleb128 0x1
ARM GAS  C:\Users\user\AppData\Local\Temp\ccoNEg7E.s 			page 194


 9277 151f 51       		.byte	0x51
 9278 1520 02       		.uleb128 0x2
 9279 1521 76       		.byte	0x76
 9280 1522 00       		.sleb128 0
 9281 1523 1F       		.uleb128 0x1f
 9282 1524 01       		.uleb128 0x1
 9283 1525 52       		.byte	0x52
 9284 1526 05       		.uleb128 0x5
 9285 1527 F3       		.byte	0xf3
 9286 1528 03       		.uleb128 0x3
 9287 1529 F5       		.byte	0xf5
 9288 152a 02       		.uleb128 0x2
 9289 152b 25       		.uleb128 0x25
 9290 152c 00       		.byte	0
 9291 152d 26       		.uleb128 0x26
 9292 152e 68000000 		.4byte	.LVL384
 9293 1532 98110000 		.4byte	0x1198
 9294 1536 54150000 		.4byte	0x1554
 9295 153a 1F       		.uleb128 0x1f
 9296 153b 01       		.uleb128 0x1
 9297 153c 50       		.byte	0x50
 9298 153d 02       		.uleb128 0x2
 9299 153e 74       		.byte	0x74
 9300 153f 00       		.sleb128 0
 9301 1540 1F       		.uleb128 0x1f
 9302 1541 01       		.uleb128 0x1
 9303 1542 51       		.byte	0x51
 9304 1543 02       		.uleb128 0x2
 9305 1544 76       		.byte	0x76
 9306 1545 00       		.sleb128 0
 9307 1546 1F       		.uleb128 0x1f
 9308 1547 01       		.uleb128 0x1
 9309 1548 52       		.byte	0x52
 9310 1549 03       		.uleb128 0x3
 9311 154a F5       		.byte	0xf5
 9312 154b 07       		.uleb128 0x7
 9313 154c 25       		.uleb128 0x25
 9314 154d 1F       		.uleb128 0x1f
 9315 154e 01       		.uleb128 0x1
 9316 154f 53       		.byte	0x53
 9317 1550 02       		.uleb128 0x2
 9318 1551 91       		.byte	0x91
 9319 1552 60       		.sleb128 -32
 9320 1553 00       		.byte	0
 9321 1554 26       		.uleb128 0x26
 9322 1555 7A000000 		.4byte	.LVL385
 9323 1559 EB300000 		.4byte	0x30eb
 9324 155d 80150000 		.4byte	0x1580
 9325 1561 1F       		.uleb128 0x1f
 9326 1562 01       		.uleb128 0x1
 9327 1563 50       		.byte	0x50
 9328 1564 03       		.uleb128 0x3
 9329 1565 74       		.byte	0x74
 9330 1566 F401     		.sleb128 244
 9331 1568 1F       		.uleb128 0x1f
 9332 1569 01       		.uleb128 0x1
 9333 156a 51       		.byte	0x51
ARM GAS  C:\Users\user\AppData\Local\Temp\ccoNEg7E.s 			page 195


 9334 156b 02       		.uleb128 0x2
 9335 156c 78       		.byte	0x78
 9336 156d 00       		.sleb128 0
 9337 156e 1F       		.uleb128 0x1f
 9338 156f 01       		.uleb128 0x1
 9339 1570 52       		.byte	0x52
 9340 1571 01       		.uleb128 0x1
 9341 1572 30       		.byte	0x30
 9342 1573 1F       		.uleb128 0x1f
 9343 1574 01       		.uleb128 0x1
 9344 1575 53       		.byte	0x53
 9345 1576 02       		.uleb128 0x2
 9346 1577 91       		.byte	0x91
 9347 1578 5C       		.sleb128 -36
 9348 1579 1F       		.uleb128 0x1f
 9349 157a 02       		.uleb128 0x2
 9350 157b 7D       		.byte	0x7d
 9351 157c 00       		.sleb128 0
 9352 157d 01       		.uleb128 0x1
 9353 157e 32       		.byte	0x32
 9354 157f 00       		.byte	0
 9355 1580 1E       		.uleb128 0x1e
 9356 1581 FE000000 		.4byte	.LVL400
 9357 1585 F7300000 		.4byte	0x30f7
 9358 1589 1F       		.uleb128 0x1f
 9359 158a 01       		.uleb128 0x1
 9360 158b 50       		.byte	0x50
 9361 158c 02       		.uleb128 0x2
 9362 158d 91       		.byte	0x91
 9363 158e 58       		.sleb128 -40
 9364 158f 1F       		.uleb128 0x1f
 9365 1590 01       		.uleb128 0x1
 9366 1591 51       		.byte	0x51
 9367 1592 02       		.uleb128 0x2
 9368 1593 91       		.byte	0x91
 9369 1594 5C       		.sleb128 -36
 9370 1595 1F       		.uleb128 0x1f
 9371 1596 01       		.uleb128 0x1
 9372 1597 52       		.byte	0x52
 9373 1598 02       		.uleb128 0x2
 9374 1599 91       		.byte	0x91
 9375 159a 54       		.sleb128 -44
 9376 159b 1F       		.uleb128 0x1f
 9377 159c 01       		.uleb128 0x1
 9378 159d 53       		.byte	0x53
 9379 159e 01       		.uleb128 0x1
 9380 159f 32       		.byte	0x32
 9381 15a0 00       		.byte	0
 9382 15a1 00       		.byte	0
 9383 15a2 27       		.uleb128 0x27
 9384 15a3 C1070000 		.4byte	.LASF91
 9385 15a7 01       		.byte	0x1
 9386 15a8 3D02     		.2byte	0x23d
 9387 15aa 00000000 		.4byte	.LFB149
 9388 15ae 12000000 		.4byte	.LFE149-.LFB149
 9389 15b2 01       		.uleb128 0x1
 9390 15b3 9C       		.byte	0x9c
ARM GAS  C:\Users\user\AppData\Local\Temp\ccoNEg7E.s 			page 196


 9391 15b4 06160000 		.4byte	0x1606
 9392 15b8 17       		.uleb128 0x17
 9393 15b9 6C7000   		.ascii	"lp\000"
 9394 15bc 01       		.byte	0x1
 9395 15bd 3D02     		.2byte	0x23d
 9396 15bf FE050000 		.4byte	0x5fe
 9397 15c3 8F0D0000 		.4byte	.LLST104
 9398 15c7 17       		.uleb128 0x17
 9399 15c8 755F6B00 		.ascii	"u_k\000"
 9400 15cc 01       		.byte	0x1
 9401 15cd 3D02     		.2byte	0x23d
 9402 15cf 25000000 		.4byte	0x25
 9403 15d3 B00D0000 		.4byte	.LLST105
 9404 15d7 1E       		.uleb128 0x1e
 9405 15d8 10000000 		.4byte	.LVL411
 9406 15dc 98110000 		.4byte	0x1198
 9407 15e0 1F       		.uleb128 0x1f
 9408 15e1 01       		.uleb128 0x1
 9409 15e2 50       		.byte	0x50
 9410 15e3 03       		.uleb128 0x3
 9411 15e4 F3       		.byte	0xf3
 9412 15e5 01       		.uleb128 0x1
 9413 15e6 50       		.byte	0x50
 9414 15e7 1F       		.uleb128 0x1f
 9415 15e8 01       		.uleb128 0x1
 9416 15e9 51       		.byte	0x51
 9417 15ea 06       		.uleb128 0x6
 9418 15eb F3       		.byte	0xf3
 9419 15ec 01       		.uleb128 0x1
 9420 15ed 50       		.byte	0x50
 9421 15ee 23       		.byte	0x23
 9422 15ef 8001     		.uleb128 0x80
 9423 15f1 1F       		.uleb128 0x1f
 9424 15f2 01       		.uleb128 0x1
 9425 15f3 52       		.byte	0x52
 9426 15f4 05       		.uleb128 0x5
 9427 15f5 F3       		.byte	0xf3
 9428 15f6 03       		.uleb128 0x3
 9429 15f7 F5       		.byte	0xf5
 9430 15f8 01       		.uleb128 0x1
 9431 15f9 25       		.uleb128 0x25
 9432 15fa 1F       		.uleb128 0x1f
 9433 15fb 01       		.uleb128 0x1
 9434 15fc 53       		.byte	0x53
 9435 15fd 06       		.uleb128 0x6
 9436 15fe F3       		.byte	0xf3
 9437 15ff 01       		.uleb128 0x1
 9438 1600 50       		.byte	0x50
 9439 1601 23       		.byte	0x23
 9440 1602 8801     		.uleb128 0x88
 9441 1604 00       		.byte	0
 9442 1605 00       		.byte	0
 9443 1606 16       		.uleb128 0x16
 9444 1607 A0060000 		.4byte	.LASF92
 9445 160b 01       		.byte	0x1
 9446 160c FF01     		.2byte	0x1ff
 9447 160e 25000000 		.4byte	0x25
ARM GAS  C:\Users\user\AppData\Local\Temp\ccoNEg7E.s 			page 197


 9448 1612 00000000 		.4byte	.LFB146
 9449 1616 44010000 		.4byte	.LFE146-.LFB146
 9450 161a 01       		.uleb128 0x1
 9451 161b 9C       		.byte	0x9c
 9452 161c 63170000 		.4byte	0x1763
 9453 1620 17       		.uleb128 0x17
 9454 1621 6C7000   		.ascii	"lp\000"
 9455 1624 01       		.byte	0x1
 9456 1625 FF01     		.2byte	0x1ff
 9457 1627 FE050000 		.4byte	0x5fe
 9458 162b DE0D0000 		.4byte	.LLST106
 9459 162f 18       		.uleb128 0x18
 9460 1630 717300   		.ascii	"qs\000"
 9461 1633 01       		.byte	0x1
 9462 1634 0102     		.2byte	0x201
 9463 1636 25000000 		.4byte	0x25
 9464 163a 0A0E0000 		.4byte	.LLST107
 9465 163e 25       		.uleb128 0x25
 9466 163f 8C050000 		.4byte	.LASF79
 9467 1643 01       		.byte	0x1
 9468 1644 0202     		.2byte	0x202
 9469 1646 C5030000 		.4byte	0x3c5
 9470 164a 02       		.uleb128 0x2
 9471 164b 91       		.byte	0x91
 9472 164c 6C       		.sleb128 -20
 9473 164d 19       		.uleb128 0x19
 9474 164e 646F7400 		.ascii	"dot\000"
 9475 1652 01       		.byte	0x1
 9476 1653 0302     		.2byte	0x203
 9477 1655 0A010000 		.4byte	0x10a
 9478 1659 02       		.uleb128 0x2
 9479 165a 91       		.byte	0x91
 9480 165b 60       		.sleb128 -32
 9481 165c 1A       		.uleb128 0x1a
 9482 165d 6B7800   		.ascii	"kx\000"
 9483 1660 01       		.byte	0x1
 9484 1661 0902     		.2byte	0x209
 9485 1663 F2000000 		.4byte	0xf2
 9486 1667 23       		.uleb128 0x23
 9487 1668 9A020000 		.4byte	.LASF85
 9488 166c 01       		.byte	0x1
 9489 166d 0B02     		.2byte	0x20b
 9490 166f 25000000 		.4byte	0x25
 9491 1673 1D0E0000 		.4byte	.LLST108
 9492 1677 24       		.uleb128 0x24
 9493 1678 C9020000 		.4byte	.LASF86
 9494 167c 01       		.byte	0x1
 9495 167d 0D02     		.2byte	0x20d
 9496 167f F2000000 		.4byte	0xf2
 9497 1683 1B       		.uleb128 0x1b
 9498 1684 82040000 		.4byte	0x482
 9499 1688 16000000 		.4byte	.LBB312
 9500 168c 2E000000 		.4byte	.LBE312-.LBB312
 9501 1690 01       		.byte	0x1
 9502 1691 0502     		.2byte	0x205
 9503 1693 A1160000 		.4byte	0x16a1
 9504 1697 1C       		.uleb128 0x1c
ARM GAS  C:\Users\user\AppData\Local\Temp\ccoNEg7E.s 			page 198


 9505 1698 92040000 		.4byte	0x492
 9506 169c 300E0000 		.4byte	.LLST109
 9507 16a0 00       		.byte	0
 9508 16a1 1B       		.uleb128 0x1b
 9509 16a2 82040000 		.4byte	0x482
 9510 16a6 54000000 		.4byte	.LBB314
 9511 16aa 2E000000 		.4byte	.LBE314-.LBB314
 9512 16ae 01       		.byte	0x1
 9513 16af 0602     		.2byte	0x206
 9514 16b1 BF160000 		.4byte	0x16bf
 9515 16b5 1C       		.uleb128 0x1c
 9516 16b6 92040000 		.4byte	0x492
 9517 16ba 4E0E0000 		.4byte	.LLST110
 9518 16be 00       		.byte	0
 9519 16bf 1B       		.uleb128 0x1b
 9520 16c0 68040000 		.4byte	0x468
 9521 16c4 9E000000 		.4byte	.LBB316
 9522 16c8 18000000 		.4byte	.LBE316-.LBB316
 9523 16cc 01       		.byte	0x1
 9524 16cd 0902     		.2byte	0x209
 9525 16cf DD160000 		.4byte	0x16dd
 9526 16d3 1C       		.uleb128 0x1c
 9527 16d4 78040000 		.4byte	0x478
 9528 16d8 6C0E0000 		.4byte	.LLST111
 9529 16dc 00       		.byte	0
 9530 16dd 1B       		.uleb128 0x1b
 9531 16de 82040000 		.4byte	0x482
 9532 16e2 DC000000 		.4byte	.LBB318
 9533 16e6 2E000000 		.4byte	.LBE318-.LBB318
 9534 16ea 01       		.byte	0x1
 9535 16eb 0D02     		.2byte	0x20d
 9536 16ed FB160000 		.4byte	0x16fb
 9537 16f1 1C       		.uleb128 0x1c
 9538 16f2 92040000 		.4byte	0x492
 9539 16f6 7F0E0000 		.4byte	.LLST112
 9540 16fa 00       		.byte	0
 9541 16fb 1B       		.uleb128 0x1b
 9542 16fc 68040000 		.4byte	0x468
 9543 1700 0C010000 		.4byte	.LBB320
 9544 1704 18000000 		.4byte	.LBE320-.LBB320
 9545 1708 01       		.byte	0x1
 9546 1709 0F02     		.2byte	0x20f
 9547 170b 19170000 		.4byte	0x1719
 9548 170f 1C       		.uleb128 0x1c
 9549 1710 78040000 		.4byte	0x478
 9550 1714 9D0E0000 		.4byte	.LLST113
 9551 1718 00       		.byte	0
 9552 1719 1B       		.uleb128 0x1b
 9553 171a 4E040000 		.4byte	0x44e
 9554 171e 24010000 		.4byte	.LBB322
 9555 1722 0C000000 		.4byte	.LBE322-.LBB322
 9556 1726 01       		.byte	0x1
 9557 1727 0F02     		.2byte	0x20f
 9558 1729 33170000 		.4byte	0x1733
 9559 172d 1D       		.uleb128 0x1d
 9560 172e 5E040000 		.4byte	0x45e
 9561 1732 00       		.byte	0
ARM GAS  C:\Users\user\AppData\Local\Temp\ccoNEg7E.s 			page 199


 9562 1733 26       		.uleb128 0x26
 9563 1734 94000000 		.4byte	.LVL429
 9564 1738 DF300000 		.4byte	0x30df
 9565 173c 59170000 		.4byte	0x1759
 9566 1740 1F       		.uleb128 0x1f
 9567 1741 01       		.uleb128 0x1
 9568 1742 50       		.byte	0x50
 9569 1743 03       		.uleb128 0x3
 9570 1744 75       		.byte	0x75
 9571 1745 F001     		.sleb128 240
 9572 1747 1F       		.uleb128 0x1f
 9573 1748 01       		.uleb128 0x1
 9574 1749 51       		.byte	0x51
 9575 174a 02       		.uleb128 0x2
 9576 174b 91       		.byte	0x91
 9577 174c 6C       		.sleb128 -20
 9578 174d 1F       		.uleb128 0x1f
 9579 174e 01       		.uleb128 0x1
 9580 174f 52       		.byte	0x52
 9581 1750 01       		.uleb128 0x1
 9582 1751 32       		.byte	0x32
 9583 1752 1F       		.uleb128 0x1f
 9584 1753 01       		.uleb128 0x1
 9585 1754 53       		.byte	0x53
 9586 1755 02       		.uleb128 0x2
 9587 1756 7D       		.byte	0x7d
 9588 1757 00       		.sleb128 0
 9589 1758 00       		.byte	0
 9590 1759 28       		.uleb128 0x28
 9591 175a BC000000 		.4byte	.LVL432
 9592 175e 91050000 		.4byte	0x591
 9593 1762 00       		.byte	0
 9594 1763 16       		.uleb128 0x16
 9595 1764 16000000 		.4byte	.LASF93
 9596 1768 01       		.byte	0x1
 9597 1769 4902     		.2byte	0x249
 9598 176b 25000000 		.4byte	0x25
 9599 176f 00000000 		.4byte	.LFB150
 9600 1773 44010000 		.4byte	.LFE150-.LFB150
 9601 1777 01       		.uleb128 0x1
 9602 1778 9C       		.byte	0x9c
 9603 1779 E6180000 		.4byte	0x18e6
 9604 177d 17       		.uleb128 0x17
 9605 177e 6C7000   		.ascii	"lp\000"
 9606 1781 01       		.byte	0x1
 9607 1782 4902     		.2byte	0x249
 9608 1784 FE050000 		.4byte	0x5fe
 9609 1788 B00E0000 		.4byte	.LLST114
 9610 178c 17       		.uleb128 0x17
 9611 178d 7800     		.ascii	"x\000"
 9612 178f 01       		.byte	0x1
 9613 1790 4902     		.2byte	0x249
 9614 1792 53070000 		.4byte	0x753
 9615 1796 DC0E0000 		.4byte	.LLST115
 9616 179a 17       		.uleb128 0x17
 9617 179b 7500     		.ascii	"u\000"
 9618 179d 01       		.byte	0x1
ARM GAS  C:\Users\user\AppData\Local\Temp\ccoNEg7E.s 			page 200


 9619 179e 4902     		.2byte	0x249
 9620 17a0 25000000 		.4byte	0x25
 9621 17a4 080F0000 		.4byte	.LLST116
 9622 17a8 18       		.uleb128 0x18
 9623 17a9 717300   		.ascii	"qs\000"
 9624 17ac 01       		.byte	0x1
 9625 17ad 4B02     		.2byte	0x24b
 9626 17af 25000000 		.4byte	0x25
 9627 17b3 360F0000 		.4byte	.LLST117
 9628 17b7 19       		.uleb128 0x19
 9629 17b8 787100   		.ascii	"xq\000"
 9630 17bb 01       		.byte	0x1
 9631 17bc 4C02     		.2byte	0x24c
 9632 17be E5030000 		.4byte	0x3e5
 9633 17c2 02       		.uleb128 0x2
 9634 17c3 91       		.byte	0x91
 9635 17c4 64       		.sleb128 -28
 9636 17c5 25       		.uleb128 0x25
 9637 17c6 4D010000 		.4byte	.LASF94
 9638 17ca 01       		.byte	0x1
 9639 17cb 4D02     		.2byte	0x24d
 9640 17cd FE000000 		.4byte	0xfe
 9641 17d1 02       		.uleb128 0x2
 9642 17d2 91       		.byte	0x91
 9643 17d3 60       		.sleb128 -32
 9644 17d4 1A       		.uleb128 0x1a
 9645 17d5 757100   		.ascii	"uq\000"
 9646 17d8 01       		.byte	0x1
 9647 17d9 5102     		.2byte	0x251
 9648 17db E6000000 		.4byte	0xe6
 9649 17df 1A       		.uleb128 0x1a
 9650 17e0 437800   		.ascii	"Cx\000"
 9651 17e3 01       		.byte	0x1
 9652 17e4 5502     		.2byte	0x255
 9653 17e6 E6000000 		.4byte	0xe6
 9654 17ea 1A       		.uleb128 0x1a
 9655 17eb 447500   		.ascii	"Du\000"
 9656 17ee 01       		.byte	0x1
 9657 17ef 5802     		.2byte	0x258
 9658 17f1 E6000000 		.4byte	0xe6
 9659 17f5 1B       		.uleb128 0x1b
 9660 17f6 D0040000 		.4byte	0x4d0
 9661 17fa 1A000000 		.4byte	.LBB324
 9662 17fe 2E000000 		.4byte	.LBE324-.LBB324
 9663 1802 01       		.byte	0x1
 9664 1803 4F02     		.2byte	0x24f
 9665 1805 13180000 		.4byte	0x1813
 9666 1809 1C       		.uleb128 0x1c
 9667 180a E0040000 		.4byte	0x4e0
 9668 180e 490F0000 		.4byte	.LLST118
 9669 1812 00       		.byte	0
 9670 1813 1B       		.uleb128 0x1b
 9671 1814 D0040000 		.4byte	0x4d0
 9672 1818 56000000 		.4byte	.LBB326
 9673 181c 2E000000 		.4byte	.LBE326-.LBB326
 9674 1820 01       		.byte	0x1
 9675 1821 5002     		.2byte	0x250
ARM GAS  C:\Users\user\AppData\Local\Temp\ccoNEg7E.s 			page 201


 9676 1823 31180000 		.4byte	0x1831
 9677 1827 1C       		.uleb128 0x1c
 9678 1828 E0040000 		.4byte	0x4e0
 9679 182c 670F0000 		.4byte	.LLST119
 9680 1830 00       		.byte	0
 9681 1831 1B       		.uleb128 0x1b
 9682 1832 D0040000 		.4byte	0x4d0
 9683 1836 92000000 		.4byte	.LBB328
 9684 183a 2E000000 		.4byte	.LBE328-.LBB328
 9685 183e 01       		.byte	0x1
 9686 183f 5102     		.2byte	0x251
 9687 1841 4F180000 		.4byte	0x184f
 9688 1845 1C       		.uleb128 0x1c
 9689 1846 E0040000 		.4byte	0x4e0
 9690 184a 850F0000 		.4byte	.LLST120
 9691 184e 00       		.byte	0
 9692 184f 1B       		.uleb128 0x1b
 9693 1850 B6040000 		.4byte	0x4b6
 9694 1854 D4000000 		.4byte	.LBB330
 9695 1858 16000000 		.4byte	.LBE330-.LBB330
 9696 185c 01       		.byte	0x1
 9697 185d 5502     		.2byte	0x255
 9698 185f 6D180000 		.4byte	0x186d
 9699 1863 1C       		.uleb128 0x1c
 9700 1864 C6040000 		.4byte	0x4c6
 9701 1868 B90F0000 		.4byte	.LLST121
 9702 186c 00       		.byte	0
 9703 186d 1B       		.uleb128 0x1b
 9704 186e B6040000 		.4byte	0x4b6
 9705 1872 F6000000 		.4byte	.LBB332
 9706 1876 16000000 		.4byte	.LBE332-.LBB332
 9707 187a 01       		.byte	0x1
 9708 187b 5802     		.2byte	0x258
 9709 187d 8B180000 		.4byte	0x188b
 9710 1881 1C       		.uleb128 0x1c
 9711 1882 C6040000 		.4byte	0x4c6
 9712 1886 CC0F0000 		.4byte	.LLST122
 9713 188a 00       		.byte	0
 9714 188b 1B       		.uleb128 0x1b
 9715 188c B6040000 		.4byte	0x4b6
 9716 1890 0E010000 		.4byte	.LBB334
 9717 1894 16000000 		.4byte	.LBE334-.LBB334
 9718 1898 01       		.byte	0x1
 9719 1899 5A02     		.2byte	0x25a
 9720 189b A9180000 		.4byte	0x18a9
 9721 189f 1C       		.uleb128 0x1c
 9722 18a0 C6040000 		.4byte	0x4c6
 9723 18a4 DF0F0000 		.4byte	.LLST123
 9724 18a8 00       		.byte	0
 9725 18a9 1B       		.uleb128 0x1b
 9726 18aa 9C040000 		.4byte	0x49c
 9727 18ae 24010000 		.4byte	.LBB336
 9728 18b2 0C000000 		.4byte	.LBE336-.LBB336
 9729 18b6 01       		.byte	0x1
 9730 18b7 5A02     		.2byte	0x25a
 9731 18b9 C3180000 		.4byte	0x18c3
 9732 18bd 1D       		.uleb128 0x1d
ARM GAS  C:\Users\user\AppData\Local\Temp\ccoNEg7E.s 			page 202


 9733 18be AC040000 		.4byte	0x4ac
 9734 18c2 00       		.byte	0
 9735 18c3 1E       		.uleb128 0x1e
 9736 18c4 CE000000 		.4byte	.LVL477
 9737 18c8 03310000 		.4byte	0x3103
 9738 18cc 1F       		.uleb128 0x1f
 9739 18cd 01       		.uleb128 0x1
 9740 18ce 50       		.byte	0x50
 9741 18cf 03       		.uleb128 0x3
 9742 18d0 76       		.byte	0x76
 9743 18d1 8202     		.sleb128 258
 9744 18d3 1F       		.uleb128 0x1f
 9745 18d4 01       		.uleb128 0x1
 9746 18d5 51       		.byte	0x51
 9747 18d6 02       		.uleb128 0x2
 9748 18d7 91       		.byte	0x91
 9749 18d8 64       		.sleb128 -28
 9750 18d9 1F       		.uleb128 0x1f
 9751 18da 01       		.uleb128 0x1
 9752 18db 52       		.byte	0x52
 9753 18dc 01       		.uleb128 0x1
 9754 18dd 32       		.byte	0x32
 9755 18de 1F       		.uleb128 0x1f
 9756 18df 01       		.uleb128 0x1
 9757 18e0 53       		.byte	0x53
 9758 18e1 02       		.uleb128 0x2
 9759 18e2 7D       		.byte	0x7d
 9760 18e3 00       		.sleb128 0
 9761 18e4 00       		.byte	0
 9762 18e5 00       		.byte	0
 9763 18e6 21       		.uleb128 0x21
 9764 18e7 E9070000 		.4byte	.LASF95
 9765 18eb 01       		.byte	0x1
 9766 18ec 9D02     		.2byte	0x29d
 9767 18ee 00000000 		.4byte	.LFB154
 9768 18f2 2C010000 		.4byte	.LFE154-.LFB154
 9769 18f6 01       		.uleb128 0x1
 9770 18f7 9C       		.byte	0x9c
 9771 18f8 831A0000 		.4byte	0x1a83
 9772 18fc 17       		.uleb128 0x17
 9773 18fd 6C7000   		.ascii	"lp\000"
 9774 1900 01       		.byte	0x1
 9775 1901 9D02     		.2byte	0x29d
 9776 1903 FE050000 		.4byte	0x5fe
 9777 1907 F20F0000 		.4byte	.LLST124
 9778 190b 17       		.uleb128 0x17
 9779 190c 7900     		.ascii	"y\000"
 9780 190e 01       		.byte	0x1
 9781 190f 9D02     		.2byte	0x29d
 9782 1911 25000000 		.4byte	0x25
 9783 1915 1E100000 		.4byte	.LLST125
 9784 1919 22       		.uleb128 0x22
 9785 191a 73070000 		.4byte	.LASF74
 9786 191e 01       		.byte	0x1
 9787 191f 9D02     		.2byte	0x29d
 9788 1921 25000000 		.4byte	0x25
 9789 1925 4C100000 		.4byte	.LLST126
ARM GAS  C:\Users\user\AppData\Local\Temp\ccoNEg7E.s 			page 203


 9790 1929 18       		.uleb128 0x18
 9791 192a 717300   		.ascii	"qs\000"
 9792 192d 01       		.byte	0x1
 9793 192e 9F02     		.2byte	0x29f
 9794 1930 25000000 		.4byte	0x25
 9795 1934 6F100000 		.4byte	.LLST127
 9796 1938 23       		.uleb128 0x23
 9797 1939 0B030000 		.4byte	.LASF75
 9798 193d 01       		.byte	0x1
 9799 193e A102     		.2byte	0x2a1
 9800 1940 25000000 		.4byte	0x25
 9801 1944 82100000 		.4byte	.LLST128
 9802 1948 24       		.uleb128 0x24
 9803 1949 81080000 		.4byte	.LASF76
 9804 194d 01       		.byte	0x1
 9805 194e A202     		.2byte	0x2a2
 9806 1950 E6000000 		.4byte	0xe6
 9807 1954 25       		.uleb128 0x25
 9808 1955 69070000 		.4byte	.LASF77
 9809 1959 01       		.byte	0x1
 9810 195a A402     		.2byte	0x2a4
 9811 195c E5030000 		.4byte	0x3e5
 9812 1960 02       		.uleb128 0x2
 9813 1961 91       		.byte	0x91
 9814 1962 6C       		.sleb128 -20
 9815 1963 25       		.uleb128 0x25
 9816 1964 F2030000 		.4byte	.LASF78
 9817 1968 01       		.byte	0x1
 9818 1969 A702     		.2byte	0x2a7
 9819 196b E5030000 		.4byte	0x3e5
 9820 196f 02       		.uleb128 0x2
 9821 1970 91       		.byte	0x91
 9822 1971 68       		.sleb128 -24
 9823 1972 25       		.uleb128 0x25
 9824 1973 8C050000 		.4byte	.LASF79
 9825 1977 01       		.byte	0x1
 9826 1978 AA02     		.2byte	0x2aa
 9827 197a E5030000 		.4byte	0x3e5
 9828 197e 02       		.uleb128 0x2
 9829 197f 91       		.byte	0x91
 9830 1980 64       		.sleb128 -28
 9831 1981 1B       		.uleb128 0x1b
 9832 1982 D0040000 		.4byte	0x4d0
 9833 1986 24000000 		.4byte	.LBB338
 9834 198a 2E000000 		.4byte	.LBE338-.LBB338
 9835 198e 01       		.byte	0x1
 9836 198f A202     		.2byte	0x2a2
 9837 1991 9F190000 		.4byte	0x199f
 9838 1995 1C       		.uleb128 0x1c
 9839 1996 E0040000 		.4byte	0x4e0
 9840 199a 95100000 		.4byte	.LLST129
 9841 199e 00       		.byte	0
 9842 199f 1B       		.uleb128 0x1b
 9843 19a0 D0040000 		.4byte	0x4d0
 9844 19a4 6E000000 		.4byte	.LBB340
 9845 19a8 2E000000 		.4byte	.LBE340-.LBB340
 9846 19ac 01       		.byte	0x1
ARM GAS  C:\Users\user\AppData\Local\Temp\ccoNEg7E.s 			page 204


 9847 19ad A802     		.2byte	0x2a8
 9848 19af BD190000 		.4byte	0x19bd
 9849 19b3 1C       		.uleb128 0x1c
 9850 19b4 E0040000 		.4byte	0x4e0
 9851 19b8 B3100000 		.4byte	.LLST130
 9852 19bc 00       		.byte	0
 9853 19bd 1B       		.uleb128 0x1b
 9854 19be D0040000 		.4byte	0x4d0
 9855 19c2 AC000000 		.4byte	.LBB342
 9856 19c6 2E000000 		.4byte	.LBE342-.LBB342
 9857 19ca 01       		.byte	0x1
 9858 19cb A902     		.2byte	0x2a9
 9859 19cd DB190000 		.4byte	0x19db
 9860 19d1 1C       		.uleb128 0x1c
 9861 19d2 E0040000 		.4byte	0x4e0
 9862 19d6 D1100000 		.4byte	.LLST131
 9863 19da 00       		.byte	0
 9864 19db 1B       		.uleb128 0x1b
 9865 19dc 9C040000 		.4byte	0x49c
 9866 19e0 EA000000 		.4byte	.LBB344
 9867 19e4 10000000 		.4byte	.LBE344-.LBB344
 9868 19e8 01       		.byte	0x1
 9869 19e9 AD02     		.2byte	0x2ad
 9870 19eb F9190000 		.4byte	0x19f9
 9871 19ef 1C       		.uleb128 0x1c
 9872 19f0 AC040000 		.4byte	0x4ac
 9873 19f4 EF100000 		.4byte	.LLST132
 9874 19f8 00       		.byte	0
 9875 19f9 1B       		.uleb128 0x1b
 9876 19fa 9C040000 		.4byte	0x49c
 9877 19fe 06010000 		.4byte	.LBB346
 9878 1a02 10000000 		.4byte	.LBE346-.LBB346
 9879 1a06 01       		.byte	0x1
 9880 1a07 AE02     		.2byte	0x2ae
 9881 1a09 171A0000 		.4byte	0x1a17
 9882 1a0d 1C       		.uleb128 0x1c
 9883 1a0e AC040000 		.4byte	0x4ac
 9884 1a12 03110000 		.4byte	.LLST133
 9885 1a16 00       		.byte	0
 9886 1a17 26       		.uleb128 0x26
 9887 1a18 14000000 		.4byte	.LVL491
 9888 1a1c 63170000 		.4byte	0x1763
 9889 1a20 3B1A0000 		.4byte	0x1a3b
 9890 1a24 1F       		.uleb128 0x1f
 9891 1a25 01       		.uleb128 0x1
 9892 1a26 50       		.byte	0x50
 9893 1a27 02       		.uleb128 0x2
 9894 1a28 74       		.byte	0x74
 9895 1a29 00       		.sleb128 0
 9896 1a2a 1F       		.uleb128 0x1f
 9897 1a2b 01       		.uleb128 0x1
 9898 1a2c 51       		.byte	0x51
 9899 1a2d 03       		.uleb128 0x3
 9900 1a2e 74       		.byte	0x74
 9901 1a2f 8801     		.sleb128 136
 9902 1a31 1F       		.uleb128 0x1f
 9903 1a32 01       		.uleb128 0x1
ARM GAS  C:\Users\user\AppData\Local\Temp\ccoNEg7E.s 			page 205


 9904 1a33 52       		.byte	0x52
 9905 1a34 05       		.uleb128 0x5
 9906 1a35 F3       		.byte	0xf3
 9907 1a36 03       		.uleb128 0x3
 9908 1a37 F5       		.byte	0xf5
 9909 1a38 02       		.uleb128 0x2
 9910 1a39 25       		.uleb128 0x25
 9911 1a3a 00       		.byte	0
 9912 1a3b 26       		.uleb128 0x26
 9913 1a3c 62000000 		.4byte	.LVL500
 9914 1a40 0F310000 		.4byte	0x310f
 9915 1a44 611A0000 		.4byte	0x1a61
 9916 1a48 1F       		.uleb128 0x1f
 9917 1a49 01       		.uleb128 0x1
 9918 1a4a 50       		.byte	0x50
 9919 1a4b 03       		.uleb128 0x3
 9920 1a4c 74       		.byte	0x74
 9921 1a4d 8602     		.sleb128 262
 9922 1a4f 1F       		.uleb128 0x1f
 9923 1a50 01       		.uleb128 0x1
 9924 1a51 52       		.byte	0x52
 9925 1a52 01       		.uleb128 0x1
 9926 1a53 30       		.byte	0x30
 9927 1a54 1F       		.uleb128 0x1f
 9928 1a55 01       		.uleb128 0x1
 9929 1a56 53       		.byte	0x53
 9930 1a57 02       		.uleb128 0x2
 9931 1a58 91       		.byte	0x91
 9932 1a59 6C       		.sleb128 -20
 9933 1a5a 1F       		.uleb128 0x1f
 9934 1a5b 02       		.uleb128 0x2
 9935 1a5c 7D       		.byte	0x7d
 9936 1a5d 00       		.sleb128 0
 9937 1a5e 01       		.uleb128 0x1
 9938 1a5f 32       		.byte	0x32
 9939 1a60 00       		.byte	0
 9940 1a61 1E       		.uleb128 0x1e
 9941 1a62 EA000000 		.4byte	.LVL515
 9942 1a66 1B310000 		.4byte	0x311b
 9943 1a6a 1F       		.uleb128 0x1f
 9944 1a6b 01       		.uleb128 0x1
 9945 1a6c 50       		.byte	0x50
 9946 1a6d 02       		.uleb128 0x2
 9947 1a6e 91       		.byte	0x91
 9948 1a6f 68       		.sleb128 -24
 9949 1a70 1F       		.uleb128 0x1f
 9950 1a71 01       		.uleb128 0x1
 9951 1a72 51       		.byte	0x51
 9952 1a73 02       		.uleb128 0x2
 9953 1a74 91       		.byte	0x91
 9954 1a75 6C       		.sleb128 -20
 9955 1a76 1F       		.uleb128 0x1f
 9956 1a77 01       		.uleb128 0x1
 9957 1a78 52       		.byte	0x52
 9958 1a79 02       		.uleb128 0x2
 9959 1a7a 91       		.byte	0x91
 9960 1a7b 64       		.sleb128 -28
ARM GAS  C:\Users\user\AppData\Local\Temp\ccoNEg7E.s 			page 206


 9961 1a7c 1F       		.uleb128 0x1f
 9962 1a7d 01       		.uleb128 0x1
 9963 1a7e 53       		.byte	0x53
 9964 1a7f 01       		.uleb128 0x1
 9965 1a80 32       		.byte	0x32
 9966 1a81 00       		.byte	0
 9967 1a82 00       		.byte	0
 9968 1a83 21       		.uleb128 0x21
 9969 1a84 4E080000 		.4byte	.LASF96
 9970 1a88 01       		.byte	0x1
 9971 1a89 5D02     		.2byte	0x25d
 9972 1a8b 00000000 		.4byte	.LFB151
 9973 1a8f 94010000 		.4byte	.LFE151-.LFB151
 9974 1a93 01       		.uleb128 0x1
 9975 1a94 9C       		.byte	0x9c
 9976 1a95 A81C0000 		.4byte	0x1ca8
 9977 1a99 17       		.uleb128 0x17
 9978 1a9a 6C7000   		.ascii	"lp\000"
 9979 1a9d 01       		.byte	0x1
 9980 1a9e 5D02     		.2byte	0x25d
 9981 1aa0 FE050000 		.4byte	0x5fe
 9982 1aa4 17110000 		.4byte	.LLST134
 9983 1aa8 17       		.uleb128 0x17
 9984 1aa9 7800     		.ascii	"x\000"
 9985 1aab 01       		.byte	0x1
 9986 1aac 5D02     		.2byte	0x25d
 9987 1aae 53070000 		.4byte	0x753
 9988 1ab2 43110000 		.4byte	.LLST135
 9989 1ab6 17       		.uleb128 0x17
 9990 1ab7 7500     		.ascii	"u\000"
 9991 1ab9 01       		.byte	0x1
 9992 1aba 5D02     		.2byte	0x25d
 9993 1abc 25000000 		.4byte	0x25
 9994 1ac0 6F110000 		.4byte	.LLST136
 9995 1ac4 17       		.uleb128 0x17
 9996 1ac5 7A00     		.ascii	"z\000"
 9997 1ac7 01       		.byte	0x1
 9998 1ac8 5D02     		.2byte	0x25d
 9999 1aca 21050000 		.4byte	0x521
 10000 1ace 9D110000 		.4byte	.LLST137
 10001 1ad2 18       		.uleb128 0x18
 10002 1ad3 717300   		.ascii	"qs\000"
 10003 1ad6 01       		.byte	0x1
 10004 1ad7 5F02     		.2byte	0x25f
 10005 1ad9 25000000 		.4byte	0x25
 10006 1add C9110000 		.4byte	.LLST138
 10007 1ae1 19       		.uleb128 0x19
 10008 1ae2 787100   		.ascii	"xq\000"
 10009 1ae5 01       		.byte	0x1
 10010 1ae6 6002     		.2byte	0x260
 10011 1ae8 E5030000 		.4byte	0x3e5
 10012 1aec 02       		.uleb128 0x2
 10013 1aed 91       		.byte	0x91
 10014 1aee 5C       		.sleb128 -36
 10015 1aef 19       		.uleb128 0x19
 10016 1af0 42757100 		.ascii	"Buq\000"
 10017 1af4 01       		.byte	0x1
ARM GAS  C:\Users\user\AppData\Local\Temp\ccoNEg7E.s 			page 207


 10018 1af5 6002     		.2byte	0x260
 10019 1af7 E5030000 		.4byte	0x3e5
 10020 1afb 02       		.uleb128 0x2
 10021 1afc 91       		.byte	0x91
 10022 1afd 58       		.sleb128 -40
 10023 1afe 25       		.uleb128 0x25
 10024 1aff 4D010000 		.4byte	.LASF94
 10025 1b03 01       		.byte	0x1
 10026 1b04 6102     		.2byte	0x261
 10027 1b06 FE000000 		.4byte	0xfe
 10028 1b0a 02       		.uleb128 0x2
 10029 1b0b 91       		.byte	0x91
 10030 1b0c 54       		.sleb128 -44
 10031 1b0d 1A       		.uleb128 0x1a
 10032 1b0e 757100   		.ascii	"uq\000"
 10033 1b11 01       		.byte	0x1
 10034 1b12 6502     		.2byte	0x265
 10035 1b14 E6000000 		.4byte	0xe6
 10036 1b18 1A       		.uleb128 0x1a
 10037 1b19 41783000 		.ascii	"Ax0\000"
 10038 1b1d 01       		.byte	0x1
 10039 1b1e 6B02     		.2byte	0x26b
 10040 1b20 E6000000 		.4byte	0xe6
 10041 1b24 1A       		.uleb128 0x1a
 10042 1b25 41783100 		.ascii	"Ax1\000"
 10043 1b29 01       		.byte	0x1
 10044 1b2a 6F02     		.2byte	0x26f
 10045 1b2c E6000000 		.4byte	0xe6
 10046 1b30 1B       		.uleb128 0x1b
 10047 1b31 D0040000 		.4byte	0x4d0
 10048 1b35 1C000000 		.4byte	.LBB348
 10049 1b39 2E000000 		.4byte	.LBE348-.LBB348
 10050 1b3d 01       		.byte	0x1
 10051 1b3e 6302     		.2byte	0x263
 10052 1b40 4E1B0000 		.4byte	0x1b4e
 10053 1b44 1C       		.uleb128 0x1c
 10054 1b45 E0040000 		.4byte	0x4e0
 10055 1b49 DC110000 		.4byte	.LLST139
 10056 1b4d 00       		.byte	0
 10057 1b4e 1B       		.uleb128 0x1b
 10058 1b4f D0040000 		.4byte	0x4d0
 10059 1b53 58000000 		.4byte	.LBB350
 10060 1b57 2E000000 		.4byte	.LBE350-.LBB350
 10061 1b5b 01       		.byte	0x1
 10062 1b5c 6402     		.2byte	0x264
 10063 1b5e 6C1B0000 		.4byte	0x1b6c
 10064 1b62 1C       		.uleb128 0x1c
 10065 1b63 E0040000 		.4byte	0x4e0
 10066 1b67 FA110000 		.4byte	.LLST140
 10067 1b6b 00       		.byte	0
 10068 1b6c 1B       		.uleb128 0x1b
 10069 1b6d D0040000 		.4byte	0x4d0
 10070 1b71 94000000 		.4byte	.LBB352
 10071 1b75 2E000000 		.4byte	.LBE352-.LBB352
 10072 1b79 01       		.byte	0x1
 10073 1b7a 6502     		.2byte	0x265
 10074 1b7c 8A1B0000 		.4byte	0x1b8a
ARM GAS  C:\Users\user\AppData\Local\Temp\ccoNEg7E.s 			page 208


 10075 1b80 1C       		.uleb128 0x1c
 10076 1b81 E0040000 		.4byte	0x4e0
 10077 1b85 18120000 		.4byte	.LLST141
 10078 1b89 00       		.byte	0
 10079 1b8a 1B       		.uleb128 0x1b
 10080 1b8b B6040000 		.4byte	0x4b6
 10081 1b8f E6000000 		.4byte	.LBB354
 10082 1b93 16000000 		.4byte	.LBE354-.LBB354
 10083 1b97 01       		.byte	0x1
 10084 1b98 6B02     		.2byte	0x26b
 10085 1b9a A81B0000 		.4byte	0x1ba8
 10086 1b9e 1C       		.uleb128 0x1c
 10087 1b9f C6040000 		.4byte	0x4c6
 10088 1ba3 36120000 		.4byte	.LLST142
 10089 1ba7 00       		.byte	0
 10090 1ba8 1B       		.uleb128 0x1b
 10091 1ba9 B6040000 		.4byte	0x4b6
 10092 1bad 02010000 		.4byte	.LBB356
 10093 1bb1 16000000 		.4byte	.LBE356-.LBB356
 10094 1bb5 01       		.byte	0x1
 10095 1bb6 6C02     		.2byte	0x26c
 10096 1bb8 C61B0000 		.4byte	0x1bc6
 10097 1bbc 1C       		.uleb128 0x1c
 10098 1bbd C6040000 		.4byte	0x4c6
 10099 1bc1 49120000 		.4byte	.LLST143
 10100 1bc5 00       		.byte	0
 10101 1bc6 1B       		.uleb128 0x1b
 10102 1bc7 9C040000 		.4byte	0x49c
 10103 1bcb 18010000 		.4byte	.LBB358
 10104 1bcf 0C000000 		.4byte	.LBE358-.LBB358
 10105 1bd3 01       		.byte	0x1
 10106 1bd4 6C02     		.2byte	0x26c
 10107 1bd6 E01B0000 		.4byte	0x1be0
 10108 1bda 1D       		.uleb128 0x1d
 10109 1bdb AC040000 		.4byte	0x4ac
 10110 1bdf 00       		.byte	0
 10111 1be0 1B       		.uleb128 0x1b
 10112 1be1 B6040000 		.4byte	0x4b6
 10113 1be5 42010000 		.4byte	.LBB360
 10114 1be9 16000000 		.4byte	.LBE360-.LBB360
 10115 1bed 01       		.byte	0x1
 10116 1bee 6F02     		.2byte	0x26f
 10117 1bf0 FE1B0000 		.4byte	0x1bfe
 10118 1bf4 1C       		.uleb128 0x1c
 10119 1bf5 C6040000 		.4byte	0x4c6
 10120 1bf9 5C120000 		.4byte	.LLST144
 10121 1bfd 00       		.byte	0
 10122 1bfe 1B       		.uleb128 0x1b
 10123 1bff B6040000 		.4byte	0x4b6
 10124 1c03 5E010000 		.4byte	.LBB362
 10125 1c07 16000000 		.4byte	.LBE362-.LBB362
 10126 1c0b 01       		.byte	0x1
 10127 1c0c 7002     		.2byte	0x270
 10128 1c0e 1C1C0000 		.4byte	0x1c1c
 10129 1c12 1C       		.uleb128 0x1c
 10130 1c13 C6040000 		.4byte	0x4c6
 10131 1c17 6F120000 		.4byte	.LLST145
ARM GAS  C:\Users\user\AppData\Local\Temp\ccoNEg7E.s 			page 209


 10132 1c1b 00       		.byte	0
 10133 1c1c 1B       		.uleb128 0x1b
 10134 1c1d 9C040000 		.4byte	0x49c
 10135 1c21 74010000 		.4byte	.LBB364
 10136 1c25 0C000000 		.4byte	.LBE364-.LBB364
 10137 1c29 01       		.byte	0x1
 10138 1c2a 7002     		.2byte	0x270
 10139 1c2c 361C0000 		.4byte	0x1c36
 10140 1c30 1D       		.uleb128 0x1d
 10141 1c31 AC040000 		.4byte	0x4ac
 10142 1c35 00       		.byte	0
 10143 1c36 26       		.uleb128 0x26
 10144 1c37 D2000000 		.4byte	.LVL549
 10145 1c3b 0F310000 		.4byte	0x310f
 10146 1c3f 5D1C0000 		.4byte	0x1c5d
 10147 1c43 1F       		.uleb128 0x1f
 10148 1c44 01       		.uleb128 0x1
 10149 1c45 50       		.byte	0x50
 10150 1c46 03       		.uleb128 0x3
 10151 1c47 76       		.byte	0x76
 10152 1c48 8002     		.sleb128 256
 10153 1c4a 1F       		.uleb128 0x1f
 10154 1c4b 01       		.uleb128 0x1
 10155 1c4c 52       		.byte	0x52
 10156 1c4d 01       		.uleb128 0x1
 10157 1c4e 30       		.byte	0x30
 10158 1c4f 1F       		.uleb128 0x1f
 10159 1c50 01       		.uleb128 0x1
 10160 1c51 53       		.byte	0x53
 10161 1c52 02       		.uleb128 0x2
 10162 1c53 91       		.byte	0x91
 10163 1c54 58       		.sleb128 -40
 10164 1c55 1F       		.uleb128 0x1f
 10165 1c56 02       		.uleb128 0x2
 10166 1c57 7D       		.byte	0x7d
 10167 1c58 00       		.sleb128 0
 10168 1c59 02       		.uleb128 0x2
 10169 1c5a 77       		.byte	0x77
 10170 1c5b 00       		.sleb128 0
 10171 1c5c 00       		.byte	0
 10172 1c5d 26       		.uleb128 0x26
 10173 1c5e E0000000 		.4byte	.LVL550
 10174 1c62 03310000 		.4byte	0x3103
 10175 1c66 841C0000 		.4byte	0x1c84
 10176 1c6a 1F       		.uleb128 0x1f
 10177 1c6b 01       		.uleb128 0x1
 10178 1c6c 50       		.byte	0x50
 10179 1c6d 03       		.uleb128 0x3
 10180 1c6e 76       		.byte	0x76
 10181 1c6f FC01     		.sleb128 252
 10182 1c71 1F       		.uleb128 0x1f
 10183 1c72 01       		.uleb128 0x1
 10184 1c73 51       		.byte	0x51
 10185 1c74 02       		.uleb128 0x2
 10186 1c75 91       		.byte	0x91
 10187 1c76 5C       		.sleb128 -36
 10188 1c77 1F       		.uleb128 0x1f
ARM GAS  C:\Users\user\AppData\Local\Temp\ccoNEg7E.s 			page 210


 10189 1c78 01       		.uleb128 0x1
 10190 1c79 52       		.byte	0x52
 10191 1c7a 02       		.uleb128 0x2
 10192 1c7b 77       		.byte	0x77
 10193 1c7c 00       		.sleb128 0
 10194 1c7d 1F       		.uleb128 0x1f
 10195 1c7e 01       		.uleb128 0x1
 10196 1c7f 53       		.byte	0x53
 10197 1c80 02       		.uleb128 0x2
 10198 1c81 91       		.byte	0x91
 10199 1c82 54       		.sleb128 -44
 10200 1c83 00       		.byte	0
 10201 1c84 1E       		.uleb128 0x1e
 10202 1c85 3C010000 		.4byte	.LVL558
 10203 1c89 03310000 		.4byte	0x3103
 10204 1c8d 1F       		.uleb128 0x1f
 10205 1c8e 01       		.uleb128 0x1
 10206 1c8f 50       		.byte	0x50
 10207 1c90 03       		.uleb128 0x3
 10208 1c91 76       		.byte	0x76
 10209 1c92 FE01     		.sleb128 254
 10210 1c94 1F       		.uleb128 0x1f
 10211 1c95 01       		.uleb128 0x1
 10212 1c96 51       		.byte	0x51
 10213 1c97 02       		.uleb128 0x2
 10214 1c98 91       		.byte	0x91
 10215 1c99 5C       		.sleb128 -36
 10216 1c9a 1F       		.uleb128 0x1f
 10217 1c9b 01       		.uleb128 0x1
 10218 1c9c 52       		.byte	0x52
 10219 1c9d 02       		.uleb128 0x2
 10220 1c9e 77       		.byte	0x77
 10221 1c9f 00       		.sleb128 0
 10222 1ca0 1F       		.uleb128 0x1f
 10223 1ca1 01       		.uleb128 0x1
 10224 1ca2 53       		.byte	0x53
 10225 1ca3 02       		.uleb128 0x2
 10226 1ca4 91       		.byte	0x91
 10227 1ca5 54       		.sleb128 -44
 10228 1ca6 00       		.byte	0
 10229 1ca7 00       		.byte	0
 10230 1ca8 21       		.uleb128 0x21
 10231 1ca9 5E050000 		.4byte	.LASF97
 10232 1cad 01       		.byte	0x1
 10233 1cae 8602     		.2byte	0x286
 10234 1cb0 00000000 		.4byte	.LFB153
 10235 1cb4 40010000 		.4byte	.LFE153-.LFB153
 10236 1cb8 01       		.uleb128 0x1
 10237 1cb9 9C       		.byte	0x9c
 10238 1cba 8D1E0000 		.4byte	0x1e8d
 10239 1cbe 17       		.uleb128 0x17
 10240 1cbf 6C7000   		.ascii	"lp\000"
 10241 1cc2 01       		.byte	0x1
 10242 1cc3 8602     		.2byte	0x286
 10243 1cc5 FE050000 		.4byte	0x5fe
 10244 1cc9 82120000 		.4byte	.LLST146
 10245 1ccd 17       		.uleb128 0x17
ARM GAS  C:\Users\user\AppData\Local\Temp\ccoNEg7E.s 			page 211


 10246 1cce 7900     		.ascii	"y\000"
 10247 1cd0 01       		.byte	0x1
 10248 1cd1 8602     		.2byte	0x286
 10249 1cd3 25000000 		.4byte	0x25
 10250 1cd7 AE120000 		.4byte	.LLST147
 10251 1cdb 22       		.uleb128 0x22
 10252 1cdc 73070000 		.4byte	.LASF74
 10253 1ce0 01       		.byte	0x1
 10254 1ce1 8602     		.2byte	0x286
 10255 1ce3 25000000 		.4byte	0x25
 10256 1ce7 DC120000 		.4byte	.LLST148
 10257 1ceb 17       		.uleb128 0x17
 10258 1cec 755F6B00 		.ascii	"u_k\000"
 10259 1cf0 01       		.byte	0x1
 10260 1cf1 8602     		.2byte	0x286
 10261 1cf3 25000000 		.4byte	0x25
 10262 1cf7 FF120000 		.4byte	.LLST149
 10263 1cfb 18       		.uleb128 0x18
 10264 1cfc 717300   		.ascii	"qs\000"
 10265 1cff 01       		.byte	0x1
 10266 1d00 8802     		.2byte	0x288
 10267 1d02 25000000 		.4byte	0x25
 10268 1d06 2D130000 		.4byte	.LLST150
 10269 1d0a 23       		.uleb128 0x23
 10270 1d0b 0B030000 		.4byte	.LASF75
 10271 1d0f 01       		.byte	0x1
 10272 1d10 8A02     		.2byte	0x28a
 10273 1d12 25000000 		.4byte	0x25
 10274 1d16 40130000 		.4byte	.LLST151
 10275 1d1a 24       		.uleb128 0x24
 10276 1d1b 81080000 		.4byte	.LASF76
 10277 1d1f 01       		.byte	0x1
 10278 1d20 8B02     		.2byte	0x28b
 10279 1d22 E6000000 		.4byte	0xe6
 10280 1d26 19       		.uleb128 0x19
 10281 1d27 7A00     		.ascii	"z\000"
 10282 1d29 01       		.byte	0x1
 10283 1d2a 8D02     		.2byte	0x28d
 10284 1d2c 85030000 		.4byte	0x385
 10285 1d30 02       		.uleb128 0x2
 10286 1d31 91       		.byte	0x91
 10287 1d32 60       		.sleb128 -32
 10288 1d33 25       		.uleb128 0x25
 10289 1d34 69070000 		.4byte	.LASF77
 10290 1d38 01       		.byte	0x1
 10291 1d39 9002     		.2byte	0x290
 10292 1d3b E5030000 		.4byte	0x3e5
 10293 1d3f 02       		.uleb128 0x2
 10294 1d40 91       		.byte	0x91
 10295 1d41 5C       		.sleb128 -36
 10296 1d42 19       		.uleb128 0x19
 10297 1d43 7A7100   		.ascii	"zq\000"
 10298 1d46 01       		.byte	0x1
 10299 1d47 9302     		.2byte	0x293
 10300 1d49 E5030000 		.4byte	0x3e5
 10301 1d4d 02       		.uleb128 0x2
 10302 1d4e 91       		.byte	0x91
ARM GAS  C:\Users\user\AppData\Local\Temp\ccoNEg7E.s 			page 212


 10303 1d4f 58       		.sleb128 -40
 10304 1d50 25       		.uleb128 0x25
 10305 1d51 8C050000 		.4byte	.LASF79
 10306 1d55 01       		.byte	0x1
 10307 1d56 9602     		.2byte	0x296
 10308 1d58 E5030000 		.4byte	0x3e5
 10309 1d5c 02       		.uleb128 0x2
 10310 1d5d 91       		.byte	0x91
 10311 1d5e 54       		.sleb128 -44
 10312 1d5f 1B       		.uleb128 0x1b
 10313 1d60 D0040000 		.4byte	0x4d0
 10314 1d64 2A000000 		.4byte	.LBB366
 10315 1d68 32000000 		.4byte	.LBE366-.LBB366
 10316 1d6c 01       		.byte	0x1
 10317 1d6d 8B02     		.2byte	0x28b
 10318 1d6f 7D1D0000 		.4byte	0x1d7d
 10319 1d73 1C       		.uleb128 0x1c
 10320 1d74 E0040000 		.4byte	0x4e0
 10321 1d78 53130000 		.4byte	.LLST152
 10322 1d7c 00       		.byte	0
 10323 1d7d 1B       		.uleb128 0x1b
 10324 1d7e D0040000 		.4byte	0x4d0
 10325 1d82 84000000 		.4byte	.LBB368
 10326 1d86 2E000000 		.4byte	.LBE368-.LBB368
 10327 1d8a 01       		.byte	0x1
 10328 1d8b 9402     		.2byte	0x294
 10329 1d8d 9B1D0000 		.4byte	0x1d9b
 10330 1d91 1C       		.uleb128 0x1c
 10331 1d92 E0040000 		.4byte	0x4e0
 10332 1d96 87130000 		.4byte	.LLST153
 10333 1d9a 00       		.byte	0
 10334 1d9b 1B       		.uleb128 0x1b
 10335 1d9c D0040000 		.4byte	0x4d0
 10336 1da0 C0000000 		.4byte	.LBB370
 10337 1da4 2E000000 		.4byte	.LBE370-.LBB370
 10338 1da8 01       		.byte	0x1
 10339 1da9 9502     		.2byte	0x295
 10340 1dab B91D0000 		.4byte	0x1db9
 10341 1daf 1C       		.uleb128 0x1c
 10342 1db0 E0040000 		.4byte	0x4e0
 10343 1db4 A5130000 		.4byte	.LLST154
 10344 1db8 00       		.byte	0
 10345 1db9 1B       		.uleb128 0x1b
 10346 1dba 9C040000 		.4byte	0x49c
 10347 1dbe FE000000 		.4byte	.LBB372
 10348 1dc2 10000000 		.4byte	.LBE372-.LBB372
 10349 1dc6 01       		.byte	0x1
 10350 1dc7 9902     		.2byte	0x299
 10351 1dc9 D71D0000 		.4byte	0x1dd7
 10352 1dcd 1C       		.uleb128 0x1c
 10353 1dce AC040000 		.4byte	0x4ac
 10354 1dd2 C3130000 		.4byte	.LLST155
 10355 1dd6 00       		.byte	0
 10356 1dd7 1B       		.uleb128 0x1b
 10357 1dd8 9C040000 		.4byte	0x49c
 10358 1ddc 1A010000 		.4byte	.LBB374
 10359 1de0 10000000 		.4byte	.LBE374-.LBB374
ARM GAS  C:\Users\user\AppData\Local\Temp\ccoNEg7E.s 			page 213


 10360 1de4 01       		.byte	0x1
 10361 1de5 9A02     		.2byte	0x29a
 10362 1de7 F51D0000 		.4byte	0x1df5
 10363 1deb 1C       		.uleb128 0x1c
 10364 1dec AC040000 		.4byte	0x4ac
 10365 1df0 D7130000 		.4byte	.LLST156
 10366 1df4 00       		.byte	0
 10367 1df5 26       		.uleb128 0x26
 10368 1df6 1A000000 		.4byte	.LVL570
 10369 1dfa 63170000 		.4byte	0x1763
 10370 1dfe 181E0000 		.4byte	0x1e18
 10371 1e02 1F       		.uleb128 0x1f
 10372 1e03 01       		.uleb128 0x1
 10373 1e04 50       		.byte	0x50
 10374 1e05 02       		.uleb128 0x2
 10375 1e06 74       		.byte	0x74
 10376 1e07 00       		.sleb128 0
 10377 1e08 1F       		.uleb128 0x1f
 10378 1e09 01       		.uleb128 0x1
 10379 1e0a 51       		.byte	0x51
 10380 1e0b 02       		.uleb128 0x2
 10381 1e0c 76       		.byte	0x76
 10382 1e0d 00       		.sleb128 0
 10383 1e0e 1F       		.uleb128 0x1f
 10384 1e0f 01       		.uleb128 0x1
 10385 1e10 52       		.byte	0x52
 10386 1e11 05       		.uleb128 0x5
 10387 1e12 F3       		.byte	0xf3
 10388 1e13 03       		.uleb128 0x3
 10389 1e14 F5       		.byte	0xf5
 10390 1e15 02       		.uleb128 0x2
 10391 1e16 25       		.uleb128 0x25
 10392 1e17 00       		.byte	0
 10393 1e18 26       		.uleb128 0x26
 10394 1e19 68000000 		.4byte	.LVL583
 10395 1e1d 831A0000 		.4byte	0x1a83
 10396 1e21 3F1E0000 		.4byte	0x1e3f
 10397 1e25 1F       		.uleb128 0x1f
 10398 1e26 01       		.uleb128 0x1
 10399 1e27 50       		.byte	0x50
 10400 1e28 02       		.uleb128 0x2
 10401 1e29 74       		.byte	0x74
 10402 1e2a 00       		.sleb128 0
 10403 1e2b 1F       		.uleb128 0x1f
 10404 1e2c 01       		.uleb128 0x1
 10405 1e2d 51       		.byte	0x51
 10406 1e2e 02       		.uleb128 0x2
 10407 1e2f 76       		.byte	0x76
 10408 1e30 00       		.sleb128 0
 10409 1e31 1F       		.uleb128 0x1f
 10410 1e32 01       		.uleb128 0x1
 10411 1e33 52       		.byte	0x52
 10412 1e34 03       		.uleb128 0x3
 10413 1e35 F5       		.byte	0xf5
 10414 1e36 07       		.uleb128 0x7
 10415 1e37 25       		.uleb128 0x25
 10416 1e38 1F       		.uleb128 0x1f
ARM GAS  C:\Users\user\AppData\Local\Temp\ccoNEg7E.s 			page 214


 10417 1e39 01       		.uleb128 0x1
 10418 1e3a 53       		.byte	0x53
 10419 1e3b 02       		.uleb128 0x2
 10420 1e3c 91       		.byte	0x91
 10421 1e3d 60       		.sleb128 -32
 10422 1e3e 00       		.byte	0
 10423 1e3f 26       		.uleb128 0x26
 10424 1e40 7A000000 		.4byte	.LVL584
 10425 1e44 0F310000 		.4byte	0x310f
 10426 1e48 6B1E0000 		.4byte	0x1e6b
 10427 1e4c 1F       		.uleb128 0x1f
 10428 1e4d 01       		.uleb128 0x1
 10429 1e4e 50       		.byte	0x50
 10430 1e4f 03       		.uleb128 0x3
 10431 1e50 74       		.byte	0x74
 10432 1e51 8602     		.sleb128 262
 10433 1e53 1F       		.uleb128 0x1f
 10434 1e54 01       		.uleb128 0x1
 10435 1e55 51       		.byte	0x51
 10436 1e56 02       		.uleb128 0x2
 10437 1e57 78       		.byte	0x78
 10438 1e58 00       		.sleb128 0
 10439 1e59 1F       		.uleb128 0x1f
 10440 1e5a 01       		.uleb128 0x1
 10441 1e5b 52       		.byte	0x52
 10442 1e5c 01       		.uleb128 0x1
 10443 1e5d 30       		.byte	0x30
 10444 1e5e 1F       		.uleb128 0x1f
 10445 1e5f 01       		.uleb128 0x1
 10446 1e60 53       		.byte	0x53
 10447 1e61 02       		.uleb128 0x2
 10448 1e62 91       		.byte	0x91
 10449 1e63 5C       		.sleb128 -36
 10450 1e64 1F       		.uleb128 0x1f
 10451 1e65 02       		.uleb128 0x2
 10452 1e66 7D       		.byte	0x7d
 10453 1e67 00       		.sleb128 0
 10454 1e68 01       		.uleb128 0x1
 10455 1e69 32       		.byte	0x32
 10456 1e6a 00       		.byte	0
 10457 1e6b 1E       		.uleb128 0x1e
 10458 1e6c FE000000 		.4byte	.LVL599
 10459 1e70 1B310000 		.4byte	0x311b
 10460 1e74 1F       		.uleb128 0x1f
 10461 1e75 01       		.uleb128 0x1
 10462 1e76 50       		.byte	0x50
 10463 1e77 02       		.uleb128 0x2
 10464 1e78 91       		.byte	0x91
 10465 1e79 58       		.sleb128 -40
 10466 1e7a 1F       		.uleb128 0x1f
 10467 1e7b 01       		.uleb128 0x1
 10468 1e7c 51       		.byte	0x51
 10469 1e7d 02       		.uleb128 0x2
 10470 1e7e 91       		.byte	0x91
 10471 1e7f 5C       		.sleb128 -36
 10472 1e80 1F       		.uleb128 0x1f
 10473 1e81 01       		.uleb128 0x1
ARM GAS  C:\Users\user\AppData\Local\Temp\ccoNEg7E.s 			page 215


 10474 1e82 52       		.byte	0x52
 10475 1e83 02       		.uleb128 0x2
 10476 1e84 91       		.byte	0x91
 10477 1e85 54       		.sleb128 -44
 10478 1e86 1F       		.uleb128 0x1f
 10479 1e87 01       		.uleb128 0x1
 10480 1e88 53       		.byte	0x53
 10481 1e89 01       		.uleb128 0x1
 10482 1e8a 32       		.byte	0x32
 10483 1e8b 00       		.byte	0
 10484 1e8c 00       		.byte	0
 10485 1e8d 27       		.uleb128 0x27
 10486 1e8e 00000000 		.4byte	.LASF98
 10487 1e92 01       		.byte	0x1
 10488 1e93 B102     		.2byte	0x2b1
 10489 1e95 00000000 		.4byte	.LFB155
 10490 1e99 12000000 		.4byte	.LFE155-.LFB155
 10491 1e9d 01       		.uleb128 0x1
 10492 1e9e 9C       		.byte	0x9c
 10493 1e9f F11E0000 		.4byte	0x1ef1
 10494 1ea3 17       		.uleb128 0x17
 10495 1ea4 6C7000   		.ascii	"lp\000"
 10496 1ea7 01       		.byte	0x1
 10497 1ea8 B102     		.2byte	0x2b1
 10498 1eaa FE050000 		.4byte	0x5fe
 10499 1eae EB130000 		.4byte	.LLST157
 10500 1eb2 17       		.uleb128 0x17
 10501 1eb3 755F6B00 		.ascii	"u_k\000"
 10502 1eb7 01       		.byte	0x1
 10503 1eb8 B102     		.2byte	0x2b1
 10504 1eba 25000000 		.4byte	0x25
 10505 1ebe 0C140000 		.4byte	.LLST158
 10506 1ec2 1E       		.uleb128 0x1e
 10507 1ec3 10000000 		.4byte	.LVL610
 10508 1ec7 831A0000 		.4byte	0x1a83
 10509 1ecb 1F       		.uleb128 0x1f
 10510 1ecc 01       		.uleb128 0x1
 10511 1ecd 50       		.byte	0x50
 10512 1ece 03       		.uleb128 0x3
 10513 1ecf F3       		.byte	0xf3
 10514 1ed0 01       		.uleb128 0x1
 10515 1ed1 50       		.byte	0x50
 10516 1ed2 1F       		.uleb128 0x1f
 10517 1ed3 01       		.uleb128 0x1
 10518 1ed4 51       		.byte	0x51
 10519 1ed5 06       		.uleb128 0x6
 10520 1ed6 F3       		.byte	0xf3
 10521 1ed7 01       		.uleb128 0x1
 10522 1ed8 50       		.byte	0x50
 10523 1ed9 23       		.byte	0x23
 10524 1eda 8001     		.uleb128 0x80
 10525 1edc 1F       		.uleb128 0x1f
 10526 1edd 01       		.uleb128 0x1
 10527 1ede 52       		.byte	0x52
 10528 1edf 05       		.uleb128 0x5
 10529 1ee0 F3       		.byte	0xf3
 10530 1ee1 03       		.uleb128 0x3
ARM GAS  C:\Users\user\AppData\Local\Temp\ccoNEg7E.s 			page 216


 10531 1ee2 F5       		.byte	0xf5
 10532 1ee3 01       		.uleb128 0x1
 10533 1ee4 25       		.uleb128 0x25
 10534 1ee5 1F       		.uleb128 0x1f
 10535 1ee6 01       		.uleb128 0x1
 10536 1ee7 53       		.byte	0x53
 10537 1ee8 06       		.uleb128 0x6
 10538 1ee9 F3       		.byte	0xf3
 10539 1eea 01       		.uleb128 0x1
 10540 1eeb 50       		.byte	0x50
 10541 1eec 23       		.byte	0x23
 10542 1eed 8801     		.uleb128 0x88
 10543 1eef 00       		.byte	0
 10544 1ef0 00       		.byte	0
 10545 1ef1 16       		.uleb128 0x16
 10546 1ef2 FA040000 		.4byte	.LASF99
 10547 1ef6 01       		.byte	0x1
 10548 1ef7 7302     		.2byte	0x273
 10549 1ef9 25000000 		.4byte	0x25
 10550 1efd 00000000 		.4byte	.LFB152
 10551 1f01 38010000 		.4byte	.LFE152-.LFB152
 10552 1f05 01       		.uleb128 0x1
 10553 1f06 9C       		.byte	0x9c
 10554 1f07 4E200000 		.4byte	0x204e
 10555 1f0b 17       		.uleb128 0x17
 10556 1f0c 6C7000   		.ascii	"lp\000"
 10557 1f0f 01       		.byte	0x1
 10558 1f10 7302     		.2byte	0x273
 10559 1f12 FE050000 		.4byte	0x5fe
 10560 1f16 3A140000 		.4byte	.LLST159
 10561 1f1a 18       		.uleb128 0x18
 10562 1f1b 717300   		.ascii	"qs\000"
 10563 1f1e 01       		.byte	0x1
 10564 1f1f 7502     		.2byte	0x275
 10565 1f21 25000000 		.4byte	0x25
 10566 1f25 66140000 		.4byte	.LLST160
 10567 1f29 25       		.uleb128 0x25
 10568 1f2a 8C050000 		.4byte	.LASF79
 10569 1f2e 01       		.byte	0x1
 10570 1f2f 7602     		.2byte	0x276
 10571 1f31 E5030000 		.4byte	0x3e5
 10572 1f35 02       		.uleb128 0x2
 10573 1f36 91       		.byte	0x91
 10574 1f37 6C       		.sleb128 -20
 10575 1f38 25       		.uleb128 0x25
 10576 1f39 4D010000 		.4byte	.LASF94
 10577 1f3d 01       		.byte	0x1
 10578 1f3e 7702     		.2byte	0x277
 10579 1f40 FE000000 		.4byte	0xfe
 10580 1f44 02       		.uleb128 0x2
 10581 1f45 91       		.byte	0x91
 10582 1f46 68       		.sleb128 -24
 10583 1f47 1A       		.uleb128 0x1a
 10584 1f48 6B7800   		.ascii	"kx\000"
 10585 1f4b 01       		.byte	0x1
 10586 1f4c 7D02     		.2byte	0x27d
 10587 1f4e E6000000 		.4byte	0xe6
ARM GAS  C:\Users\user\AppData\Local\Temp\ccoNEg7E.s 			page 217


 10588 1f52 23       		.uleb128 0x23
 10589 1f53 9A020000 		.4byte	.LASF85
 10590 1f57 01       		.byte	0x1
 10591 1f58 7F02     		.2byte	0x27f
 10592 1f5a 25000000 		.4byte	0x25
 10593 1f5e 79140000 		.4byte	.LLST161
 10594 1f62 24       		.uleb128 0x24
 10595 1f63 C9020000 		.4byte	.LASF86
 10596 1f67 01       		.byte	0x1
 10597 1f68 8102     		.2byte	0x281
 10598 1f6a E6000000 		.4byte	0xe6
 10599 1f6e 1B       		.uleb128 0x1b
 10600 1f6f D0040000 		.4byte	0x4d0
 10601 1f73 16000000 		.4byte	.LBB376
 10602 1f77 2E000000 		.4byte	.LBE376-.LBB376
 10603 1f7b 01       		.byte	0x1
 10604 1f7c 7902     		.2byte	0x279
 10605 1f7e 8C1F0000 		.4byte	0x1f8c
 10606 1f82 1C       		.uleb128 0x1c
 10607 1f83 E0040000 		.4byte	0x4e0
 10608 1f87 8C140000 		.4byte	.LLST162
 10609 1f8b 00       		.byte	0
 10610 1f8c 1B       		.uleb128 0x1b
 10611 1f8d D0040000 		.4byte	0x4d0
 10612 1f91 54000000 		.4byte	.LBB378
 10613 1f95 2E000000 		.4byte	.LBE378-.LBB378
 10614 1f99 01       		.byte	0x1
 10615 1f9a 7A02     		.2byte	0x27a
 10616 1f9c AA1F0000 		.4byte	0x1faa
 10617 1fa0 1C       		.uleb128 0x1c
 10618 1fa1 E0040000 		.4byte	0x4e0
 10619 1fa5 AA140000 		.4byte	.LLST163
 10620 1fa9 00       		.byte	0
 10621 1faa 1B       		.uleb128 0x1b
 10622 1fab B6040000 		.4byte	0x4b6
 10623 1faf 9A000000 		.4byte	.LBB380
 10624 1fb3 16000000 		.4byte	.LBE380-.LBB380
 10625 1fb7 01       		.byte	0x1
 10626 1fb8 7D02     		.2byte	0x27d
 10627 1fba C81F0000 		.4byte	0x1fc8
 10628 1fbe 1C       		.uleb128 0x1c
 10629 1fbf C6040000 		.4byte	0x4c6
 10630 1fc3 C8140000 		.4byte	.LLST164
 10631 1fc7 00       		.byte	0
 10632 1fc8 1B       		.uleb128 0x1b
 10633 1fc9 D0040000 		.4byte	0x4d0
 10634 1fcd D6000000 		.4byte	.LBB382
 10635 1fd1 2E000000 		.4byte	.LBE382-.LBB382
 10636 1fd5 01       		.byte	0x1
 10637 1fd6 8102     		.2byte	0x281
 10638 1fd8 E61F0000 		.4byte	0x1fe6
 10639 1fdc 1C       		.uleb128 0x1c
 10640 1fdd E0040000 		.4byte	0x4e0
 10641 1fe1 DB140000 		.4byte	.LLST165
 10642 1fe5 00       		.byte	0
 10643 1fe6 1B       		.uleb128 0x1b
 10644 1fe7 B6040000 		.4byte	0x4b6
ARM GAS  C:\Users\user\AppData\Local\Temp\ccoNEg7E.s 			page 218


 10645 1feb 06010000 		.4byte	.LBB384
 10646 1fef 16000000 		.4byte	.LBE384-.LBB384
 10647 1ff3 01       		.byte	0x1
 10648 1ff4 8302     		.2byte	0x283
 10649 1ff6 04200000 		.4byte	0x2004
 10650 1ffa 1C       		.uleb128 0x1c
 10651 1ffb C6040000 		.4byte	0x4c6
 10652 1fff F9140000 		.4byte	.LLST166
 10653 2003 00       		.byte	0
 10654 2004 1B       		.uleb128 0x1b
 10655 2005 9C040000 		.4byte	0x49c
 10656 2009 1C010000 		.4byte	.LBB386
 10657 200d 0C000000 		.4byte	.LBE386-.LBB386
 10658 2011 01       		.byte	0x1
 10659 2012 8302     		.2byte	0x283
 10660 2014 1E200000 		.4byte	0x201e
 10661 2018 1D       		.uleb128 0x1d
 10662 2019 AC040000 		.4byte	0x4ac
 10663 201d 00       		.byte	0
 10664 201e 26       		.uleb128 0x26
 10665 201f 94000000 		.4byte	.LVL628
 10666 2023 03310000 		.4byte	0x3103
 10667 2027 44200000 		.4byte	0x2044
 10668 202b 1F       		.uleb128 0x1f
 10669 202c 01       		.uleb128 0x1
 10670 202d 50       		.byte	0x50
 10671 202e 03       		.uleb128 0x3
 10672 202f 74       		.byte	0x74
 10673 2030 8402     		.sleb128 260
 10674 2032 1F       		.uleb128 0x1f
 10675 2033 01       		.uleb128 0x1
 10676 2034 51       		.byte	0x51
 10677 2035 02       		.uleb128 0x2
 10678 2036 91       		.byte	0x91
 10679 2037 6C       		.sleb128 -20
 10680 2038 1F       		.uleb128 0x1f
 10681 2039 01       		.uleb128 0x1
 10682 203a 52       		.byte	0x52
 10683 203b 01       		.uleb128 0x1
 10684 203c 32       		.byte	0x32
 10685 203d 1F       		.uleb128 0x1f
 10686 203e 01       		.uleb128 0x1
 10687 203f 53       		.byte	0x53
 10688 2040 02       		.uleb128 0x2
 10689 2041 7D       		.byte	0x7d
 10690 2042 00       		.sleb128 0
 10691 2043 00       		.byte	0
 10692 2044 28       		.uleb128 0x28
 10693 2045 B6000000 		.4byte	.LVL631
 10694 2049 91050000 		.4byte	0x591
 10695 204d 00       		.byte	0
 10696 204e 16       		.uleb128 0x16
 10697 204f AE020000 		.4byte	.LASF100
 10698 2053 01       		.byte	0x1
 10699 2054 1A01     		.2byte	0x11a
 10700 2056 25000000 		.4byte	0x25
 10701 205a 00000000 		.4byte	.LFB132
ARM GAS  C:\Users\user\AppData\Local\Temp\ccoNEg7E.s 			page 219


 10702 205e 2A000000 		.4byte	.LFE132-.LFB132
 10703 2062 01       		.uleb128 0x1
 10704 2063 9C       		.byte	0x9c
 10705 2064 C6200000 		.4byte	0x20c6
 10706 2068 17       		.uleb128 0x17
 10707 2069 6C7000   		.ascii	"lp\000"
 10708 206c 01       		.byte	0x1
 10709 206d 1A01     		.2byte	0x11a
 10710 206f FE050000 		.4byte	0x5fe
 10711 2073 0C150000 		.4byte	.LLST167
 10712 2077 17       		.uleb128 0x17
 10713 2078 7800     		.ascii	"x\000"
 10714 207a 01       		.byte	0x1
 10715 207b 1A01     		.2byte	0x11a
 10716 207d 53070000 		.4byte	0x753
 10717 2081 2A150000 		.4byte	.LLST168
 10718 2085 17       		.uleb128 0x17
 10719 2086 7500     		.ascii	"u\000"
 10720 2088 01       		.byte	0x1
 10721 2089 1A01     		.2byte	0x11a
 10722 208b 25000000 		.4byte	0x25
 10723 208f 4B150000 		.4byte	.LLST169
 10724 2093 19       		.uleb128 0x19
 10725 2094 6F757400 		.ascii	"out\000"
 10726 2098 01       		.byte	0x1
 10727 2099 1C01     		.2byte	0x11c
 10728 209b 25000000 		.4byte	0x25
 10729 209f 02       		.uleb128 0x2
 10730 20a0 91       		.byte	0x91
 10731 20a1 6C       		.sleb128 -20
 10732 20a2 1E       		.uleb128 0x1e
 10733 20a3 18000000 		.4byte	.LVL650
 10734 20a7 27310000 		.4byte	0x3127
 10735 20ab 1F       		.uleb128 0x1f
 10736 20ac 01       		.uleb128 0x1
 10737 20ad 50       		.byte	0x50
 10738 20ae 03       		.uleb128 0x3
 10739 20af 74       		.byte	0x74
 10740 20b0 E000     		.sleb128 96
 10741 20b2 1F       		.uleb128 0x1f
 10742 20b3 01       		.uleb128 0x1
 10743 20b4 51       		.byte	0x51
 10744 20b5 03       		.uleb128 0x3
 10745 20b6 F3       		.byte	0xf3
 10746 20b7 01       		.uleb128 0x1
 10747 20b8 51       		.byte	0x51
 10748 20b9 1F       		.uleb128 0x1f
 10749 20ba 01       		.uleb128 0x1
 10750 20bb 52       		.byte	0x52
 10751 20bc 01       		.uleb128 0x1
 10752 20bd 32       		.byte	0x32
 10753 20be 1F       		.uleb128 0x1f
 10754 20bf 01       		.uleb128 0x1
 10755 20c0 53       		.byte	0x53
 10756 20c1 02       		.uleb128 0x2
 10757 20c2 91       		.byte	0x91
 10758 20c3 6C       		.sleb128 -20
ARM GAS  C:\Users\user\AppData\Local\Temp\ccoNEg7E.s 			page 220


 10759 20c4 00       		.byte	0
 10760 20c5 00       		.byte	0
 10761 20c6 21       		.uleb128 0x21
 10762 20c7 B1010000 		.4byte	.LASF101
 10763 20cb 01       		.byte	0x1
 10764 20cc 4201     		.2byte	0x142
 10765 20ce 00000000 		.4byte	.LFB136
 10766 20d2 3A000000 		.4byte	.LFE136-.LFB136
 10767 20d6 01       		.uleb128 0x1
 10768 20d7 9C       		.byte	0x9c
 10769 20d8 8E210000 		.4byte	0x218e
 10770 20dc 17       		.uleb128 0x17
 10771 20dd 6C7000   		.ascii	"lp\000"
 10772 20e0 01       		.byte	0x1
 10773 20e1 4201     		.2byte	0x142
 10774 20e3 FE050000 		.4byte	0x5fe
 10775 20e7 69150000 		.4byte	.LLST170
 10776 20eb 17       		.uleb128 0x17
 10777 20ec 7900     		.ascii	"y\000"
 10778 20ee 01       		.byte	0x1
 10779 20ef 4201     		.2byte	0x142
 10780 20f1 25000000 		.4byte	0x25
 10781 20f5 87150000 		.4byte	.LLST171
 10782 20f9 22       		.uleb128 0x22
 10783 20fa 73070000 		.4byte	.LASF74
 10784 20fe 01       		.byte	0x1
 10785 20ff 4201     		.2byte	0x142
 10786 2101 25000000 		.4byte	0x25
 10787 2105 A5150000 		.4byte	.LLST172
 10788 2109 23       		.uleb128 0x23
 10789 210a 0B030000 		.4byte	.LASF75
 10790 210e 01       		.byte	0x1
 10791 210f 4401     		.2byte	0x144
 10792 2111 25000000 		.4byte	0x25
 10793 2115 C8150000 		.4byte	.LLST173
 10794 2119 25       		.uleb128 0x25
 10795 211a 69070000 		.4byte	.LASF77
 10796 211e 01       		.byte	0x1
 10797 211f 4501     		.2byte	0x145
 10798 2121 85030000 		.4byte	0x385
 10799 2125 02       		.uleb128 0x2
 10800 2126 91       		.byte	0x91
 10801 2127 68       		.sleb128 -24
 10802 2128 26       		.uleb128 0x26
 10803 2129 12000000 		.4byte	.LVL655
 10804 212d 4E200000 		.4byte	0x204e
 10805 2131 4B210000 		.4byte	0x214b
 10806 2135 1F       		.uleb128 0x1f
 10807 2136 01       		.uleb128 0x1
 10808 2137 50       		.byte	0x50
 10809 2138 02       		.uleb128 0x2
 10810 2139 74       		.byte	0x74
 10811 213a 00       		.sleb128 0
 10812 213b 1F       		.uleb128 0x1f
 10813 213c 01       		.uleb128 0x1
 10814 213d 51       		.byte	0x51
 10815 213e 02       		.uleb128 0x2
ARM GAS  C:\Users\user\AppData\Local\Temp\ccoNEg7E.s 			page 221


 10816 213f 75       		.byte	0x75
 10817 2140 00       		.sleb128 0
 10818 2141 1F       		.uleb128 0x1f
 10819 2142 01       		.uleb128 0x1
 10820 2143 52       		.byte	0x52
 10821 2144 05       		.uleb128 0x5
 10822 2145 F3       		.byte	0xf3
 10823 2146 03       		.uleb128 0x3
 10824 2147 F5       		.byte	0xf5
 10825 2148 02       		.uleb128 0x2
 10826 2149 25       		.uleb128 0x25
 10827 214a 00       		.byte	0
 10828 214b 26       		.uleb128 0x26
 10829 214c 28000000 		.4byte	.LVL658
 10830 2150 33310000 		.4byte	0x3133
 10831 2154 6B210000 		.4byte	0x216b
 10832 2158 1F       		.uleb128 0x1f
 10833 2159 01       		.uleb128 0x1
 10834 215a 50       		.byte	0x50
 10835 215b 03       		.uleb128 0x3
 10836 215c 74       		.byte	0x74
 10837 215d EC00     		.sleb128 108
 10838 215f 1F       		.uleb128 0x1f
 10839 2160 01       		.uleb128 0x1
 10840 2161 52       		.byte	0x52
 10841 2162 02       		.uleb128 0x2
 10842 2163 7D       		.byte	0x7d
 10843 2164 00       		.sleb128 0
 10844 2165 1F       		.uleb128 0x1f
 10845 2166 01       		.uleb128 0x1
 10846 2167 53       		.byte	0x53
 10847 2168 01       		.uleb128 0x1
 10848 2169 32       		.byte	0x32
 10849 216a 00       		.byte	0
 10850 216b 1E       		.uleb128 0x1e
 10851 216c 36000000 		.4byte	.LVL659
 10852 2170 3F310000 		.4byte	0x313f
 10853 2174 1F       		.uleb128 0x1f
 10854 2175 01       		.uleb128 0x1
 10855 2176 50       		.byte	0x50
 10856 2177 02       		.uleb128 0x2
 10857 2178 75       		.byte	0x75
 10858 2179 00       		.sleb128 0
 10859 217a 1F       		.uleb128 0x1f
 10860 217b 01       		.uleb128 0x1
 10861 217c 51       		.byte	0x51
 10862 217d 02       		.uleb128 0x2
 10863 217e 7D       		.byte	0x7d
 10864 217f 00       		.sleb128 0
 10865 2180 1F       		.uleb128 0x1f
 10866 2181 01       		.uleb128 0x1
 10867 2182 52       		.byte	0x52
 10868 2183 03       		.uleb128 0x3
 10869 2184 74       		.byte	0x74
 10870 2185 8001     		.sleb128 128
 10871 2187 1F       		.uleb128 0x1f
 10872 2188 01       		.uleb128 0x1
ARM GAS  C:\Users\user\AppData\Local\Temp\ccoNEg7E.s 			page 222


 10873 2189 53       		.byte	0x53
 10874 218a 01       		.uleb128 0x1
 10875 218b 32       		.byte	0x32
 10876 218c 00       		.byte	0
 10877 218d 00       		.byte	0
 10878 218e 27       		.uleb128 0x27
 10879 218f 99080000 		.4byte	.LASF102
 10880 2193 01       		.byte	0x1
 10881 2194 C202     		.2byte	0x2c2
 10882 2196 00000000 		.4byte	.LFB157
 10883 219a 30000000 		.4byte	.LFE157-.LFB157
 10884 219e 01       		.uleb128 0x1
 10885 219f 9C       		.byte	0x9c
 10886 21a0 14220000 		.4byte	0x2214
 10887 21a4 17       		.uleb128 0x17
 10888 21a5 6C7000   		.ascii	"lp\000"
 10889 21a8 01       		.byte	0x1
 10890 21a9 C202     		.2byte	0x2c2
 10891 21ab FE050000 		.4byte	0x5fe
 10892 21af E6150000 		.4byte	.LLST174
 10893 21b3 17       		.uleb128 0x17
 10894 21b4 7900     		.ascii	"y\000"
 10895 21b6 01       		.byte	0x1
 10896 21b7 C202     		.2byte	0x2c2
 10897 21b9 25000000 		.4byte	0x25
 10898 21bd 52160000 		.4byte	.LLST175
 10899 21c1 22       		.uleb128 0x22
 10900 21c2 73070000 		.4byte	.LASF74
 10901 21c6 01       		.byte	0x1
 10902 21c7 C202     		.2byte	0x2c2
 10903 21c9 25000000 		.4byte	0x25
 10904 21cd C6160000 		.4byte	.LLST176
 10905 21d1 26       		.uleb128 0x26
 10906 21d2 16000000 		.4byte	.LVL661
 10907 21d6 5E070000 		.4byte	0x75e
 10908 21da F8210000 		.4byte	0x21f8
 10909 21de 1F       		.uleb128 0x1f
 10910 21df 01       		.uleb128 0x1
 10911 21e0 50       		.byte	0x50
 10912 21e1 03       		.uleb128 0x3
 10913 21e2 F3       		.byte	0xf3
 10914 21e3 01       		.uleb128 0x1
 10915 21e4 50       		.byte	0x50
 10916 21e5 1F       		.uleb128 0x1f
 10917 21e6 01       		.uleb128 0x1
 10918 21e7 51       		.byte	0x51
 10919 21e8 05       		.uleb128 0x5
 10920 21e9 F3       		.byte	0xf3
 10921 21ea 03       		.uleb128 0x3
 10922 21eb F5       		.byte	0xf5
 10923 21ec 01       		.uleb128 0x1
 10924 21ed 25       		.uleb128 0x25
 10925 21ee 1F       		.uleb128 0x1f
 10926 21ef 01       		.uleb128 0x1
 10927 21f0 52       		.byte	0x52
 10928 21f1 05       		.uleb128 0x5
 10929 21f2 F3       		.byte	0xf3
ARM GAS  C:\Users\user\AppData\Local\Temp\ccoNEg7E.s 			page 223


 10930 21f3 03       		.uleb128 0x3
 10931 21f4 F5       		.byte	0xf5
 10932 21f5 02       		.uleb128 0x2
 10933 21f6 25       		.uleb128 0x25
 10934 21f7 00       		.byte	0
 10935 21f8 28       		.uleb128 0x28
 10936 21f9 1C000000 		.4byte	.LVL663
 10937 21fd FB0F0000 		.4byte	0xffb
 10938 2201 28       		.uleb128 0x28
 10939 2202 22000000 		.4byte	.LVL665
 10940 2206 E6180000 		.4byte	0x18e6
 10941 220a 28       		.uleb128 0x28
 10942 220b 28000000 		.4byte	.LVL667
 10943 220f C6200000 		.4byte	0x20c6
 10944 2213 00       		.byte	0
 10945 2214 21       		.uleb128 0x21
 10946 2215 7D040000 		.4byte	.LASF103
 10947 2219 01       		.byte	0x1
 10948 221a 2201     		.2byte	0x122
 10949 221c 00000000 		.4byte	.LFB133
 10950 2220 48000000 		.4byte	.LFE133-.LFB133
 10951 2224 01       		.uleb128 0x1
 10952 2225 9C       		.byte	0x9c
 10953 2226 AC220000 		.4byte	0x22ac
 10954 222a 17       		.uleb128 0x17
 10955 222b 6C7000   		.ascii	"lp\000"
 10956 222e 01       		.byte	0x1
 10957 222f 2201     		.2byte	0x122
 10958 2231 FE050000 		.4byte	0x5fe
 10959 2235 3A170000 		.4byte	.LLST177
 10960 2239 17       		.uleb128 0x17
 10961 223a 7800     		.ascii	"x\000"
 10962 223c 01       		.byte	0x1
 10963 223d 2201     		.2byte	0x122
 10964 223f 53070000 		.4byte	0x753
 10965 2243 58170000 		.4byte	.LLST178
 10966 2247 17       		.uleb128 0x17
 10967 2248 7500     		.ascii	"u\000"
 10968 224a 01       		.byte	0x1
 10969 224b 2201     		.2byte	0x122
 10970 224d 25000000 		.4byte	0x25
 10971 2251 76170000 		.4byte	.LLST179
 10972 2255 17       		.uleb128 0x17
 10973 2256 7A00     		.ascii	"z\000"
 10974 2258 01       		.byte	0x1
 10975 2259 2201     		.2byte	0x122
 10976 225b 21050000 		.4byte	0x521
 10977 225f 94170000 		.4byte	.LLST180
 10978 2263 26       		.uleb128 0x26
 10979 2264 12000000 		.4byte	.LVL671
 10980 2268 27310000 		.4byte	0x3127
 10981 226c 89220000 		.4byte	0x2289
 10982 2270 1F       		.uleb128 0x1f
 10983 2271 01       		.uleb128 0x1
 10984 2272 50       		.byte	0x50
 10985 2273 03       		.uleb128 0x3
 10986 2274 75       		.byte	0x75
ARM GAS  C:\Users\user\AppData\Local\Temp\ccoNEg7E.s 			page 224


 10987 2275 C800     		.sleb128 72
 10988 2277 1F       		.uleb128 0x1f
 10989 2278 01       		.uleb128 0x1
 10990 2279 51       		.byte	0x51
 10991 227a 02       		.uleb128 0x2
 10992 227b 77       		.byte	0x77
 10993 227c 00       		.sleb128 0
 10994 227d 1F       		.uleb128 0x1f
 10995 227e 01       		.uleb128 0x1
 10996 227f 52       		.byte	0x52
 10997 2280 01       		.uleb128 0x1
 10998 2281 32       		.byte	0x32
 10999 2282 1F       		.uleb128 0x1f
 11000 2283 01       		.uleb128 0x1
 11001 2284 53       		.byte	0x53
 11002 2285 02       		.uleb128 0x2
 11003 2286 74       		.byte	0x74
 11004 2287 00       		.sleb128 0
 11005 2288 00       		.byte	0
 11006 2289 1E       		.uleb128 0x1e
 11007 228a 34000000 		.4byte	.LVL674
 11008 228e 27310000 		.4byte	0x3127
 11009 2292 1F       		.uleb128 0x1f
 11010 2293 01       		.uleb128 0x1
 11011 2294 50       		.byte	0x50
 11012 2295 03       		.uleb128 0x3
 11013 2296 75       		.byte	0x75
 11014 2297 D000     		.sleb128 80
 11015 2299 1F       		.uleb128 0x1f
 11016 229a 01       		.uleb128 0x1
 11017 229b 51       		.byte	0x51
 11018 229c 02       		.uleb128 0x2
 11019 229d 77       		.byte	0x77
 11020 229e 00       		.sleb128 0
 11021 229f 1F       		.uleb128 0x1f
 11022 22a0 01       		.uleb128 0x1
 11023 22a1 52       		.byte	0x52
 11024 22a2 01       		.uleb128 0x1
 11025 22a3 32       		.byte	0x32
 11026 22a4 1F       		.uleb128 0x1f
 11027 22a5 01       		.uleb128 0x1
 11028 22a6 53       		.byte	0x53
 11029 22a7 02       		.uleb128 0x2
 11030 22a8 74       		.byte	0x74
 11031 22a9 04       		.sleb128 4
 11032 22aa 00       		.byte	0
 11033 22ab 00       		.byte	0
 11034 22ac 21       		.uleb128 0x21
 11035 22ad 6C080000 		.4byte	.LASF104
 11036 22b1 01       		.byte	0x1
 11037 22b2 3801     		.2byte	0x138
 11038 22b4 00000000 		.4byte	.LFB135
 11039 22b8 48000000 		.4byte	.LFE135-.LFB135
 11040 22bc 01       		.uleb128 0x1
 11041 22bd 9C       		.byte	0x9c
 11042 22be BE230000 		.4byte	0x23be
 11043 22c2 17       		.uleb128 0x17
ARM GAS  C:\Users\user\AppData\Local\Temp\ccoNEg7E.s 			page 225


 11044 22c3 6C7000   		.ascii	"lp\000"
 11045 22c6 01       		.byte	0x1
 11046 22c7 3801     		.2byte	0x138
 11047 22c9 FE050000 		.4byte	0x5fe
 11048 22cd B2170000 		.4byte	.LLST181
 11049 22d1 17       		.uleb128 0x17
 11050 22d2 7900     		.ascii	"y\000"
 11051 22d4 01       		.byte	0x1
 11052 22d5 3801     		.2byte	0x138
 11053 22d7 25000000 		.4byte	0x25
 11054 22db D0170000 		.4byte	.LLST182
 11055 22df 22       		.uleb128 0x22
 11056 22e0 73070000 		.4byte	.LASF74
 11057 22e4 01       		.byte	0x1
 11058 22e5 3801     		.2byte	0x138
 11059 22e7 25000000 		.4byte	0x25
 11060 22eb FE170000 		.4byte	.LLST183
 11061 22ef 17       		.uleb128 0x17
 11062 22f0 755F6B00 		.ascii	"u_k\000"
 11063 22f4 01       		.byte	0x1
 11064 22f5 3801     		.2byte	0x138
 11065 22f7 25000000 		.4byte	0x25
 11066 22fb 21180000 		.4byte	.LLST184
 11067 22ff 23       		.uleb128 0x23
 11068 2300 0B030000 		.4byte	.LASF75
 11069 2304 01       		.byte	0x1
 11070 2305 3A01     		.2byte	0x13a
 11071 2307 25000000 		.4byte	0x25
 11072 230b 3F180000 		.4byte	.LLST185
 11073 230f 19       		.uleb128 0x19
 11074 2310 7A00     		.ascii	"z\000"
 11075 2312 01       		.byte	0x1
 11076 2313 3B01     		.2byte	0x13b
 11077 2315 85030000 		.4byte	0x385
 11078 2319 02       		.uleb128 0x2
 11079 231a 91       		.byte	0x91
 11080 231b 60       		.sleb128 -32
 11081 231c 25       		.uleb128 0x25
 11082 231d 69070000 		.4byte	.LASF77
 11083 2321 01       		.byte	0x1
 11084 2322 3B01     		.2byte	0x13b
 11085 2324 85030000 		.4byte	0x385
 11086 2328 02       		.uleb128 0x2
 11087 2329 91       		.byte	0x91
 11088 232a 58       		.sleb128 -40
 11089 232b 26       		.uleb128 0x26
 11090 232c 14000000 		.4byte	.LVL679
 11091 2330 4E200000 		.4byte	0x204e
 11092 2334 4E230000 		.4byte	0x234e
 11093 2338 1F       		.uleb128 0x1f
 11094 2339 01       		.uleb128 0x1
 11095 233a 50       		.byte	0x50
 11096 233b 02       		.uleb128 0x2
 11097 233c 75       		.byte	0x75
 11098 233d 00       		.sleb128 0
 11099 233e 1F       		.uleb128 0x1f
 11100 233f 01       		.uleb128 0x1
ARM GAS  C:\Users\user\AppData\Local\Temp\ccoNEg7E.s 			page 226


 11101 2340 51       		.byte	0x51
 11102 2341 02       		.uleb128 0x2
 11103 2342 74       		.byte	0x74
 11104 2343 00       		.sleb128 0
 11105 2344 1F       		.uleb128 0x1f
 11106 2345 01       		.uleb128 0x1
 11107 2346 52       		.byte	0x52
 11108 2347 05       		.uleb128 0x5
 11109 2348 F3       		.byte	0xf3
 11110 2349 03       		.uleb128 0x3
 11111 234a F5       		.byte	0xf5
 11112 234b 02       		.uleb128 0x2
 11113 234c 25       		.uleb128 0x25
 11114 234d 00       		.byte	0
 11115 234e 26       		.uleb128 0x26
 11116 234f 2A000000 		.4byte	.LVL683
 11117 2353 14220000 		.4byte	0x2214
 11118 2357 75230000 		.4byte	0x2375
 11119 235b 1F       		.uleb128 0x1f
 11120 235c 01       		.uleb128 0x1
 11121 235d 50       		.byte	0x50
 11122 235e 02       		.uleb128 0x2
 11123 235f 75       		.byte	0x75
 11124 2360 00       		.sleb128 0
 11125 2361 1F       		.uleb128 0x1f
 11126 2362 01       		.uleb128 0x1
 11127 2363 51       		.byte	0x51
 11128 2364 02       		.uleb128 0x2
 11129 2365 74       		.byte	0x74
 11130 2366 00       		.sleb128 0
 11131 2367 1F       		.uleb128 0x1f
 11132 2368 01       		.uleb128 0x1
 11133 2369 52       		.byte	0x52
 11134 236a 03       		.uleb128 0x3
 11135 236b F5       		.byte	0xf5
 11136 236c 07       		.uleb128 0x7
 11137 236d 25       		.uleb128 0x25
 11138 236e 1F       		.uleb128 0x1f
 11139 236f 01       		.uleb128 0x1
 11140 2370 53       		.byte	0x53
 11141 2371 02       		.uleb128 0x2
 11142 2372 91       		.byte	0x91
 11143 2373 60       		.sleb128 -32
 11144 2374 00       		.byte	0
 11145 2375 26       		.uleb128 0x26
 11146 2376 38000000 		.4byte	.LVL684
 11147 237a 33310000 		.4byte	0x3133
 11148 237e 9C230000 		.4byte	0x239c
 11149 2382 1F       		.uleb128 0x1f
 11150 2383 01       		.uleb128 0x1
 11151 2384 50       		.byte	0x50
 11152 2385 03       		.uleb128 0x3
 11153 2386 75       		.byte	0x75
 11154 2387 EC00     		.sleb128 108
 11155 2389 1F       		.uleb128 0x1f
 11156 238a 01       		.uleb128 0x1
 11157 238b 51       		.byte	0x51
ARM GAS  C:\Users\user\AppData\Local\Temp\ccoNEg7E.s 			page 227


 11158 238c 03       		.uleb128 0x3
 11159 238d F5       		.byte	0xf5
 11160 238e 06       		.uleb128 0x6
 11161 238f 25       		.uleb128 0x25
 11162 2390 1F       		.uleb128 0x1f
 11163 2391 01       		.uleb128 0x1
 11164 2392 52       		.byte	0x52
 11165 2393 02       		.uleb128 0x2
 11166 2394 7D       		.byte	0x7d
 11167 2395 00       		.sleb128 0
 11168 2396 1F       		.uleb128 0x1f
 11169 2397 01       		.uleb128 0x1
 11170 2398 53       		.byte	0x53
 11171 2399 01       		.uleb128 0x1
 11172 239a 32       		.byte	0x32
 11173 239b 00       		.byte	0
 11174 239c 1E       		.uleb128 0x1e
 11175 239d 44000000 		.4byte	.LVL685
 11176 23a1 3F310000 		.4byte	0x313f
 11177 23a5 1F       		.uleb128 0x1f
 11178 23a6 01       		.uleb128 0x1
 11179 23a7 50       		.byte	0x50
 11180 23a8 02       		.uleb128 0x2
 11181 23a9 91       		.byte	0x91
 11182 23aa 60       		.sleb128 -32
 11183 23ab 1F       		.uleb128 0x1f
 11184 23ac 01       		.uleb128 0x1
 11185 23ad 51       		.byte	0x51
 11186 23ae 02       		.uleb128 0x2
 11187 23af 7D       		.byte	0x7d
 11188 23b0 00       		.sleb128 0
 11189 23b1 1F       		.uleb128 0x1f
 11190 23b2 01       		.uleb128 0x1
 11191 23b3 52       		.byte	0x52
 11192 23b4 02       		.uleb128 0x2
 11193 23b5 74       		.byte	0x74
 11194 23b6 00       		.sleb128 0
 11195 23b7 1F       		.uleb128 0x1f
 11196 23b8 01       		.uleb128 0x1
 11197 23b9 53       		.byte	0x53
 11198 23ba 01       		.uleb128 0x1
 11199 23bb 32       		.byte	0x32
 11200 23bc 00       		.byte	0
 11201 23bd 00       		.byte	0
 11202 23be 27       		.uleb128 0x27
 11203 23bf 6D050000 		.4byte	.LASF105
 11204 23c3 01       		.byte	0x1
 11205 23c4 B902     		.2byte	0x2b9
 11206 23c6 00000000 		.4byte	.LFB156
 11207 23ca 30000000 		.4byte	.LFE156-.LFB156
 11208 23ce 01       		.uleb128 0x1
 11209 23cf 9C       		.byte	0x9c
 11210 23d0 5D240000 		.4byte	0x245d
 11211 23d4 17       		.uleb128 0x17
 11212 23d5 6C7000   		.ascii	"lp\000"
 11213 23d8 01       		.byte	0x1
 11214 23d9 B902     		.2byte	0x2b9
ARM GAS  C:\Users\user\AppData\Local\Temp\ccoNEg7E.s 			page 228


 11215 23db FE050000 		.4byte	0x5fe
 11216 23df 5D180000 		.4byte	.LLST186
 11217 23e3 17       		.uleb128 0x17
 11218 23e4 7900     		.ascii	"y\000"
 11219 23e6 01       		.byte	0x1
 11220 23e7 B902     		.2byte	0x2b9
 11221 23e9 25000000 		.4byte	0x25
 11222 23ed C9180000 		.4byte	.LLST187
 11223 23f1 22       		.uleb128 0x22
 11224 23f2 73070000 		.4byte	.LASF74
 11225 23f6 01       		.byte	0x1
 11226 23f7 B902     		.2byte	0x2b9
 11227 23f9 25000000 		.4byte	0x25
 11228 23fd 3D190000 		.4byte	.LLST188
 11229 2401 17       		.uleb128 0x17
 11230 2402 755F6B00 		.ascii	"u_k\000"
 11231 2406 01       		.byte	0x1
 11232 2407 B902     		.2byte	0x2b9
 11233 2409 25000000 		.4byte	0x25
 11234 240d B1190000 		.4byte	.LLST189
 11235 2411 26       		.uleb128 0x26
 11236 2412 16000000 		.4byte	.LVL687
 11237 2416 EC0A0000 		.4byte	0xaec
 11238 241a 41240000 		.4byte	0x2441
 11239 241e 1F       		.uleb128 0x1f
 11240 241f 01       		.uleb128 0x1
 11241 2420 50       		.byte	0x50
 11242 2421 03       		.uleb128 0x3
 11243 2422 F3       		.byte	0xf3
 11244 2423 01       		.uleb128 0x1
 11245 2424 50       		.byte	0x50
 11246 2425 1F       		.uleb128 0x1f
 11247 2426 01       		.uleb128 0x1
 11248 2427 51       		.byte	0x51
 11249 2428 05       		.uleb128 0x5
 11250 2429 F3       		.byte	0xf3
 11251 242a 03       		.uleb128 0x3
 11252 242b F5       		.byte	0xf5
 11253 242c 01       		.uleb128 0x1
 11254 242d 25       		.uleb128 0x25
 11255 242e 1F       		.uleb128 0x1f
 11256 242f 01       		.uleb128 0x1
 11257 2430 52       		.byte	0x52
 11258 2431 05       		.uleb128 0x5
 11259 2432 F3       		.byte	0xf3
 11260 2433 03       		.uleb128 0x3
 11261 2434 F5       		.byte	0xf5
 11262 2435 02       		.uleb128 0x2
 11263 2436 25       		.uleb128 0x25
 11264 2437 1F       		.uleb128 0x1f
 11265 2438 01       		.uleb128 0x1
 11266 2439 53       		.byte	0x53
 11267 243a 05       		.uleb128 0x5
 11268 243b F3       		.byte	0xf3
 11269 243c 03       		.uleb128 0x3
 11270 243d F5       		.byte	0xf5
 11271 243e 03       		.uleb128 0x3
ARM GAS  C:\Users\user\AppData\Local\Temp\ccoNEg7E.s 			page 229


 11272 243f 25       		.uleb128 0x25
 11273 2440 00       		.byte	0
 11274 2441 28       		.uleb128 0x28
 11275 2442 1C000000 		.4byte	.LVL689
 11276 2446 BD130000 		.4byte	0x13bd
 11277 244a 28       		.uleb128 0x28
 11278 244b 22000000 		.4byte	.LVL691
 11279 244f A81C0000 		.4byte	0x1ca8
 11280 2453 28       		.uleb128 0x28
 11281 2454 28000000 		.4byte	.LVL693
 11282 2458 AC220000 		.4byte	0x22ac
 11283 245c 00       		.byte	0
 11284 245d 27       		.uleb128 0x27
 11285 245e 60000000 		.4byte	.LASF106
 11286 2462 01       		.byte	0x1
 11287 2463 4B01     		.2byte	0x14b
 11288 2465 00000000 		.4byte	.LFB137
 11289 2469 12000000 		.4byte	.LFE137-.LFB137
 11290 246d 01       		.uleb128 0x1
 11291 246e 9C       		.byte	0x9c
 11292 246f C1240000 		.4byte	0x24c1
 11293 2473 17       		.uleb128 0x17
 11294 2474 6C7000   		.ascii	"lp\000"
 11295 2477 01       		.byte	0x1
 11296 2478 4B01     		.2byte	0x14b
 11297 247a FE050000 		.4byte	0x5fe
 11298 247e 251A0000 		.4byte	.LLST190
 11299 2482 17       		.uleb128 0x17
 11300 2483 755F6B00 		.ascii	"u_k\000"
 11301 2487 01       		.byte	0x1
 11302 2488 4B01     		.2byte	0x14b
 11303 248a 25000000 		.4byte	0x25
 11304 248e 461A0000 		.4byte	.LLST191
 11305 2492 1E       		.uleb128 0x1e
 11306 2493 10000000 		.4byte	.LVL696
 11307 2497 14220000 		.4byte	0x2214
 11308 249b 1F       		.uleb128 0x1f
 11309 249c 01       		.uleb128 0x1
 11310 249d 50       		.byte	0x50
 11311 249e 03       		.uleb128 0x3
 11312 249f F3       		.byte	0xf3
 11313 24a0 01       		.uleb128 0x1
 11314 24a1 50       		.byte	0x50
 11315 24a2 1F       		.uleb128 0x1f
 11316 24a3 01       		.uleb128 0x1
 11317 24a4 51       		.byte	0x51
 11318 24a5 06       		.uleb128 0x6
 11319 24a6 F3       		.byte	0xf3
 11320 24a7 01       		.uleb128 0x1
 11321 24a8 50       		.byte	0x50
 11322 24a9 23       		.byte	0x23
 11323 24aa 8001     		.uleb128 0x80
 11324 24ac 1F       		.uleb128 0x1f
 11325 24ad 01       		.uleb128 0x1
 11326 24ae 52       		.byte	0x52
 11327 24af 05       		.uleb128 0x5
 11328 24b0 F3       		.byte	0xf3
ARM GAS  C:\Users\user\AppData\Local\Temp\ccoNEg7E.s 			page 230


 11329 24b1 03       		.uleb128 0x3
 11330 24b2 F5       		.byte	0xf5
 11331 24b3 01       		.uleb128 0x1
 11332 24b4 25       		.uleb128 0x25
 11333 24b5 1F       		.uleb128 0x1f
 11334 24b6 01       		.uleb128 0x1
 11335 24b7 53       		.byte	0x53
 11336 24b8 06       		.uleb128 0x6
 11337 24b9 F3       		.byte	0xf3
 11338 24ba 01       		.uleb128 0x1
 11339 24bb 50       		.byte	0x50
 11340 24bc 23       		.byte	0x23
 11341 24bd 8801     		.uleb128 0x88
 11342 24bf 00       		.byte	0
 11343 24c0 00       		.byte	0
 11344 24c1 27       		.uleb128 0x27
 11345 24c2 A9080000 		.4byte	.LASF107
 11346 24c6 01       		.byte	0x1
 11347 24c7 CB02     		.2byte	0x2cb
 11348 24c9 00000000 		.4byte	.LFB158
 11349 24cd 30000000 		.4byte	.LFE158-.LFB158
 11350 24d1 01       		.uleb128 0x1
 11351 24d2 9C       		.byte	0x9c
 11352 24d3 30250000 		.4byte	0x2530
 11353 24d7 17       		.uleb128 0x17
 11354 24d8 6C7000   		.ascii	"lp\000"
 11355 24db 01       		.byte	0x1
 11356 24dc CB02     		.2byte	0x2cb
 11357 24de FE050000 		.4byte	0x5fe
 11358 24e2 741A0000 		.4byte	.LLST192
 11359 24e6 17       		.uleb128 0x17
 11360 24e7 755F6B00 		.ascii	"u_k\000"
 11361 24eb 01       		.byte	0x1
 11362 24ec CB02     		.2byte	0x2cb
 11363 24ee 25000000 		.4byte	0x25
 11364 24f2 E01A0000 		.4byte	.LLST193
 11365 24f6 26       		.uleb128 0x26
 11366 24f7 16000000 		.4byte	.LVL698
 11367 24fb D10C0000 		.4byte	0xcd1
 11368 24ff 14250000 		.4byte	0x2514
 11369 2503 1F       		.uleb128 0x1f
 11370 2504 01       		.uleb128 0x1
 11371 2505 50       		.byte	0x50
 11372 2506 03       		.uleb128 0x3
 11373 2507 F3       		.byte	0xf3
 11374 2508 01       		.uleb128 0x1
 11375 2509 50       		.byte	0x50
 11376 250a 1F       		.uleb128 0x1f
 11377 250b 01       		.uleb128 0x1
 11378 250c 51       		.byte	0x51
 11379 250d 05       		.uleb128 0x5
 11380 250e F3       		.byte	0xf3
 11381 250f 03       		.uleb128 0x3
 11382 2510 F5       		.byte	0xf5
 11383 2511 01       		.uleb128 0x1
 11384 2512 25       		.uleb128 0x25
 11385 2513 00       		.byte	0
ARM GAS  C:\Users\user\AppData\Local\Temp\ccoNEg7E.s 			page 231


 11386 2514 28       		.uleb128 0x28
 11387 2515 1C000000 		.4byte	.LVL700
 11388 2519 A2150000 		.4byte	0x15a2
 11389 251d 28       		.uleb128 0x28
 11390 251e 22000000 		.4byte	.LVL702
 11391 2522 8D1E0000 		.4byte	0x1e8d
 11392 2526 28       		.uleb128 0x28
 11393 2527 28000000 		.4byte	.LVL704
 11394 252b 5D240000 		.4byte	0x245d
 11395 252f 00       		.byte	0
 11396 2530 16       		.uleb128 0x16
 11397 2531 91040000 		.4byte	.LASF108
 11398 2535 01       		.byte	0x1
 11399 2536 2B01     		.2byte	0x12b
 11400 2538 25000000 		.4byte	0x25
 11401 253c 00000000 		.4byte	.LFB134
 11402 2540 42000000 		.4byte	.LFE134-.LFB134
 11403 2544 01       		.uleb128 0x1
 11404 2545 9C       		.byte	0x9c
 11405 2546 A8250000 		.4byte	0x25a8
 11406 254a 17       		.uleb128 0x17
 11407 254b 6C7000   		.ascii	"lp\000"
 11408 254e 01       		.byte	0x1
 11409 254f 2B01     		.2byte	0x12b
 11410 2551 FE050000 		.4byte	0x5fe
 11411 2555 541B0000 		.4byte	.LLST194
 11412 2559 19       		.uleb128 0x19
 11413 255a 6B7800   		.ascii	"kx\000"
 11414 255d 01       		.byte	0x1
 11415 255e 2D01     		.2byte	0x12d
 11416 2560 25000000 		.4byte	0x25
 11417 2564 02       		.uleb128 0x2
 11418 2565 91       		.byte	0x91
 11419 2566 74       		.sleb128 -12
 11420 2567 23       		.uleb128 0x23
 11421 2568 40080000 		.4byte	.LASF109
 11422 256c 01       		.byte	0x1
 11423 256d 2F01     		.2byte	0x12f
 11424 256f 25000000 		.4byte	0x25
 11425 2573 721B0000 		.4byte	.LLST195
 11426 2577 26       		.uleb128 0x26
 11427 2578 1A000000 		.4byte	.LVL707
 11428 257c 27310000 		.4byte	0x3127
 11429 2580 9E250000 		.4byte	0x259e
 11430 2584 1F       		.uleb128 0x1f
 11431 2585 01       		.uleb128 0x1
 11432 2586 50       		.byte	0x50
 11433 2587 03       		.uleb128 0x3
 11434 2588 74       		.byte	0x74
 11435 2589 F400     		.sleb128 116
 11436 258b 1F       		.uleb128 0x1f
 11437 258c 01       		.uleb128 0x1
 11438 258d 51       		.byte	0x51
 11439 258e 03       		.uleb128 0x3
 11440 258f 74       		.byte	0x74
 11441 2590 8001     		.sleb128 128
 11442 2592 1F       		.uleb128 0x1f
ARM GAS  C:\Users\user\AppData\Local\Temp\ccoNEg7E.s 			page 232


 11443 2593 01       		.uleb128 0x1
 11444 2594 52       		.byte	0x52
 11445 2595 01       		.uleb128 0x1
 11446 2596 32       		.byte	0x32
 11447 2597 1F       		.uleb128 0x1f
 11448 2598 01       		.uleb128 0x1
 11449 2599 53       		.byte	0x53
 11450 259a 02       		.uleb128 0x2
 11451 259b 91       		.byte	0x91
 11452 259c 74       		.sleb128 -12
 11453 259d 00       		.byte	0
 11454 259e 28       		.uleb128 0x28
 11455 259f 20000000 		.4byte	.LVL708
 11456 25a3 91050000 		.4byte	0x591
 11457 25a7 00       		.byte	0
 11458 25a8 29       		.uleb128 0x29
 11459 25a9 68040000 		.4byte	.LASF110
 11460 25ad 01       		.byte	0x1
 11461 25ae D402     		.2byte	0x2d4
 11462 25b0 25000000 		.4byte	0x25
 11463 25b4 00000000 		.4byte	.LFB159
 11464 25b8 30000000 		.4byte	.LFE159-.LFB159
 11465 25bc 01       		.uleb128 0x1
 11466 25bd 9C       		.byte	0x9c
 11467 25be 02260000 		.4byte	0x2602
 11468 25c2 17       		.uleb128 0x17
 11469 25c3 6C7000   		.ascii	"lp\000"
 11470 25c6 01       		.byte	0x1
 11471 25c7 D402     		.2byte	0x2d4
 11472 25c9 FE050000 		.4byte	0x5fe
 11473 25cd 851B0000 		.4byte	.LLST196
 11474 25d1 26       		.uleb128 0x26
 11475 25d2 16000000 		.4byte	.LVL713
 11476 25d6 350D0000 		.4byte	0xd35
 11477 25da E6250000 		.4byte	0x25e6
 11478 25de 1F       		.uleb128 0x1f
 11479 25df 01       		.uleb128 0x1
 11480 25e0 50       		.byte	0x50
 11481 25e1 03       		.uleb128 0x3
 11482 25e2 F3       		.byte	0xf3
 11483 25e3 01       		.uleb128 0x1
 11484 25e4 50       		.byte	0x50
 11485 25e5 00       		.byte	0
 11486 25e6 28       		.uleb128 0x28
 11487 25e7 1C000000 		.4byte	.LVL715
 11488 25eb 06160000 		.4byte	0x1606
 11489 25ef 28       		.uleb128 0x28
 11490 25f0 22000000 		.4byte	.LVL717
 11491 25f4 F11E0000 		.4byte	0x1ef1
 11492 25f8 28       		.uleb128 0x28
 11493 25f9 28000000 		.4byte	.LVL719
 11494 25fd 30250000 		.4byte	0x2530
 11495 2601 00       		.byte	0
 11496 2602 16       		.uleb128 0x16
 11497 2603 F1040000 		.4byte	.LASF111
 11498 2607 01       		.byte	0x1
 11499 2608 E702     		.2byte	0x2e7
ARM GAS  C:\Users\user\AppData\Local\Temp\ccoNEg7E.s 			page 233


 11500 260a 25000000 		.4byte	0x25
 11501 260e 00000000 		.4byte	.LFB160
 11502 2612 F4010000 		.4byte	.LFE160-.LFB160
 11503 2616 01       		.uleb128 0x1
 11504 2617 9C       		.byte	0x9c
 11505 2618 3F280000 		.4byte	0x283f
 11506 261c 17       		.uleb128 0x17
 11507 261d 6C7000   		.ascii	"lp\000"
 11508 2620 01       		.byte	0x1
 11509 2621 E702     		.2byte	0x2e7
 11510 2623 FE050000 		.4byte	0x5fe
 11511 2627 F11B0000 		.4byte	.LLST197
 11512 262b 17       		.uleb128 0x17
 11513 262c 7900     		.ascii	"y\000"
 11514 262e 01       		.byte	0x1
 11515 262f E702     		.2byte	0x2e7
 11516 2631 25000000 		.4byte	0x25
 11517 2635 1D1C0000 		.4byte	.LLST198
 11518 2639 18       		.uleb128 0x18
 11519 263a 7500     		.ascii	"u\000"
 11520 263c 01       		.byte	0x1
 11521 263d E902     		.2byte	0x2e9
 11522 263f 25000000 		.4byte	0x25
 11523 2643 9D1C0000 		.4byte	.LLST199
 11524 2647 23       		.uleb128 0x23
 11525 2648 73070000 		.4byte	.LASF74
 11526 264c 01       		.byte	0x1
 11527 264d EA02     		.2byte	0x2ea
 11528 264f 25000000 		.4byte	0x25
 11529 2653 421D0000 		.4byte	.LLST200
 11530 2657 23       		.uleb128 0x23
 11531 2658 4E000000 		.4byte	.LASF112
 11532 265c 01       		.byte	0x1
 11533 265d EB02     		.2byte	0x2eb
 11534 265f 25000000 		.4byte	0x25
 11535 2663 601D0000 		.4byte	.LLST201
 11536 2667 2A       		.uleb128 0x2a
 11537 2668 72000000 		.4byte	.LBB388
 11538 266c 50000000 		.4byte	.LBE388-.LBB388
 11539 2670 F5260000 		.4byte	0x26f5
 11540 2674 18       		.uleb128 0x18
 11541 2675 6C6F00   		.ascii	"lo\000"
 11542 2678 01       		.byte	0x1
 11543 2679 FE02     		.2byte	0x2fe
 11544 267b 25000000 		.4byte	0x25
 11545 267f 941D0000 		.4byte	.LLST202
 11546 2683 18       		.uleb128 0x18
 11547 2684 686900   		.ascii	"hi\000"
 11548 2687 01       		.byte	0x1
 11549 2688 FE02     		.2byte	0x2fe
 11550 268a 25000000 		.4byte	0x25
 11551 268e A71D0000 		.4byte	.LLST203
 11552 2692 1B       		.uleb128 0x1b
 11553 2693 EA040000 		.4byte	0x4ea
 11554 2697 82000000 		.4byte	.LBB389
 11555 269b 34000000 		.4byte	.LBE389-.LBB389
 11556 269f 01       		.byte	0x1
ARM GAS  C:\Users\user\AppData\Local\Temp\ccoNEg7E.s 			page 234


 11557 26a0 0203     		.2byte	0x302
 11558 26a2 D5260000 		.4byte	0x26d5
 11559 26a6 1C       		.uleb128 0x1c
 11560 26a7 00050000 		.4byte	0x500
 11561 26ab BA1D0000 		.4byte	.LLST204
 11562 26af 1C       		.uleb128 0x1c
 11563 26b0 F6040000 		.4byte	0x4f6
 11564 26b4 D21D0000 		.4byte	.LLST205
 11565 26b8 2B       		.uleb128 0x2b
 11566 26b9 82000000 		.4byte	.LBB390
 11567 26bd 34000000 		.4byte	.LBE390-.LBB390
 11568 26c1 2C       		.uleb128 0x2c
 11569 26c2 0A050000 		.4byte	0x50a
 11570 26c6 EA1D0000 		.4byte	.LLST206
 11571 26ca 2C       		.uleb128 0x2c
 11572 26cb 15050000 		.4byte	0x515
 11573 26cf FD1D0000 		.4byte	.LLST207
 11574 26d3 00       		.byte	0
 11575 26d4 00       		.byte	0
 11576 26d5 1E       		.uleb128 0x1e
 11577 26d6 C0000000 		.4byte	.LVL743
 11578 26da 27050000 		.4byte	0x527
 11579 26de 1F       		.uleb128 0x1f
 11580 26df 01       		.uleb128 0x1
 11581 26e0 50       		.byte	0x50
 11582 26e1 03       		.uleb128 0x3
 11583 26e2 F5       		.byte	0xf5
 11584 26e3 05       		.uleb128 0x5
 11585 26e4 25       		.uleb128 0x25
 11586 26e5 1F       		.uleb128 0x1f
 11587 26e6 01       		.uleb128 0x1
 11588 26e7 51       		.byte	0x51
 11589 26e8 03       		.uleb128 0x3
 11590 26e9 F5       		.byte	0xf5
 11591 26ea 08       		.uleb128 0x8
 11592 26eb 25       		.uleb128 0x25
 11593 26ec 1F       		.uleb128 0x1f
 11594 26ed 01       		.uleb128 0x1
 11595 26ee 52       		.byte	0x52
 11596 26ef 03       		.uleb128 0x3
 11597 26f0 F5       		.byte	0xf5
 11598 26f1 09       		.uleb128 0x9
 11599 26f2 25       		.uleb128 0x25
 11600 26f3 00       		.byte	0
 11601 26f4 00       		.byte	0
 11602 26f5 2A       		.uleb128 0x2a
 11603 26f6 3A010000 		.4byte	.LBB391
 11604 26fa 4C000000 		.4byte	.LBE391-.LBB391
 11605 26fe 83270000 		.4byte	0x2783
 11606 2702 18       		.uleb128 0x18
 11607 2703 6C6F00   		.ascii	"lo\000"
 11608 2706 01       		.byte	0x1
 11609 2707 1A03     		.2byte	0x31a
 11610 2709 25000000 		.4byte	0x25
 11611 270d 101E0000 		.4byte	.LLST208
 11612 2711 18       		.uleb128 0x18
 11613 2712 686900   		.ascii	"hi\000"
ARM GAS  C:\Users\user\AppData\Local\Temp\ccoNEg7E.s 			page 235


 11614 2715 01       		.byte	0x1
 11615 2716 1A03     		.2byte	0x31a
 11616 2718 25000000 		.4byte	0x25
 11617 271c 231E0000 		.4byte	.LLST209
 11618 2720 1B       		.uleb128 0x1b
 11619 2721 EA040000 		.4byte	0x4ea
 11620 2725 46010000 		.4byte	.LBB392
 11621 2729 34000000 		.4byte	.LBE392-.LBB392
 11622 272d 01       		.byte	0x1
 11623 272e 1B03     		.2byte	0x31b
 11624 2730 63270000 		.4byte	0x2763
 11625 2734 1C       		.uleb128 0x1c
 11626 2735 00050000 		.4byte	0x500
 11627 2739 361E0000 		.4byte	.LLST210
 11628 273d 1C       		.uleb128 0x1c
 11629 273e F6040000 		.4byte	0x4f6
 11630 2742 4E1E0000 		.4byte	.LLST211
 11631 2746 2B       		.uleb128 0x2b
 11632 2747 46010000 		.4byte	.LBB393
 11633 274b 34000000 		.4byte	.LBE393-.LBB393
 11634 274f 2C       		.uleb128 0x2c
 11635 2750 0A050000 		.4byte	0x50a
 11636 2754 661E0000 		.4byte	.LLST212
 11637 2758 2C       		.uleb128 0x2c
 11638 2759 15050000 		.4byte	0x515
 11639 275d 791E0000 		.4byte	.LLST213
 11640 2761 00       		.byte	0
 11641 2762 00       		.byte	0
 11642 2763 1E       		.uleb128 0x1e
 11643 2764 84010000 		.4byte	.LVL768
 11644 2768 27050000 		.4byte	0x527
 11645 276c 1F       		.uleb128 0x1f
 11646 276d 01       		.uleb128 0x1
 11647 276e 50       		.byte	0x50
 11648 276f 03       		.uleb128 0x3
 11649 2770 F5       		.byte	0xf5
 11650 2771 05       		.uleb128 0x5
 11651 2772 25       		.uleb128 0x25
 11652 2773 1F       		.uleb128 0x1f
 11653 2774 01       		.uleb128 0x1
 11654 2775 51       		.byte	0x51
 11655 2776 03       		.uleb128 0x3
 11656 2777 F5       		.byte	0xf5
 11657 2778 06       		.uleb128 0x6
 11658 2779 25       		.uleb128 0x25
 11659 277a 1F       		.uleb128 0x1f
 11660 277b 01       		.uleb128 0x1
 11661 277c 52       		.byte	0x52
 11662 277d 03       		.uleb128 0x3
 11663 277e F5       		.byte	0xf5
 11664 277f 07       		.uleb128 0x7
 11665 2780 25       		.uleb128 0x25
 11666 2781 00       		.byte	0
 11667 2782 00       		.byte	0
 11668 2783 26       		.uleb128 0x26
 11669 2784 34000000 		.4byte	.LVL725
 11670 2788 B8050000 		.4byte	0x5b8
ARM GAS  C:\Users\user\AppData\Local\Temp\ccoNEg7E.s 			page 236


 11671 278c 97270000 		.4byte	0x2797
 11672 2790 1F       		.uleb128 0x1f
 11673 2791 01       		.uleb128 0x1
 11674 2792 50       		.byte	0x50
 11675 2793 02       		.uleb128 0x2
 11676 2794 74       		.byte	0x74
 11677 2795 00       		.sleb128 0
 11678 2796 00       		.byte	0
 11679 2797 28       		.uleb128 0x28
 11680 2798 50000000 		.4byte	.LVL729
 11681 279c 91050000 		.4byte	0x591
 11682 27a0 26       		.uleb128 0x26
 11683 27a1 70000000 		.4byte	.LVL732
 11684 27a5 A8250000 		.4byte	0x25a8
 11685 27a9 B4270000 		.4byte	0x27b4
 11686 27ad 1F       		.uleb128 0x1f
 11687 27ae 01       		.uleb128 0x1
 11688 27af 50       		.byte	0x50
 11689 27b0 02       		.uleb128 0x2
 11690 27b1 74       		.byte	0x74
 11691 27b2 00       		.sleb128 0
 11692 27b3 00       		.byte	0
 11693 27b4 28       		.uleb128 0x28
 11694 27b5 C8000000 		.4byte	.LVL746
 11695 27b9 91050000 		.4byte	0x591
 11696 27bd 26       		.uleb128 0x26
 11697 27be 00010000 		.4byte	.LVL751
 11698 27c2 BE230000 		.4byte	0x23be
 11699 27c6 E6270000 		.4byte	0x27e6
 11700 27ca 1F       		.uleb128 0x1f
 11701 27cb 01       		.uleb128 0x1
 11702 27cc 50       		.byte	0x50
 11703 27cd 02       		.uleb128 0x2
 11704 27ce 74       		.byte	0x74
 11705 27cf 00       		.sleb128 0
 11706 27d0 1F       		.uleb128 0x1f
 11707 27d1 01       		.uleb128 0x1
 11708 27d2 51       		.byte	0x51
 11709 27d3 03       		.uleb128 0x3
 11710 27d4 F5       		.byte	0xf5
 11711 27d5 06       		.uleb128 0x6
 11712 27d6 25       		.uleb128 0x25
 11713 27d7 1F       		.uleb128 0x1f
 11714 27d8 01       		.uleb128 0x1
 11715 27d9 52       		.byte	0x52
 11716 27da 03       		.uleb128 0x3
 11717 27db F5       		.byte	0xf5
 11718 27dc 07       		.uleb128 0x7
 11719 27dd 25       		.uleb128 0x25
 11720 27de 1F       		.uleb128 0x1f
 11721 27df 01       		.uleb128 0x1
 11722 27e0 53       		.byte	0x53
 11723 27e1 03       		.uleb128 0x3
 11724 27e2 F5       		.byte	0xf5
 11725 27e3 08       		.uleb128 0x8
 11726 27e4 25       		.uleb128 0x25
 11727 27e5 00       		.byte	0
ARM GAS  C:\Users\user\AppData\Local\Temp\ccoNEg7E.s 			page 237


 11728 27e6 26       		.uleb128 0x26
 11729 27e7 12010000 		.4byte	.LVL753
 11730 27eb 8E210000 		.4byte	0x218e
 11731 27ef 01280000 		.4byte	0x2801
 11732 27f3 1F       		.uleb128 0x1f
 11733 27f4 01       		.uleb128 0x1
 11734 27f5 50       		.byte	0x50
 11735 27f6 02       		.uleb128 0x2
 11736 27f7 74       		.byte	0x74
 11737 27f8 00       		.sleb128 0
 11738 27f9 1F       		.uleb128 0x1f
 11739 27fa 01       		.uleb128 0x1
 11740 27fb 52       		.byte	0x52
 11741 27fc 03       		.uleb128 0x3
 11742 27fd F5       		.byte	0xf5
 11743 27fe 07       		.uleb128 0x7
 11744 27ff 25       		.uleb128 0x25
 11745 2800 00       		.byte	0
 11746 2801 28       		.uleb128 0x28
 11747 2802 18010000 		.4byte	.LVL754
 11748 2806 91050000 		.4byte	0x591
 11749 280a 26       		.uleb128 0x26
 11750 280b 38010000 		.4byte	.LVL757
 11751 280f A8250000 		.4byte	0x25a8
 11752 2813 1E280000 		.4byte	0x281e
 11753 2817 1F       		.uleb128 0x1f
 11754 2818 01       		.uleb128 0x1
 11755 2819 50       		.byte	0x50
 11756 281a 02       		.uleb128 0x2
 11757 281b 74       		.byte	0x74
 11758 281c 00       		.sleb128 0
 11759 281d 00       		.byte	0
 11760 281e 28       		.uleb128 0x28
 11761 281f 8C010000 		.4byte	.LVL771
 11762 2823 91050000 		.4byte	0x591
 11763 2827 1E       		.uleb128 0x1e
 11764 2828 BE010000 		.4byte	.LVL776
 11765 282c C1240000 		.4byte	0x24c1
 11766 2830 1F       		.uleb128 0x1f
 11767 2831 01       		.uleb128 0x1
 11768 2832 50       		.byte	0x50
 11769 2833 02       		.uleb128 0x2
 11770 2834 74       		.byte	0x74
 11771 2835 00       		.sleb128 0
 11772 2836 1F       		.uleb128 0x1f
 11773 2837 01       		.uleb128 0x1
 11774 2838 51       		.byte	0x51
 11775 2839 03       		.uleb128 0x3
 11776 283a F5       		.byte	0xf5
 11777 283b 06       		.uleb128 0x6
 11778 283c 25       		.uleb128 0x25
 11779 283d 00       		.byte	0
 11780 283e 00       		.byte	0
 11781 283f 2D       		.uleb128 0x2d
 11782 2840 86030000 		.4byte	.LASF113
 11783 2844 01       		.byte	0x1
 11784 2845 3803     		.2byte	0x338
ARM GAS  C:\Users\user\AppData\Local\Temp\ccoNEg7E.s 			page 238


 11785 2847 00000000 		.4byte	.LFB161
 11786 284b 64000000 		.4byte	.LFE161-.LFB161
 11787 284f 01       		.uleb128 0x1
 11788 2850 9C       		.byte	0x9c
 11789 2851 83280000 		.4byte	0x2883
 11790 2855 18       		.uleb128 0x18
 11791 2856 7000     		.ascii	"p\000"
 11792 2858 01       		.byte	0x1
 11793 2859 3A03     		.2byte	0x33a
 11794 285b 22010000 		.4byte	0x122
 11795 285f 8C1E0000 		.4byte	.LLST214
 11796 2863 1E       		.uleb128 0x1e
 11797 2864 0E000000 		.4byte	.LVL782
 11798 2868 4B310000 		.4byte	0x314b
 11799 286c 1F       		.uleb128 0x1f
 11800 286d 01       		.uleb128 0x1
 11801 286e 50       		.byte	0x50
 11802 286f 05       		.uleb128 0x5
 11803 2870 03       		.byte	0x3
 11804 2871 04000000 		.4byte	.LANCHOR0+4
 11805 2875 1F       		.uleb128 0x1f
 11806 2876 01       		.uleb128 0x1
 11807 2877 51       		.byte	0x51
 11808 2878 01       		.uleb128 0x1
 11809 2879 30       		.byte	0x30
 11810 287a 1F       		.uleb128 0x1f
 11811 287b 01       		.uleb128 0x1
 11812 287c 52       		.byte	0x52
 11813 287d 03       		.uleb128 0x3
 11814 287e 0A       		.byte	0xa
 11815 287f 1802     		.2byte	0x218
 11816 2881 00       		.byte	0
 11817 2882 00       		.byte	0
 11818 2883 2D       		.uleb128 0x2d
 11819 2884 07020000 		.4byte	.LASF114
 11820 2888 01       		.byte	0x1
 11821 2889 4D03     		.2byte	0x34d
 11822 288b 00000000 		.4byte	.LFB162
 11823 288f 1C000000 		.4byte	.LFE162-.LFB162
 11824 2893 01       		.uleb128 0x1
 11825 2894 9C       		.byte	0x9c
 11826 2895 BA280000 		.4byte	0x28ba
 11827 2899 22       		.uleb128 0x22
 11828 289a 30080000 		.4byte	.LASF115
 11829 289e 01       		.byte	0x1
 11830 289f 4D03     		.2byte	0x34d
 11831 28a1 22010000 		.4byte	0x122
 11832 28a5 B61E0000 		.4byte	.LLST215
 11833 28a9 22       		.uleb128 0x22
 11834 28aa D9060000 		.4byte	.LASF32
 11835 28ae 01       		.byte	0x1
 11836 28af 4D03     		.2byte	0x34d
 11837 28b1 22010000 		.4byte	0x122
 11838 28b5 D71E0000 		.4byte	.LLST216
 11839 28b9 00       		.byte	0
 11840 28ba 2E       		.uleb128 0x2e
 11841 28bb 2B070000 		.4byte	.LASF116
ARM GAS  C:\Users\user\AppData\Local\Temp\ccoNEg7E.s 			page 239


 11842 28bf 01       		.byte	0x1
 11843 28c0 5A03     		.2byte	0x35a
 11844 28c2 00000000 		.4byte	.LFB163
 11845 28c6 EC040000 		.4byte	.LFE163-.LFB163
 11846 28ca 01       		.uleb128 0x1
 11847 28cb 9C       		.byte	0x9c
 11848 28cc 472C0000 		.4byte	0x2c47
 11849 28d0 22       		.uleb128 0x22
 11850 28d1 30080000 		.4byte	.LASF115
 11851 28d5 01       		.byte	0x1
 11852 28d6 5A03     		.2byte	0x35a
 11853 28d8 22010000 		.4byte	0x122
 11854 28dc F51E0000 		.4byte	.LLST217
 11855 28e0 17       		.uleb128 0x17
 11856 28e1 6300     		.ascii	"c\000"
 11857 28e3 01       		.byte	0x1
 11858 28e4 5A03     		.2byte	0x35a
 11859 28e6 53070000 		.4byte	0x753
 11860 28ea 211F0000 		.4byte	.LLST218
 11861 28ee 17       		.uleb128 0x17
 11862 28ef 6E00     		.ascii	"n\000"
 11863 28f1 01       		.byte	0x1
 11864 28f2 5A03     		.2byte	0x35a
 11865 28f4 2E010000 		.4byte	0x12e
 11866 28f8 8A1F0000 		.4byte	.LLST219
 11867 28fc 18       		.uleb128 0x18
 11868 28fd 6C7000   		.ascii	"lp\000"
 11869 2900 01       		.byte	0x1
 11870 2901 5F03     		.2byte	0x35f
 11871 2903 FE050000 		.4byte	0x5fe
 11872 2907 B61F0000 		.4byte	.LLST220
 11873 290b 2A       		.uleb128 0x2a
 11874 290c 20000000 		.4byte	.LBB394
 11875 2910 6A000000 		.4byte	.LBE394-.LBB394
 11876 2914 51290000 		.4byte	0x2951
 11877 2918 18       		.uleb128 0x18
 11878 2919 4E7600   		.ascii	"Nv\000"
 11879 291c 01       		.byte	0x1
 11880 291d 6303     		.2byte	0x363
 11881 291f 3A010000 		.4byte	0x13a
 11882 2923 1A200000 		.4byte	.LLST221
 11883 2927 18       		.uleb128 0x18
 11884 2928 667300   		.ascii	"fs\000"
 11885 292b 01       		.byte	0x1
 11886 292c 6703     		.2byte	0x367
 11887 292e 25000000 		.4byte	0x25
 11888 2932 38200000 		.4byte	.LLST222
 11889 2936 2B       		.uleb128 0x2b
 11890 2937 5C000000 		.4byte	.LBB395
 11891 293b 2E000000 		.4byte	.LBE395-.LBB395
 11892 293f 23       		.uleb128 0x23
 11893 2940 93000000 		.4byte	.LASF117
 11894 2944 01       		.byte	0x1
 11895 2945 6A03     		.2byte	0x36a
 11896 2947 3A010000 		.4byte	0x13a
 11897 294b 4B200000 		.4byte	.LLST223
 11898 294f 00       		.byte	0
ARM GAS  C:\Users\user\AppData\Local\Temp\ccoNEg7E.s 			page 240


 11899 2950 00       		.byte	0
 11900 2951 2F       		.uleb128 0x2f
 11901 2952 00000000 		.4byte	.Ldebug_ranges0+0
 11902 2956 8C290000 		.4byte	0x298c
 11903 295a 18       		.uleb128 0x18
 11904 295b 6900     		.ascii	"i\000"
 11905 295d 01       		.byte	0x1
 11906 295e 7D03     		.2byte	0x37d
 11907 2960 22010000 		.4byte	0x122
 11908 2964 6B200000 		.4byte	.LLST224
 11909 2968 18       		.uleb128 0x18
 11910 2969 613000   		.ascii	"a0\000"
 11911 296c 01       		.byte	0x1
 11912 296d 8203     		.2byte	0x382
 11913 296f 25000000 		.4byte	0x25
 11914 2973 94200000 		.4byte	.LLST225
 11915 2977 30       		.uleb128 0x30
 11916 2978 18000000 		.4byte	.Ldebug_ranges0+0x18
 11917 297c 18       		.uleb128 0x18
 11918 297d 6A00     		.ascii	"j\000"
 11919 297f 01       		.byte	0x1
 11920 2980 8403     		.2byte	0x384
 11921 2982 22010000 		.4byte	0x122
 11922 2986 A7200000 		.4byte	.LLST226
 11923 298a 00       		.byte	0
 11924 298b 00       		.byte	0
 11925 298c 1B       		.uleb128 0x1b
 11926 298d 34040000 		.4byte	0x434
 11927 2991 A8020000 		.4byte	.LBB400
 11928 2995 30000000 		.4byte	.LBE400-.LBB400
 11929 2999 01       		.byte	0x1
 11930 299a A403     		.2byte	0x3a4
 11931 299c AA290000 		.4byte	0x29aa
 11932 29a0 1C       		.uleb128 0x1c
 11933 29a1 44040000 		.4byte	0x444
 11934 29a5 E6200000 		.4byte	.LLST227
 11935 29a9 00       		.byte	0
 11936 29aa 1B       		.uleb128 0x1b
 11937 29ab 34040000 		.4byte	0x434
 11938 29af EA020000 		.4byte	.LBB402
 11939 29b3 4A000000 		.4byte	.LBE402-.LBB402
 11940 29b7 01       		.byte	0x1
 11941 29b8 A503     		.2byte	0x3a5
 11942 29ba C8290000 		.4byte	0x29c8
 11943 29be 1C       		.uleb128 0x1c
 11944 29bf 44040000 		.4byte	0x444
 11945 29c3 F9200000 		.4byte	.LLST228
 11946 29c7 00       		.byte	0
 11947 29c8 1B       		.uleb128 0x1b
 11948 29c9 82040000 		.4byte	0x482
 11949 29cd 8E030000 		.4byte	.LBB404
 11950 29d1 30000000 		.4byte	.LBE404-.LBB404
 11951 29d5 01       		.byte	0x1
 11952 29d6 AC03     		.2byte	0x3ac
 11953 29d8 E6290000 		.4byte	0x29e6
 11954 29dc 1C       		.uleb128 0x1c
 11955 29dd 92040000 		.4byte	0x492
ARM GAS  C:\Users\user\AppData\Local\Temp\ccoNEg7E.s 			page 241


 11956 29e1 0C210000 		.4byte	.LLST229
 11957 29e5 00       		.byte	0
 11958 29e6 1B       		.uleb128 0x1b
 11959 29e7 82040000 		.4byte	0x482
 11960 29eb D0030000 		.4byte	.LBB406
 11961 29ef 30000000 		.4byte	.LBE406-.LBB406
 11962 29f3 01       		.byte	0x1
 11963 29f4 AD03     		.2byte	0x3ad
 11964 29f6 042A0000 		.4byte	0x2a04
 11965 29fa 1C       		.uleb128 0x1c
 11966 29fb 92040000 		.4byte	0x492
 11967 29ff 1F210000 		.4byte	.LLST230
 11968 2a03 00       		.byte	0
 11969 2a04 1B       		.uleb128 0x1b
 11970 2a05 D0040000 		.4byte	0x4d0
 11971 2a09 56040000 		.4byte	.LBB408
 11972 2a0d 30000000 		.4byte	.LBE408-.LBB408
 11973 2a11 01       		.byte	0x1
 11974 2a12 B403     		.2byte	0x3b4
 11975 2a14 222A0000 		.4byte	0x2a22
 11976 2a18 1C       		.uleb128 0x1c
 11977 2a19 E0040000 		.4byte	0x4e0
 11978 2a1d 32210000 		.4byte	.LLST231
 11979 2a21 00       		.byte	0
 11980 2a22 1B       		.uleb128 0x1b
 11981 2a23 D0040000 		.4byte	0x4d0
 11982 2a27 98040000 		.4byte	.LBB410
 11983 2a2b 30000000 		.4byte	.LBE410-.LBB410
 11984 2a2f 01       		.byte	0x1
 11985 2a30 B503     		.2byte	0x3b5
 11986 2a32 402A0000 		.4byte	0x2a40
 11987 2a36 1C       		.uleb128 0x1c
 11988 2a37 E0040000 		.4byte	0x4e0
 11989 2a3b 45210000 		.4byte	.LLST232
 11990 2a3f 00       		.byte	0
 11991 2a40 28       		.uleb128 0x28
 11992 2a41 B2010000 		.4byte	.LVL831
 11993 2a45 6A050000 		.4byte	0x56a
 11994 2a49 26       		.uleb128 0x26
 11995 2a4a 4C020000 		.4byte	.LVL832
 11996 2a4e 54310000 		.4byte	0x3154
 11997 2a52 6E2A0000 		.4byte	0x2a6e
 11998 2a56 1F       		.uleb128 0x1f
 11999 2a57 01       		.uleb128 0x1
 12000 2a58 50       		.byte	0x50
 12001 2a59 02       		.uleb128 0x2
 12002 2a5a 79       		.byte	0x79
 12003 2a5b 00       		.sleb128 0
 12004 2a5c 1F       		.uleb128 0x1f
 12005 2a5d 01       		.uleb128 0x1
 12006 2a5e 51       		.byte	0x51
 12007 2a5f 08       		.uleb128 0x8
 12008 2a60 76       		.byte	0x76
 12009 2a61 00       		.sleb128 0
 12010 2a62 75       		.byte	0x75
 12011 2a63 00       		.sleb128 0
 12012 2a64 22       		.byte	0x22
ARM GAS  C:\Users\user\AppData\Local\Temp\ccoNEg7E.s 			page 242


 12013 2a65 23       		.byte	0x23
 12014 2a66 A801     		.uleb128 0xa8
 12015 2a68 1F       		.uleb128 0x1f
 12016 2a69 01       		.uleb128 0x1
 12017 2a6a 52       		.byte	0x52
 12018 2a6b 01       		.uleb128 0x1
 12019 2a6c 34       		.byte	0x34
 12020 2a6d 00       		.byte	0
 12021 2a6e 26       		.uleb128 0x26
 12022 2a6f 60020000 		.4byte	.LVL833
 12023 2a73 54310000 		.4byte	0x3154
 12024 2a77 932A0000 		.4byte	0x2a93
 12025 2a7b 1F       		.uleb128 0x1f
 12026 2a7c 01       		.uleb128 0x1
 12027 2a7d 50       		.byte	0x50
 12028 2a7e 02       		.uleb128 0x2
 12029 2a7f 78       		.byte	0x78
 12030 2a80 00       		.sleb128 0
 12031 2a81 1F       		.uleb128 0x1f
 12032 2a82 01       		.uleb128 0x1
 12033 2a83 51       		.byte	0x51
 12034 2a84 08       		.uleb128 0x8
 12035 2a85 76       		.byte	0x76
 12036 2a86 00       		.sleb128 0
 12037 2a87 75       		.byte	0x75
 12038 2a88 00       		.sleb128 0
 12039 2a89 22       		.byte	0x22
 12040 2a8a 23       		.byte	0x23
 12041 2a8b B801     		.uleb128 0xb8
 12042 2a8d 1F       		.uleb128 0x1f
 12043 2a8e 01       		.uleb128 0x1
 12044 2a8f 52       		.byte	0x52
 12045 2a90 01       		.uleb128 0x1
 12046 2a91 32       		.byte	0x32
 12047 2a92 00       		.byte	0
 12048 2a93 26       		.uleb128 0x26
 12049 2a94 74020000 		.4byte	.LVL835
 12050 2a98 54310000 		.4byte	0x3154
 12051 2a9c B82A0000 		.4byte	0x2ab8
 12052 2aa0 1F       		.uleb128 0x1f
 12053 2aa1 01       		.uleb128 0x1
 12054 2aa2 50       		.byte	0x50
 12055 2aa3 02       		.uleb128 0x2
 12056 2aa4 77       		.byte	0x77
 12057 2aa5 00       		.sleb128 0
 12058 2aa6 1F       		.uleb128 0x1f
 12059 2aa7 01       		.uleb128 0x1
 12060 2aa8 51       		.byte	0x51
 12061 2aa9 08       		.uleb128 0x8
 12062 2aaa 76       		.byte	0x76
 12063 2aab 00       		.sleb128 0
 12064 2aac 75       		.byte	0x75
 12065 2aad 00       		.sleb128 0
 12066 2aae 22       		.byte	0x22
 12067 2aaf 23       		.byte	0x23
 12068 2ab0 C001     		.uleb128 0xc0
 12069 2ab2 1F       		.uleb128 0x1f
ARM GAS  C:\Users\user\AppData\Local\Temp\ccoNEg7E.s 			page 243


 12070 2ab3 01       		.uleb128 0x1
 12071 2ab4 52       		.byte	0x52
 12072 2ab5 01       		.uleb128 0x1
 12073 2ab6 32       		.byte	0x32
 12074 2ab7 00       		.byte	0
 12075 2ab8 26       		.uleb128 0x26
 12076 2ab9 8C020000 		.4byte	.LVL836
 12077 2abd 54310000 		.4byte	0x3154
 12078 2ac1 DE2A0000 		.4byte	0x2ade
 12079 2ac5 1F       		.uleb128 0x1f
 12080 2ac6 01       		.uleb128 0x1
 12081 2ac7 50       		.byte	0x50
 12082 2ac8 03       		.uleb128 0x3
 12083 2ac9 7D       		.byte	0x7d
 12084 2aca 00       		.sleb128 0
 12085 2acb 06       		.byte	0x6
 12086 2acc 1F       		.uleb128 0x1f
 12087 2acd 01       		.uleb128 0x1
 12088 2ace 51       		.byte	0x51
 12089 2acf 08       		.uleb128 0x8
 12090 2ad0 76       		.byte	0x76
 12091 2ad1 00       		.sleb128 0
 12092 2ad2 75       		.byte	0x75
 12093 2ad3 00       		.sleb128 0
 12094 2ad4 22       		.byte	0x22
 12095 2ad5 23       		.byte	0x23
 12096 2ad6 C801     		.uleb128 0xc8
 12097 2ad8 1F       		.uleb128 0x1f
 12098 2ad9 01       		.uleb128 0x1
 12099 2ada 52       		.byte	0x52
 12100 2adb 01       		.uleb128 0x1
 12101 2adc 32       		.byte	0x32
 12102 2add 00       		.byte	0
 12103 2ade 26       		.uleb128 0x26
 12104 2adf A4020000 		.4byte	.LVL837
 12105 2ae3 54310000 		.4byte	0x3154
 12106 2ae7 042B0000 		.4byte	0x2b04
 12107 2aeb 1F       		.uleb128 0x1f
 12108 2aec 01       		.uleb128 0x1
 12109 2aed 50       		.byte	0x50
 12110 2aee 03       		.uleb128 0x3
 12111 2aef 91       		.byte	0x91
 12112 2af0 54       		.sleb128 -44
 12113 2af1 06       		.byte	0x6
 12114 2af2 1F       		.uleb128 0x1f
 12115 2af3 01       		.uleb128 0x1
 12116 2af4 51       		.byte	0x51
 12117 2af5 08       		.uleb128 0x8
 12118 2af6 76       		.byte	0x76
 12119 2af7 00       		.sleb128 0
 12120 2af8 75       		.byte	0x75
 12121 2af9 00       		.sleb128 0
 12122 2afa 22       		.byte	0x22
 12123 2afb 23       		.byte	0x23
 12124 2afc D001     		.uleb128 0xd0
 12125 2afe 1F       		.uleb128 0x1f
 12126 2aff 01       		.uleb128 0x1
ARM GAS  C:\Users\user\AppData\Local\Temp\ccoNEg7E.s 			page 244


 12127 2b00 52       		.byte	0x52
 12128 2b01 01       		.uleb128 0x1
 12129 2b02 32       		.byte	0x32
 12130 2b03 00       		.byte	0
 12131 2b04 26       		.uleb128 0x26
 12132 2b05 56030000 		.4byte	.LVL850
 12133 2b09 60310000 		.4byte	0x3160
 12134 2b0d 292B0000 		.4byte	0x2b29
 12135 2b11 1F       		.uleb128 0x1f
 12136 2b12 01       		.uleb128 0x1
 12137 2b13 50       		.byte	0x50
 12138 2b14 02       		.uleb128 0x2
 12139 2b15 79       		.byte	0x79
 12140 2b16 00       		.sleb128 0
 12141 2b17 1F       		.uleb128 0x1f
 12142 2b18 01       		.uleb128 0x1
 12143 2b19 51       		.byte	0x51
 12144 2b1a 08       		.uleb128 0x8
 12145 2b1b 76       		.byte	0x76
 12146 2b1c 00       		.sleb128 0
 12147 2b1d 75       		.byte	0x75
 12148 2b1e 00       		.sleb128 0
 12149 2b1f 22       		.byte	0x22
 12150 2b20 23       		.byte	0x23
 12151 2b21 E001     		.uleb128 0xe0
 12152 2b23 1F       		.uleb128 0x1f
 12153 2b24 01       		.uleb128 0x1
 12154 2b25 52       		.byte	0x52
 12155 2b26 01       		.uleb128 0x1
 12156 2b27 34       		.byte	0x34
 12157 2b28 00       		.byte	0
 12158 2b29 26       		.uleb128 0x26
 12159 2b2a 66030000 		.4byte	.LVL851
 12160 2b2e 60310000 		.4byte	0x3160
 12161 2b32 482B0000 		.4byte	0x2b48
 12162 2b36 1F       		.uleb128 0x1f
 12163 2b37 01       		.uleb128 0x1
 12164 2b38 50       		.byte	0x50
 12165 2b39 02       		.uleb128 0x2
 12166 2b3a 78       		.byte	0x78
 12167 2b3b 00       		.sleb128 0
 12168 2b3c 1F       		.uleb128 0x1f
 12169 2b3d 01       		.uleb128 0x1
 12170 2b3e 51       		.byte	0x51
 12171 2b3f 02       		.uleb128 0x2
 12172 2b40 7A       		.byte	0x7a
 12173 2b41 00       		.sleb128 0
 12174 2b42 1F       		.uleb128 0x1f
 12175 2b43 01       		.uleb128 0x1
 12176 2b44 52       		.byte	0x52
 12177 2b45 01       		.uleb128 0x1
 12178 2b46 32       		.byte	0x32
 12179 2b47 00       		.byte	0
 12180 2b48 26       		.uleb128 0x26
 12181 2b49 72030000 		.4byte	.LVL852
 12182 2b4d 60310000 		.4byte	0x3160
 12183 2b51 672B0000 		.4byte	0x2b67
ARM GAS  C:\Users\user\AppData\Local\Temp\ccoNEg7E.s 			page 245


 12184 2b55 1F       		.uleb128 0x1f
 12185 2b56 01       		.uleb128 0x1
 12186 2b57 50       		.byte	0x50
 12187 2b58 02       		.uleb128 0x2
 12188 2b59 77       		.byte	0x77
 12189 2b5a 00       		.sleb128 0
 12190 2b5b 1F       		.uleb128 0x1f
 12191 2b5c 01       		.uleb128 0x1
 12192 2b5d 51       		.byte	0x51
 12193 2b5e 02       		.uleb128 0x2
 12194 2b5f 7A       		.byte	0x7a
 12195 2b60 04       		.sleb128 4
 12196 2b61 1F       		.uleb128 0x1f
 12197 2b62 01       		.uleb128 0x1
 12198 2b63 52       		.byte	0x52
 12199 2b64 01       		.uleb128 0x1
 12200 2b65 32       		.byte	0x32
 12201 2b66 00       		.byte	0
 12202 2b67 26       		.uleb128 0x26
 12203 2b68 80030000 		.4byte	.LVL853
 12204 2b6c 60310000 		.4byte	0x3160
 12205 2b70 872B0000 		.4byte	0x2b87
 12206 2b74 1F       		.uleb128 0x1f
 12207 2b75 01       		.uleb128 0x1
 12208 2b76 50       		.byte	0x50
 12209 2b77 03       		.uleb128 0x3
 12210 2b78 7D       		.byte	0x7d
 12211 2b79 00       		.sleb128 0
 12212 2b7a 06       		.byte	0x6
 12213 2b7b 1F       		.uleb128 0x1f
 12214 2b7c 01       		.uleb128 0x1
 12215 2b7d 51       		.byte	0x51
 12216 2b7e 02       		.uleb128 0x2
 12217 2b7f 76       		.byte	0x76
 12218 2b80 00       		.sleb128 0
 12219 2b81 1F       		.uleb128 0x1f
 12220 2b82 01       		.uleb128 0x1
 12221 2b83 52       		.byte	0x52
 12222 2b84 01       		.uleb128 0x1
 12223 2b85 32       		.byte	0x32
 12224 2b86 00       		.byte	0
 12225 2b87 26       		.uleb128 0x26
 12226 2b88 8A030000 		.4byte	.LVL854
 12227 2b8c 60310000 		.4byte	0x3160
 12228 2b90 A72B0000 		.4byte	0x2ba7
 12229 2b94 1F       		.uleb128 0x1f
 12230 2b95 01       		.uleb128 0x1
 12231 2b96 50       		.byte	0x50
 12232 2b97 03       		.uleb128 0x3
 12233 2b98 91       		.byte	0x91
 12234 2b99 54       		.sleb128 -44
 12235 2b9a 06       		.byte	0x6
 12236 2b9b 1F       		.uleb128 0x1f
 12237 2b9c 01       		.uleb128 0x1
 12238 2b9d 51       		.byte	0x51
 12239 2b9e 02       		.uleb128 0x2
 12240 2b9f 76       		.byte	0x76
ARM GAS  C:\Users\user\AppData\Local\Temp\ccoNEg7E.s 			page 246


 12241 2ba0 04       		.sleb128 4
 12242 2ba1 1F       		.uleb128 0x1f
 12243 2ba2 01       		.uleb128 0x1
 12244 2ba3 52       		.byte	0x52
 12245 2ba4 01       		.uleb128 0x1
 12246 2ba5 32       		.byte	0x32
 12247 2ba6 00       		.byte	0
 12248 2ba7 26       		.uleb128 0x26
 12249 2ba8 24040000 		.4byte	.LVL867
 12250 2bac 6C310000 		.4byte	0x316c
 12251 2bb0 CC2B0000 		.4byte	0x2bcc
 12252 2bb4 1F       		.uleb128 0x1f
 12253 2bb5 01       		.uleb128 0x1
 12254 2bb6 50       		.byte	0x50
 12255 2bb7 02       		.uleb128 0x2
 12256 2bb8 79       		.byte	0x79
 12257 2bb9 00       		.sleb128 0
 12258 2bba 1F       		.uleb128 0x1f
 12259 2bbb 01       		.uleb128 0x1
 12260 2bbc 51       		.byte	0x51
 12261 2bbd 08       		.uleb128 0x8
 12262 2bbe 76       		.byte	0x76
 12263 2bbf 00       		.sleb128 0
 12264 2bc0 75       		.byte	0x75
 12265 2bc1 00       		.sleb128 0
 12266 2bc2 22       		.byte	0x22
 12267 2bc3 23       		.byte	0x23
 12268 2bc4 FC01     		.uleb128 0xfc
 12269 2bc6 1F       		.uleb128 0x1f
 12270 2bc7 01       		.uleb128 0x1
 12271 2bc8 52       		.byte	0x52
 12272 2bc9 01       		.uleb128 0x1
 12273 2bca 34       		.byte	0x34
 12274 2bcb 00       		.byte	0
 12275 2bcc 26       		.uleb128 0x26
 12276 2bcd 34040000 		.4byte	.LVL868
 12277 2bd1 6C310000 		.4byte	0x316c
 12278 2bd5 EB2B0000 		.4byte	0x2beb
 12279 2bd9 1F       		.uleb128 0x1f
 12280 2bda 01       		.uleb128 0x1
 12281 2bdb 50       		.byte	0x50
 12282 2bdc 02       		.uleb128 0x2
 12283 2bdd 78       		.byte	0x78
 12284 2bde 00       		.sleb128 0
 12285 2bdf 1F       		.uleb128 0x1f
 12286 2be0 01       		.uleb128 0x1
 12287 2be1 51       		.byte	0x51
 12288 2be2 02       		.uleb128 0x2
 12289 2be3 76       		.byte	0x76
 12290 2be4 00       		.sleb128 0
 12291 2be5 1F       		.uleb128 0x1f
 12292 2be6 01       		.uleb128 0x1
 12293 2be7 52       		.byte	0x52
 12294 2be8 01       		.uleb128 0x1
 12295 2be9 32       		.byte	0x32
 12296 2bea 00       		.byte	0
 12297 2beb 26       		.uleb128 0x26
ARM GAS  C:\Users\user\AppData\Local\Temp\ccoNEg7E.s 			page 247


 12298 2bec 3E040000 		.4byte	.LVL869
 12299 2bf0 6C310000 		.4byte	0x316c
 12300 2bf4 0A2C0000 		.4byte	0x2c0a
 12301 2bf8 1F       		.uleb128 0x1f
 12302 2bf9 01       		.uleb128 0x1
 12303 2bfa 50       		.byte	0x50
 12304 2bfb 02       		.uleb128 0x2
 12305 2bfc 77       		.byte	0x77
 12306 2bfd 00       		.sleb128 0
 12307 2bfe 1F       		.uleb128 0x1f
 12308 2bff 01       		.uleb128 0x1
 12309 2c00 51       		.byte	0x51
 12310 2c01 02       		.uleb128 0x2
 12311 2c02 76       		.byte	0x76
 12312 2c03 02       		.sleb128 2
 12313 2c04 1F       		.uleb128 0x1f
 12314 2c05 01       		.uleb128 0x1
 12315 2c06 52       		.byte	0x52
 12316 2c07 01       		.uleb128 0x1
 12317 2c08 32       		.byte	0x32
 12318 2c09 00       		.byte	0
 12319 2c0a 26       		.uleb128 0x26
 12320 2c0b 48040000 		.4byte	.LVL870
 12321 2c0f 6C310000 		.4byte	0x316c
 12322 2c13 2A2C0000 		.4byte	0x2c2a
 12323 2c17 1F       		.uleb128 0x1f
 12324 2c18 01       		.uleb128 0x1
 12325 2c19 50       		.byte	0x50
 12326 2c1a 03       		.uleb128 0x3
 12327 2c1b 7D       		.byte	0x7d
 12328 2c1c 00       		.sleb128 0
 12329 2c1d 06       		.byte	0x6
 12330 2c1e 1F       		.uleb128 0x1f
 12331 2c1f 01       		.uleb128 0x1
 12332 2c20 51       		.byte	0x51
 12333 2c21 02       		.uleb128 0x2
 12334 2c22 76       		.byte	0x76
 12335 2c23 04       		.sleb128 4
 12336 2c24 1F       		.uleb128 0x1f
 12337 2c25 01       		.uleb128 0x1
 12338 2c26 52       		.byte	0x52
 12339 2c27 01       		.uleb128 0x1
 12340 2c28 32       		.byte	0x32
 12341 2c29 00       		.byte	0
 12342 2c2a 1E       		.uleb128 0x1e
 12343 2c2b 52040000 		.4byte	.LVL871
 12344 2c2f 6C310000 		.4byte	0x316c
 12345 2c33 1F       		.uleb128 0x1f
 12346 2c34 01       		.uleb128 0x1
 12347 2c35 50       		.byte	0x50
 12348 2c36 03       		.uleb128 0x3
 12349 2c37 91       		.byte	0x91
 12350 2c38 54       		.sleb128 -44
 12351 2c39 06       		.byte	0x6
 12352 2c3a 1F       		.uleb128 0x1f
 12353 2c3b 01       		.uleb128 0x1
 12354 2c3c 51       		.byte	0x51
ARM GAS  C:\Users\user\AppData\Local\Temp\ccoNEg7E.s 			page 248


 12355 2c3d 02       		.uleb128 0x2
 12356 2c3e 76       		.byte	0x76
 12357 2c3f 06       		.sleb128 6
 12358 2c40 1F       		.uleb128 0x1f
 12359 2c41 01       		.uleb128 0x1
 12360 2c42 52       		.byte	0x52
 12361 2c43 01       		.uleb128 0x1
 12362 2c44 32       		.byte	0x32
 12363 2c45 00       		.byte	0
 12364 2c46 00       		.byte	0
 12365 2c47 2D       		.uleb128 0x2d
 12366 2c48 72060000 		.4byte	.LASF118
 12367 2c4c 01       		.byte	0x1
 12368 2c4d BD03     		.2byte	0x3bd
 12369 2c4f 00000000 		.4byte	.LFB164
 12370 2c53 10000000 		.4byte	.LFE164-.LFB164
 12371 2c57 01       		.uleb128 0x1
 12372 2c58 9C       		.byte	0x9c
 12373 2c59 6E2C0000 		.4byte	0x2c6e
 12374 2c5d 22       		.uleb128 0x22
 12375 2c5e 33050000 		.4byte	.LASF119
 12376 2c62 01       		.byte	0x1
 12377 2c63 BD03     		.2byte	0x3bd
 12378 2c65 22010000 		.4byte	0x122
 12379 2c69 58210000 		.4byte	.LLST233
 12380 2c6d 00       		.byte	0
 12381 2c6e 31       		.uleb128 0x31
 12382 2c6f D8040000 		.4byte	.LASF186
 12383 2c73 01       		.byte	0x1
 12384 2c74 C303     		.2byte	0x3c3
 12385 2c76 22010000 		.4byte	0x122
 12386 2c7a 00000000 		.4byte	.LFB165
 12387 2c7e 0C000000 		.4byte	.LFE165-.LFB165
 12388 2c82 01       		.uleb128 0x1
 12389 2c83 9C       		.byte	0x9c
 12390 2c84 2D       		.uleb128 0x2d
 12391 2c85 DE060000 		.4byte	.LASF120
 12392 2c89 01       		.byte	0x1
 12393 2c8a CB03     		.2byte	0x3cb
 12394 2c8c 00000000 		.4byte	.LFB166
 12395 2c90 80000000 		.4byte	.LFE166-.LFB166
 12396 2c94 01       		.uleb128 0x1
 12397 2c95 9C       		.byte	0x9c
 12398 2c96 DF2C0000 		.4byte	0x2cdf
 12399 2c9a 22       		.uleb128 0x22
 12400 2c9b E9060000 		.4byte	.LASF121
 12401 2c9f 01       		.byte	0x1
 12402 2ca0 CB03     		.2byte	0x3cb
 12403 2ca2 25000000 		.4byte	0x25
 12404 2ca6 76210000 		.4byte	.LLST234
 12405 2caa 18       		.uleb128 0x18
 12406 2cab 7000     		.ascii	"p\000"
 12407 2cad 01       		.byte	0x1
 12408 2cae CD03     		.2byte	0x3cd
 12409 2cb0 22010000 		.4byte	0x122
 12410 2cb4 99210000 		.4byte	.LLST235
 12411 2cb8 2A       		.uleb128 0x2a
ARM GAS  C:\Users\user\AppData\Local\Temp\ccoNEg7E.s 			page 249


 12412 2cb9 06000000 		.4byte	.LBB412
 12413 2cbd 42000000 		.4byte	.LBE412-.LBB412
 12414 2cc1 D52C0000 		.4byte	0x2cd5
 12415 2cc5 18       		.uleb128 0x18
 12416 2cc6 6C7000   		.ascii	"lp\000"
 12417 2cc9 01       		.byte	0x1
 12418 2cca CF03     		.2byte	0x3cf
 12419 2ccc FE050000 		.4byte	0x5fe
 12420 2cd0 C3210000 		.4byte	.LLST236
 12421 2cd4 00       		.byte	0
 12422 2cd5 28       		.uleb128 0x28
 12423 2cd6 60000000 		.4byte	.LVL893
 12424 2cda 78310000 		.4byte	0x3178
 12425 2cde 00       		.byte	0
 12426 2cdf 2D       		.uleb128 0x2d
 12427 2ce0 5C080000 		.4byte	.LASF122
 12428 2ce4 01       		.byte	0x1
 12429 2ce5 EC03     		.2byte	0x3ec
 12430 2ce7 00000000 		.4byte	.LFB167
 12431 2ceb 14000000 		.4byte	.LFE167-.LFB167
 12432 2cef 01       		.uleb128 0x1
 12433 2cf0 9C       		.byte	0x9c
 12434 2cf1 FF2C0000 		.4byte	0x2cff
 12435 2cf5 28       		.uleb128 0x28
 12436 2cf6 0E000000 		.4byte	.LVL894
 12437 2cfa 83310000 		.4byte	0x3183
 12438 2cfe 00       		.byte	0
 12439 2cff 2D       		.uleb128 0x2d
 12440 2d00 06050000 		.4byte	.LASF123
 12441 2d04 01       		.byte	0x1
 12442 2d05 F503     		.2byte	0x3f5
 12443 2d07 00000000 		.4byte	.LFB168
 12444 2d0b 0C000000 		.4byte	.LFE168-.LFB168
 12445 2d0f 01       		.uleb128 0x1
 12446 2d10 9C       		.byte	0x9c
 12447 2d11 242D0000 		.4byte	0x2d24
 12448 2d15 32       		.uleb128 0x32
 12449 2d16 E9060000 		.4byte	.LASF121
 12450 2d1a 01       		.byte	0x1
 12451 2d1b F503     		.2byte	0x3f5
 12452 2d1d 25000000 		.4byte	0x25
 12453 2d21 01       		.uleb128 0x1
 12454 2d22 50       		.byte	0x50
 12455 2d23 00       		.byte	0
 12456 2d24 2E       		.uleb128 0x2e
 12457 2d25 26050000 		.4byte	.LASF124
 12458 2d29 01       		.byte	0x1
 12459 2d2a FD03     		.2byte	0x3fd
 12460 2d2c 00000000 		.4byte	.LFB169
 12461 2d30 48000000 		.4byte	.LFE169-.LFB169
 12462 2d34 01       		.uleb128 0x1
 12463 2d35 9C       		.byte	0x9c
 12464 2d36 5B2D0000 		.4byte	0x2d5b
 12465 2d3a 22       		.uleb128 0x22
 12466 2d3b EC010000 		.4byte	.LASF125
 12467 2d3f 01       		.byte	0x1
 12468 2d40 FD03     		.2byte	0x3fd
ARM GAS  C:\Users\user\AppData\Local\Temp\ccoNEg7E.s 			page 250


 12469 2d42 25000000 		.4byte	0x25
 12470 2d46 F9210000 		.4byte	.LLST237
 12471 2d4a 22       		.uleb128 0x22
 12472 2d4b 7F000000 		.4byte	.LASF126
 12473 2d4f 01       		.byte	0x1
 12474 2d50 FD03     		.2byte	0x3fd
 12475 2d52 25000000 		.4byte	0x25
 12476 2d56 27220000 		.4byte	.LLST238
 12477 2d5a 00       		.byte	0
 12478 2d5b 2E       		.uleb128 0x2e
 12479 2d5c C7030000 		.4byte	.LASF127
 12480 2d60 01       		.byte	0x1
 12481 2d61 0A04     		.2byte	0x40a
 12482 2d63 00000000 		.4byte	.LFB170
 12483 2d67 10020000 		.4byte	.LFE170-.LFB170
 12484 2d6b 01       		.uleb128 0x1
 12485 2d6c 9C       		.byte	0x9c
 12486 2d6d 362F0000 		.4byte	0x2f36
 12487 2d71 25       		.uleb128 0x25
 12488 2d72 39010000 		.4byte	.LASF128
 12489 2d76 01       		.byte	0x1
 12490 2d77 0C04     		.2byte	0x40c
 12491 2d79 52010000 		.4byte	0x152
 12492 2d7d 02       		.uleb128 0x2
 12493 2d7e 91       		.byte	0x91
 12494 2d7f 64       		.sleb128 -28
 12495 2d80 25       		.uleb128 0x25
 12496 2d81 C8010000 		.4byte	.LASF129
 12497 2d85 01       		.byte	0x1
 12498 2d86 0D04     		.2byte	0x40d
 12499 2d88 46010000 		.4byte	0x146
 12500 2d8c 02       		.uleb128 0x2
 12501 2d8d 91       		.byte	0x91
 12502 2d8e 62       		.sleb128 -30
 12503 2d8f 23       		.uleb128 0x23
 12504 2d90 59000000 		.4byte	.LASF130
 12505 2d94 01       		.byte	0x1
 12506 2d95 1604     		.2byte	0x416
 12507 2d97 25000000 		.4byte	0x25
 12508 2d9b 55220000 		.4byte	.LLST239
 12509 2d9f 18       		.uleb128 0x18
 12510 2da0 793100   		.ascii	"y1\000"
 12511 2da3 01       		.byte	0x1
 12512 2da4 1804     		.2byte	0x418
 12513 2da6 25000000 		.4byte	0x25
 12514 2daa 73220000 		.4byte	.LLST240
 12515 2dae 23       		.uleb128 0x23
 12516 2daf BE050000 		.4byte	.LASF131
 12517 2db3 01       		.byte	0x1
 12518 2db4 1B04     		.2byte	0x41b
 12519 2db6 25000000 		.4byte	0x25
 12520 2dba 91220000 		.4byte	.LLST241
 12521 2dbe 18       		.uleb128 0x18
 12522 2dbf 793200   		.ascii	"y2\000"
 12523 2dc2 01       		.byte	0x1
 12524 2dc3 1D04     		.2byte	0x41d
 12525 2dc5 25000000 		.4byte	0x25
ARM GAS  C:\Users\user\AppData\Local\Temp\ccoNEg7E.s 			page 251


 12526 2dc9 AF220000 		.4byte	.LLST242
 12527 2dcd 23       		.uleb128 0x23
 12528 2dce 66080000 		.4byte	.LASF132
 12529 2dd2 01       		.byte	0x1
 12530 2dd3 1F04     		.2byte	0x41f
 12531 2dd5 FE050000 		.4byte	0x5fe
 12532 2dd9 CD220000 		.4byte	.LLST243
 12533 2ddd 23       		.uleb128 0x23
 12534 2dde D8070000 		.4byte	.LASF133
 12535 2de2 01       		.byte	0x1
 12536 2de3 2004     		.2byte	0x420
 12537 2de5 FE050000 		.4byte	0x5fe
 12538 2de9 E5220000 		.4byte	.LLST244
 12539 2ded 18       		.uleb128 0x18
 12540 2dee 753100   		.ascii	"u1\000"
 12541 2df1 01       		.byte	0x1
 12542 2df2 2204     		.2byte	0x422
 12543 2df4 25000000 		.4byte	0x25
 12544 2df8 FD220000 		.4byte	.LLST245
 12545 2dfc 18       		.uleb128 0x18
 12546 2dfd 753200   		.ascii	"u2\000"
 12547 2e00 01       		.byte	0x1
 12548 2e01 2304     		.2byte	0x423
 12549 2e03 25000000 		.4byte	0x25
 12550 2e07 82230000 		.4byte	.LLST246
 12551 2e0b 2A       		.uleb128 0x2a
 12552 2e0c 30010000 		.4byte	.LBB413
 12553 2e10 56000000 		.4byte	.LBE413-.LBB413
 12554 2e14 542E0000 		.4byte	0x2e54
 12555 2e18 25       		.uleb128 0x25
 12556 2e19 1C050000 		.4byte	.LASF134
 12557 2e1d 01       		.byte	0x1
 12558 2e1e 4C04     		.2byte	0x44c
 12559 2e20 3A010000 		.4byte	0x13a
 12560 2e24 05       		.uleb128 0x5
 12561 2e25 03       		.byte	0x3
 12562 2e26 2C020000 		.4byte	stall_cnt.9423
 12563 2e2a 23       		.uleb128 0x23
 12564 2e2b E2030000 		.4byte	.LASF135
 12565 2e2f 01       		.byte	0x1
 12566 2e30 4D04     		.2byte	0x44d
 12567 2e32 46010000 		.4byte	0x146
 12568 2e36 C5230000 		.4byte	.LLST247
 12569 2e3a 23       		.uleb128 0x23
 12570 2e3b DC030000 		.4byte	.LASF136
 12571 2e3f 01       		.byte	0x1
 12572 2e40 4E04     		.2byte	0x44e
 12573 2e42 25000000 		.4byte	0x25
 12574 2e46 D8230000 		.4byte	.LLST248
 12575 2e4a 28       		.uleb128 0x28
 12576 2e4b 7C010000 		.4byte	.LVL950
 12577 2e4f 83310000 		.4byte	0x3183
 12578 2e53 00       		.byte	0
 12579 2e54 2A       		.uleb128 0x2a
 12580 2e55 86010000 		.4byte	.LBB414
 12581 2e59 58000000 		.4byte	.LBE414-.LBB414
 12582 2e5d 842E0000 		.4byte	0x2e84
ARM GAS  C:\Users\user\AppData\Local\Temp\ccoNEg7E.s 			page 252


 12583 2e61 23       		.uleb128 0x23
 12584 2e62 9E040000 		.4byte	.LASF137
 12585 2e66 01       		.byte	0x1
 12586 2e67 5D04     		.2byte	0x45d
 12587 2e69 22010000 		.4byte	0x122
 12588 2e6d EB230000 		.4byte	.LLST249
 12589 2e71 28       		.uleb128 0x28
 12590 2e72 8A010000 		.4byte	.LVL951
 12591 2e76 8E310000 		.4byte	0x318e
 12592 2e7a 28       		.uleb128 0x28
 12593 2e7b DE010000 		.4byte	.LVL952
 12594 2e7f 99310000 		.4byte	0x3199
 12595 2e83 00       		.byte	0
 12596 2e84 28       		.uleb128 0x28
 12597 2e85 10000000 		.4byte	.LVL903
 12598 2e89 83310000 		.4byte	0x3183
 12599 2e8d 26       		.uleb128 0x26
 12600 2e8e 1C000000 		.4byte	.LVL904
 12601 2e92 A4310000 		.4byte	0x31a4
 12602 2e96 A72E0000 		.4byte	0x2ea7
 12603 2e9a 1F       		.uleb128 0x1f
 12604 2e9b 01       		.uleb128 0x1
 12605 2e9c 50       		.byte	0x50
 12606 2e9d 02       		.uleb128 0x2
 12607 2e9e 91       		.byte	0x91
 12608 2e9f 64       		.sleb128 -28
 12609 2ea0 1F       		.uleb128 0x1f
 12610 2ea1 01       		.uleb128 0x1
 12611 2ea2 51       		.byte	0x51
 12612 2ea3 02       		.uleb128 0x2
 12613 2ea4 91       		.byte	0x91
 12614 2ea5 62       		.sleb128 -30
 12615 2ea6 00       		.byte	0
 12616 2ea7 26       		.uleb128 0x26
 12617 2ea8 B8000000 		.4byte	.LVL926
 12618 2eac 02260000 		.4byte	0x2602
 12619 2eb0 C32E0000 		.4byte	0x2ec3
 12620 2eb4 1F       		.uleb128 0x1f
 12621 2eb5 01       		.uleb128 0x1
 12622 2eb6 50       		.byte	0x50
 12623 2eb7 03       		.uleb128 0x3
 12624 2eb8 74       		.byte	0x74
 12625 2eb9 9002     		.sleb128 272
 12626 2ebb 1F       		.uleb128 0x1f
 12627 2ebc 01       		.uleb128 0x1
 12628 2ebd 51       		.byte	0x51
 12629 2ebe 03       		.uleb128 0x3
 12630 2ebf F5       		.byte	0xf5
 12631 2ec0 05       		.uleb128 0x5
 12632 2ec1 25       		.uleb128 0x25
 12633 2ec2 00       		.byte	0
 12634 2ec3 26       		.uleb128 0x26
 12635 2ec4 D2000000 		.4byte	.LVL928
 12636 2ec8 02260000 		.4byte	0x2602
 12637 2ecc E12E0000 		.4byte	0x2ee1
 12638 2ed0 1F       		.uleb128 0x1f
 12639 2ed1 01       		.uleb128 0x1
ARM GAS  C:\Users\user\AppData\Local\Temp\ccoNEg7E.s 			page 253


 12640 2ed2 50       		.byte	0x50
 12641 2ed3 05       		.uleb128 0x5
 12642 2ed4 03       		.byte	0x3
 12643 2ed5 04000000 		.4byte	.LANCHOR0+4
 12644 2ed9 1F       		.uleb128 0x1f
 12645 2eda 01       		.uleb128 0x1
 12646 2edb 51       		.byte	0x51
 12647 2edc 03       		.uleb128 0x3
 12648 2edd F5       		.byte	0xf5
 12649 2ede 06       		.uleb128 0x6
 12650 2edf 25       		.uleb128 0x25
 12651 2ee0 00       		.byte	0
 12652 2ee1 26       		.uleb128 0x26
 12653 2ee2 E8000000 		.4byte	.LVL930
 12654 2ee6 27050000 		.4byte	0x527
 12655 2eea F62E0000 		.4byte	0x2ef6
 12656 2eee 1F       		.uleb128 0x1f
 12657 2eef 01       		.uleb128 0x1
 12658 2ef0 50       		.byte	0x50
 12659 2ef1 03       		.uleb128 0x3
 12660 2ef2 F5       		.byte	0xf5
 12661 2ef3 04       		.uleb128 0x4
 12662 2ef4 25       		.uleb128 0x25
 12663 2ef5 00       		.byte	0
 12664 2ef6 28       		.uleb128 0x28
 12665 2ef7 EC000000 		.4byte	.LVL931
 12666 2efb AF310000 		.4byte	0x31af
 12667 2eff 28       		.uleb128 0x28
 12668 2f00 F0000000 		.4byte	.LVL932
 12669 2f04 BA310000 		.4byte	0x31ba
 12670 2f08 28       		.uleb128 0x28
 12671 2f09 FC000000 		.4byte	.LVL934
 12672 2f0d 27050000 		.4byte	0x527
 12673 2f11 28       		.uleb128 0x28
 12674 2f12 06010000 		.4byte	.LVL936
 12675 2f16 BA310000 		.4byte	0x31ba
 12676 2f1a 28       		.uleb128 0x28
 12677 2f1b 1C010000 		.4byte	.LVL938
 12678 2f1f 27050000 		.4byte	0x527
 12679 2f23 28       		.uleb128 0x28
 12680 2f24 28010000 		.4byte	.LVL941
 12681 2f28 BA310000 		.4byte	0x31ba
 12682 2f2c 28       		.uleb128 0x28
 12683 2f2d 2E010000 		.4byte	.LVL943
 12684 2f31 83310000 		.4byte	0x3183
 12685 2f35 00       		.byte	0
 12686 2f36 0C       		.uleb128 0xc
 12687 2f37 F5030000 		.4byte	0x3f5
 12688 2f3b 462F0000 		.4byte	0x2f46
 12689 2f3f 0D       		.uleb128 0xd
 12690 2f40 D1000000 		.4byte	0xd1
 12691 2f44 01       		.byte	0x1
 12692 2f45 00       		.byte	0
 12693 2f46 33       		.uleb128 0x33
 12694 2f47 D7030000 		.4byte	.LASF138
 12695 2f4b 01       		.byte	0x1
 12696 2f4c 93       		.byte	0x93
ARM GAS  C:\Users\user\AppData\Local\Temp\ccoNEg7E.s 			page 254


 12697 2f4d 362F0000 		.4byte	0x2f36
 12698 2f51 05       		.uleb128 0x5
 12699 2f52 03       		.byte	0x3
 12700 2f53 04000000 		.4byte	g_lp
 12701 2f57 33       		.uleb128 0x33
 12702 2f58 73020000 		.4byte	.LASF139
 12703 2f5c 01       		.byte	0x1
 12704 2f5d 94       		.byte	0x94
 12705 2f5e 25000000 		.4byte	0x25
 12706 2f62 05       		.uleb128 0x5
 12707 2f63 03       		.byte	0x3
 12708 2f64 08000000 		.4byte	g_Ts
 12709 2f68 33       		.uleb128 0x33
 12710 2f69 43010000 		.4byte	.LASF140
 12711 2f6d 01       		.byte	0x1
 12712 2f6e 95       		.byte	0x95
 12713 2f6f 22010000 		.4byte	0x122
 12714 2f73 05       		.uleb128 0x5
 12715 2f74 03       		.byte	0x3
 12716 2f75 1C020000 		.4byte	g_running
 12717 2f79 33       		.uleb128 0x33
 12718 2f7a 3B020000 		.4byte	.LASF141
 12719 2f7e 01       		.byte	0x1
 12720 2f7f 98       		.byte	0x98
 12721 2f80 22010000 		.4byte	0x122
 12722 2f84 05       		.uleb128 0x5
 12723 2f85 03       		.byte	0x3
 12724 2f86 00000000 		.4byte	g_num_type
 12725 2f8a 33       		.uleb128 0x33
 12726 2f8b 1C030000 		.4byte	.LASF142
 12727 2f8f 01       		.byte	0x1
 12728 2f90 9B       		.byte	0x9b
 12729 2f91 25000000 		.4byte	0x25
 12730 2f95 05       		.uleb128 0x5
 12731 2f96 03       		.byte	0x3
 12732 2f97 20020000 		.4byte	g_y1_filt
 12733 2f9b 33       		.uleb128 0x33
 12734 2f9c E8030000 		.4byte	.LASF143
 12735 2fa0 01       		.byte	0x1
 12736 2fa1 9C       		.byte	0x9c
 12737 2fa2 25000000 		.4byte	0x25
 12738 2fa6 05       		.uleb128 0x5
 12739 2fa7 03       		.byte	0x3
 12740 2fa8 24020000 		.4byte	g_y2_filt
 12741 2fac 33       		.uleb128 0x33
 12742 2fad 69010000 		.4byte	.LASF144
 12743 2fb1 01       		.byte	0x1
 12744 2fb2 B1       		.byte	0xb1
 12745 2fb3 25000000 		.4byte	0x25
 12746 2fb7 05       		.uleb128 0x5
 12747 2fb8 03       		.byte	0x3
 12748 2fb9 00000000 		.4byte	g_sat_min
 12749 2fbd 33       		.uleb128 0x33
 12750 2fbe 0B010000 		.4byte	.LASF145
 12751 2fc2 01       		.byte	0x1
 12752 2fc3 B2       		.byte	0xb2
 12753 2fc4 25000000 		.4byte	0x25
ARM GAS  C:\Users\user\AppData\Local\Temp\ccoNEg7E.s 			page 255


 12754 2fc8 05       		.uleb128 0x5
 12755 2fc9 03       		.byte	0x3
 12756 2fca 04000000 		.4byte	g_sat_max
 12757 2fce 34       		.uleb128 0x34
 12758 2fcf 2C010000 		.4byte	.LASF146
 12759 2fd3 06       		.byte	0x6
 12760 2fd4 9606     		.2byte	0x696
 12761 2fd6 DA2F0000 		.4byte	0x2fda
 12762 2fda 06       		.uleb128 0x6
 12763 2fdb B4000000 		.4byte	0xb4
 12764 2fdf 35       		.uleb128 0x35
 12765 2fe0 4E040000 		.4byte	.LASF147
 12766 2fe4 01       		.byte	0x1
 12767 2fe5 AE       		.byte	0xae
 12768 2fe6 5E010000 		.4byte	0x15e
 12769 2fea 05       		.uleb128 0x5
 12770 2feb 03       		.byte	0x3
 12771 2fec 00000000 		.4byte	ctrl_stall_flag
 12772 2ff0 35       		.uleb128 0x35
 12773 2ff1 AD060000 		.4byte	.LASF148
 12774 2ff5 01       		.byte	0x1
 12775 2ff6 9F       		.byte	0x9f
 12776 2ff7 01300000 		.4byte	0x3001
 12777 2ffb 05       		.uleb128 0x5
 12778 2ffc 03       		.byte	0x3
 12779 2ffd 00000000 		.4byte	ctrl_telem_u1
 12780 3001 06       		.uleb128 0x6
 12781 3002 25000000 		.4byte	0x25
 12782 3006 35       		.uleb128 0x35
 12783 3007 50050000 		.4byte	.LASF149
 12784 300b 01       		.byte	0x1
 12785 300c A0       		.byte	0xa0
 12786 300d 01300000 		.4byte	0x3001
 12787 3011 05       		.uleb128 0x5
 12788 3012 03       		.byte	0x3
 12789 3013 00000000 		.4byte	ctrl_telem_y1
 12790 3017 35       		.uleb128 0x35
 12791 3018 15010000 		.4byte	.LASF150
 12792 301c 01       		.byte	0x1
 12793 301d A1       		.byte	0xa1
 12794 301e 01300000 		.4byte	0x3001
 12795 3022 05       		.uleb128 0x5
 12796 3023 03       		.byte	0x3
 12797 3024 00000000 		.4byte	ctrl_telem_u2
 12798 3028 35       		.uleb128 0x35
 12799 3029 1D070000 		.4byte	.LASF151
 12800 302d 01       		.byte	0x1
 12801 302e A2       		.byte	0xa2
 12802 302f 01300000 		.4byte	0x3001
 12803 3033 05       		.uleb128 0x5
 12804 3034 03       		.byte	0x3
 12805 3035 00000000 		.4byte	ctrl_telem_y2
 12806 3039 35       		.uleb128 0x35
 12807 303a 5A010000 		.4byte	.LASF152
 12808 303e 01       		.byte	0x1
 12809 303f A3       		.byte	0xa3
 12810 3040 01300000 		.4byte	0x3001
ARM GAS  C:\Users\user\AppData\Local\Temp\ccoNEg7E.s 			page 256


 12811 3044 05       		.uleb128 0x5
 12812 3045 03       		.byte	0x3
 12813 3046 00000000 		.4byte	ctrl_telem_x1i
 12814 304a 35       		.uleb128 0x35
 12815 304b BA020000 		.4byte	.LASF153
 12816 304f 01       		.byte	0x1
 12817 3050 A4       		.byte	0xa4
 12818 3051 01300000 		.4byte	0x3001
 12819 3055 05       		.uleb128 0x5
 12820 3056 03       		.byte	0x3
 12821 3057 00000000 		.4byte	ctrl_telem_x2i
 12822 305b 35       		.uleb128 0x35
 12823 305c 8E010000 		.4byte	.LASF154
 12824 3060 01       		.byte	0x1
 12825 3061 A5       		.byte	0xa5
 12826 3062 01300000 		.4byte	0x3001
 12827 3066 05       		.uleb128 0x5
 12828 3067 03       		.byte	0x3
 12829 3068 00000000 		.4byte	ctrl_telem_x1o
 12830 306c 35       		.uleb128 0x35
 12831 306d ED020000 		.4byte	.LASF155
 12832 3071 01       		.byte	0x1
 12833 3072 A6       		.byte	0xa6
 12834 3073 01300000 		.4byte	0x3001
 12835 3077 05       		.uleb128 0x5
 12836 3078 03       		.byte	0x3
 12837 3079 00000000 		.4byte	ctrl_telem_x2o
 12838 307d 35       		.uleb128 0x35
 12839 307e 98050000 		.4byte	.LASF156
 12840 3082 01       		.byte	0x1
 12841 3083 A7       		.byte	0xa7
 12842 3084 5E010000 		.4byte	0x15e
 12843 3088 05       		.uleb128 0x5
 12844 3089 03       		.byte	0x3
 12845 308a 00000000 		.4byte	ctrl_telem_ready
 12846 308e 35       		.uleb128 0x35
 12847 308f 3C050000 		.4byte	.LASF157
 12848 3093 01       		.byte	0x1
 12849 3094 AA       		.byte	0xaa
 12850 3095 5E010000 		.4byte	0x15e
 12851 3099 05       		.uleb128 0x5
 12852 309a 03       		.byte	0x3
 12853 309b 00000000 		.4byte	ctrl_period_pending
 12854 309f 35       		.uleb128 0x35
 12855 30a0 46020000 		.4byte	.LASF158
 12856 30a4 01       		.byte	0x1
 12857 30a5 AB       		.byte	0xab
 12858 30a6 63010000 		.4byte	0x163
 12859 30aa 05       		.uleb128 0x5
 12860 30ab 03       		.byte	0x3
 12861 30ac 00000000 		.4byte	ctrl_period_ticks
 12862 30b0 36       		.uleb128 0x36
 12863 30b1 7F010000 		.4byte	.LASF159
 12864 30b5 07       		.byte	0x7
 12865 30b6 3A       		.byte	0x3a
 12866 30b7 5E010000 		.4byte	0x15e
 12867 30bb 37       		.uleb128 0x37
ARM GAS  C:\Users\user\AppData\Local\Temp\ccoNEg7E.s 			page 257


 12868 30bc 89020000 		.4byte	.LASF160
 12869 30c0 89020000 		.4byte	.LASF160
 12870 30c4 04       		.byte	0x4
 12871 30c5 6A0A     		.2byte	0xa6a
 12872 30c7 37       		.uleb128 0x37
 12873 30c8 78030000 		.4byte	.LASF161
 12874 30cc 78030000 		.4byte	.LASF161
 12875 30d0 04       		.byte	0x4
 12876 30d1 010A     		.2byte	0xa01
 12877 30d3 37       		.uleb128 0x37
 12878 30d4 2B040000 		.4byte	.LASF162
 12879 30d8 2B040000 		.4byte	.LASF162
 12880 30dc 04       		.byte	0x4
 12881 30dd 8C09     		.2byte	0x98c
 12882 30df 37       		.uleb128 0x37
 12883 30e0 8F060000 		.4byte	.LASF163
 12884 30e4 8F060000 		.4byte	.LASF163
 12885 30e8 04       		.byte	0x4
 12886 30e9 5C0A     		.2byte	0xa5c
 12887 30eb 37       		.uleb128 0x37
 12888 30ec F3000000 		.4byte	.LASF164
 12889 30f0 F3000000 		.4byte	.LASF164
 12890 30f4 04       		.byte	0x4
 12891 30f5 F109     		.2byte	0x9f1
 12892 30f7 37       		.uleb128 0x37
 12893 30f8 2F020000 		.4byte	.LASF165
 12894 30fc 2F020000 		.4byte	.LASF165
 12895 3100 04       		.byte	0x4
 12896 3101 7E09     		.2byte	0x97e
 12897 3103 37       		.uleb128 0x37
 12898 3104 89080000 		.4byte	.LASF166
 12899 3108 89080000 		.4byte	.LASF166
 12900 310c 04       		.byte	0x4
 12901 310d 4E0A     		.2byte	0xa4e
 12902 310f 37       		.uleb128 0x37
 12903 3110 91070000 		.4byte	.LASF167
 12904 3114 91070000 		.4byte	.LASF167
 12905 3118 04       		.byte	0x4
 12906 3119 E109     		.2byte	0x9e1
 12907 311b 37       		.uleb128 0x37
 12908 311c A9050000 		.4byte	.LASF168
 12909 3120 A9050000 		.4byte	.LASF168
 12910 3124 04       		.byte	0x4
 12911 3125 7009     		.2byte	0x970
 12912 3127 37       		.uleb128 0x37
 12913 3128 78020000 		.4byte	.LASF169
 12914 312c 78020000 		.4byte	.LASF169
 12915 3130 04       		.byte	0x4
 12916 3131 400A     		.2byte	0xa40
 12917 3133 37       		.uleb128 0x37
 12918 3134 58030000 		.4byte	.LASF170
 12919 3138 58030000 		.4byte	.LASF170
 12920 313c 04       		.byte	0x4
 12921 313d D209     		.2byte	0x9d2
 12922 313f 37       		.uleb128 0x37
 12923 3140 0E040000 		.4byte	.LASF171
 12924 3144 0E040000 		.4byte	.LASF171
ARM GAS  C:\Users\user\AppData\Local\Temp\ccoNEg7E.s 			page 258


 12925 3148 04       		.byte	0x4
 12926 3149 6209     		.2byte	0x962
 12927 314b 38       		.uleb128 0x38
 12928 314c BA070000 		.4byte	.LASF187
 12929 3150 BA070000 		.4byte	.LASF187
 12930 3154 37       		.uleb128 0x37
 12931 3155 1A040000 		.4byte	.LASF172
 12932 3159 1A040000 		.4byte	.LASF172
 12933 315d 04       		.byte	0x4
 12934 315e C619     		.2byte	0x19c6
 12935 3160 37       		.uleb128 0x37
 12936 3161 1E020000 		.4byte	.LASF173
 12937 3165 1E020000 		.4byte	.LASF173
 12938 3169 04       		.byte	0x4
 12939 316a D219     		.2byte	0x19d2
 12940 316c 37       		.uleb128 0x37
 12941 316d BA040000 		.4byte	.LASF174
 12942 3171 BA040000 		.4byte	.LASF174
 12943 3175 04       		.byte	0x4
 12944 3176 DE19     		.2byte	0x19de
 12945 3178 39       		.uleb128 0x39
 12946 3179 90030000 		.4byte	.LASF175
 12947 317d 90030000 		.4byte	.LASF175
 12948 3181 08       		.byte	0x8
 12949 3182 3F       		.byte	0x3f
 12950 3183 39       		.uleb128 0x39
 12951 3184 E2020000 		.4byte	.LASF176
 12952 3188 E2020000 		.4byte	.LASF176
 12953 318c 09       		.byte	0x9
 12954 318d 33       		.byte	0x33
 12955 318e 39       		.uleb128 0x39
 12956 318f A5030000 		.4byte	.LASF177
 12957 3193 A5030000 		.4byte	.LASF177
 12958 3197 0A       		.byte	0xa
 12959 3198 7D       		.byte	0x7d
 12960 3199 39       		.uleb128 0x39
 12961 319a 21000000 		.4byte	.LASF178
 12962 319e 21000000 		.4byte	.LASF178
 12963 31a2 0A       		.byte	0xa
 12964 31a3 7E       		.byte	0x7e
 12965 31a4 39       		.uleb128 0x39
 12966 31a5 C5050000 		.4byte	.LASF179
 12967 31a9 C5050000 		.4byte	.LASF179
 12968 31ad 08       		.byte	0x8
 12969 31ae 36       		.byte	0x36
 12970 31af 39       		.uleb128 0x39
 12971 31b0 60060000 		.4byte	.LASF180
 12972 31b4 60060000 		.4byte	.LASF180
 12973 31b8 09       		.byte	0x9
 12974 31b9 34       		.byte	0x34
 12975 31ba 39       		.uleb128 0x39
 12976 31bb CA040000 		.4byte	.LASF181
 12977 31bf CA040000 		.4byte	.LASF181
 12978 31c3 09       		.byte	0x9
 12979 31c4 31       		.byte	0x31
 12980 31c5 00       		.byte	0
 12981              		.section	.debug_abbrev,"",%progbits
ARM GAS  C:\Users\user\AppData\Local\Temp\ccoNEg7E.s 			page 259


 12982              	.Ldebug_abbrev0:
 12983 0000 01       		.uleb128 0x1
 12984 0001 11       		.uleb128 0x11
 12985 0002 01       		.byte	0x1
 12986 0003 25       		.uleb128 0x25
 12987 0004 0E       		.uleb128 0xe
 12988 0005 13       		.uleb128 0x13
 12989 0006 0B       		.uleb128 0xb
 12990 0007 03       		.uleb128 0x3
 12991 0008 0E       		.uleb128 0xe
 12992 0009 1B       		.uleb128 0x1b
 12993 000a 0E       		.uleb128 0xe
 12994 000b 55       		.uleb128 0x55
 12995 000c 17       		.uleb128 0x17
 12996 000d 11       		.uleb128 0x11
 12997 000e 01       		.uleb128 0x1
 12998 000f 10       		.uleb128 0x10
 12999 0010 17       		.uleb128 0x17
 13000 0011 00       		.byte	0
 13001 0012 00       		.byte	0
 13002 0013 02       		.uleb128 0x2
 13003 0014 24       		.uleb128 0x24
 13004 0015 00       		.byte	0
 13005 0016 0B       		.uleb128 0xb
 13006 0017 0B       		.uleb128 0xb
 13007 0018 3E       		.uleb128 0x3e
 13008 0019 0B       		.uleb128 0xb
 13009 001a 03       		.uleb128 0x3
 13010 001b 0E       		.uleb128 0xe
 13011 001c 00       		.byte	0
 13012 001d 00       		.byte	0
 13013 001e 03       		.uleb128 0x3
 13014 001f 16       		.uleb128 0x16
 13015 0020 00       		.byte	0
 13016 0021 03       		.uleb128 0x3
 13017 0022 0E       		.uleb128 0xe
 13018 0023 3A       		.uleb128 0x3a
 13019 0024 0B       		.uleb128 0xb
 13020 0025 3B       		.uleb128 0x3b
 13021 0026 0B       		.uleb128 0xb
 13022 0027 49       		.uleb128 0x49
 13023 0028 13       		.uleb128 0x13
 13024 0029 00       		.byte	0
 13025 002a 00       		.byte	0
 13026 002b 04       		.uleb128 0x4
 13027 002c 24       		.uleb128 0x24
 13028 002d 00       		.byte	0
 13029 002e 0B       		.uleb128 0xb
 13030 002f 0B       		.uleb128 0xb
 13031 0030 3E       		.uleb128 0x3e
 13032 0031 0B       		.uleb128 0xb
 13033 0032 03       		.uleb128 0x3
 13034 0033 08       		.uleb128 0x8
 13035 0034 00       		.byte	0
 13036 0035 00       		.byte	0
 13037 0036 05       		.uleb128 0x5
 13038 0037 16       		.uleb128 0x16
ARM GAS  C:\Users\user\AppData\Local\Temp\ccoNEg7E.s 			page 260


 13039 0038 00       		.byte	0
 13040 0039 03       		.uleb128 0x3
 13041 003a 0E       		.uleb128 0xe
 13042 003b 3A       		.uleb128 0x3a
 13043 003c 0B       		.uleb128 0xb
 13044 003d 3B       		.uleb128 0x3b
 13045 003e 05       		.uleb128 0x5
 13046 003f 49       		.uleb128 0x49
 13047 0040 13       		.uleb128 0x13
 13048 0041 00       		.byte	0
 13049 0042 00       		.byte	0
 13050 0043 06       		.uleb128 0x6
 13051 0044 35       		.uleb128 0x35
 13052 0045 00       		.byte	0
 13053 0046 49       		.uleb128 0x49
 13054 0047 13       		.uleb128 0x13
 13055 0048 00       		.byte	0
 13056 0049 00       		.byte	0
 13057 004a 07       		.uleb128 0x7
 13058 004b 13       		.uleb128 0x13
 13059 004c 01       		.byte	0x1
 13060 004d 0B       		.uleb128 0xb
 13061 004e 05       		.uleb128 0x5
 13062 004f 3A       		.uleb128 0x3a
 13063 0050 0B       		.uleb128 0xb
 13064 0051 3B       		.uleb128 0x3b
 13065 0052 0B       		.uleb128 0xb
 13066 0053 01       		.uleb128 0x1
 13067 0054 13       		.uleb128 0x13
 13068 0055 00       		.byte	0
 13069 0056 00       		.byte	0
 13070 0057 08       		.uleb128 0x8
 13071 0058 0D       		.uleb128 0xd
 13072 0059 00       		.byte	0
 13073 005a 03       		.uleb128 0x3
 13074 005b 0E       		.uleb128 0xe
 13075 005c 3A       		.uleb128 0x3a
 13076 005d 0B       		.uleb128 0xb
 13077 005e 3B       		.uleb128 0x3b
 13078 005f 0B       		.uleb128 0xb
 13079 0060 49       		.uleb128 0x49
 13080 0061 13       		.uleb128 0x13
 13081 0062 38       		.uleb128 0x38
 13082 0063 0B       		.uleb128 0xb
 13083 0064 00       		.byte	0
 13084 0065 00       		.byte	0
 13085 0066 09       		.uleb128 0x9
 13086 0067 0D       		.uleb128 0xd
 13087 0068 00       		.byte	0
 13088 0069 03       		.uleb128 0x3
 13089 006a 08       		.uleb128 0x8
 13090 006b 3A       		.uleb128 0x3a
 13091 006c 0B       		.uleb128 0xb
 13092 006d 3B       		.uleb128 0x3b
 13093 006e 0B       		.uleb128 0xb
 13094 006f 49       		.uleb128 0x49
 13095 0070 13       		.uleb128 0x13
ARM GAS  C:\Users\user\AppData\Local\Temp\ccoNEg7E.s 			page 261


 13096 0071 38       		.uleb128 0x38
 13097 0072 0B       		.uleb128 0xb
 13098 0073 00       		.byte	0
 13099 0074 00       		.byte	0
 13100 0075 0A       		.uleb128 0xa
 13101 0076 0D       		.uleb128 0xd
 13102 0077 00       		.byte	0
 13103 0078 03       		.uleb128 0x3
 13104 0079 08       		.uleb128 0x8
 13105 007a 3A       		.uleb128 0x3a
 13106 007b 0B       		.uleb128 0xb
 13107 007c 3B       		.uleb128 0x3b
 13108 007d 0B       		.uleb128 0xb
 13109 007e 49       		.uleb128 0x49
 13110 007f 13       		.uleb128 0x13
 13111 0080 38       		.uleb128 0x38
 13112 0081 05       		.uleb128 0x5
 13113 0082 00       		.byte	0
 13114 0083 00       		.byte	0
 13115 0084 0B       		.uleb128 0xb
 13116 0085 0D       		.uleb128 0xd
 13117 0086 00       		.byte	0
 13118 0087 03       		.uleb128 0x3
 13119 0088 0E       		.uleb128 0xe
 13120 0089 3A       		.uleb128 0x3a
 13121 008a 0B       		.uleb128 0xb
 13122 008b 3B       		.uleb128 0x3b
 13123 008c 0B       		.uleb128 0xb
 13124 008d 49       		.uleb128 0x49
 13125 008e 13       		.uleb128 0x13
 13126 008f 38       		.uleb128 0x38
 13127 0090 05       		.uleb128 0x5
 13128 0091 00       		.byte	0
 13129 0092 00       		.byte	0
 13130 0093 0C       		.uleb128 0xc
 13131 0094 01       		.uleb128 0x1
 13132 0095 01       		.byte	0x1
 13133 0096 49       		.uleb128 0x49
 13134 0097 13       		.uleb128 0x13
 13135 0098 01       		.uleb128 0x1
 13136 0099 13       		.uleb128 0x13
 13137 009a 00       		.byte	0
 13138 009b 00       		.byte	0
 13139 009c 0D       		.uleb128 0xd
 13140 009d 21       		.uleb128 0x21
 13141 009e 00       		.byte	0
 13142 009f 49       		.uleb128 0x49
 13143 00a0 13       		.uleb128 0x13
 13144 00a1 2F       		.uleb128 0x2f
 13145 00a2 0B       		.uleb128 0xb
 13146 00a3 00       		.byte	0
 13147 00a4 00       		.byte	0
 13148 00a5 0E       		.uleb128 0xe
 13149 00a6 2E       		.uleb128 0x2e
 13150 00a7 01       		.byte	0x1
 13151 00a8 03       		.uleb128 0x3
 13152 00a9 0E       		.uleb128 0xe
ARM GAS  C:\Users\user\AppData\Local\Temp\ccoNEg7E.s 			page 262


 13153 00aa 3A       		.uleb128 0x3a
 13154 00ab 0B       		.uleb128 0xb
 13155 00ac 3B       		.uleb128 0x3b
 13156 00ad 0B       		.uleb128 0xb
 13157 00ae 27       		.uleb128 0x27
 13158 00af 19       		.uleb128 0x19
 13159 00b0 49       		.uleb128 0x49
 13160 00b1 13       		.uleb128 0x13
 13161 00b2 20       		.uleb128 0x20
 13162 00b3 0B       		.uleb128 0xb
 13163 00b4 01       		.uleb128 0x1
 13164 00b5 13       		.uleb128 0x13
 13165 00b6 00       		.byte	0
 13166 00b7 00       		.byte	0
 13167 00b8 0F       		.uleb128 0xf
 13168 00b9 05       		.uleb128 0x5
 13169 00ba 00       		.byte	0
 13170 00bb 03       		.uleb128 0x3
 13171 00bc 08       		.uleb128 0x8
 13172 00bd 3A       		.uleb128 0x3a
 13173 00be 0B       		.uleb128 0xb
 13174 00bf 3B       		.uleb128 0x3b
 13175 00c0 0B       		.uleb128 0xb
 13176 00c1 49       		.uleb128 0x49
 13177 00c2 13       		.uleb128 0x13
 13178 00c3 00       		.byte	0
 13179 00c4 00       		.byte	0
 13180 00c5 10       		.uleb128 0x10
 13181 00c6 2E       		.uleb128 0x2e
 13182 00c7 01       		.byte	0x1
 13183 00c8 03       		.uleb128 0x3
 13184 00c9 0E       		.uleb128 0xe
 13185 00ca 3A       		.uleb128 0x3a
 13186 00cb 0B       		.uleb128 0xb
 13187 00cc 3B       		.uleb128 0x3b
 13188 00cd 0B       		.uleb128 0xb
 13189 00ce 27       		.uleb128 0x27
 13190 00cf 19       		.uleb128 0x19
 13191 00d0 20       		.uleb128 0x20
 13192 00d1 0B       		.uleb128 0xb
 13193 00d2 01       		.uleb128 0x1
 13194 00d3 13       		.uleb128 0x13
 13195 00d4 00       		.byte	0
 13196 00d5 00       		.byte	0
 13197 00d6 11       		.uleb128 0x11
 13198 00d7 34       		.uleb128 0x34
 13199 00d8 00       		.byte	0
 13200 00d9 03       		.uleb128 0x3
 13201 00da 0E       		.uleb128 0xe
 13202 00db 3A       		.uleb128 0x3a
 13203 00dc 0B       		.uleb128 0xb
 13204 00dd 3B       		.uleb128 0x3b
 13205 00de 0B       		.uleb128 0xb
 13206 00df 49       		.uleb128 0x49
 13207 00e0 13       		.uleb128 0x13
 13208 00e1 00       		.byte	0
 13209 00e2 00       		.byte	0
ARM GAS  C:\Users\user\AppData\Local\Temp\ccoNEg7E.s 			page 263


 13210 00e3 12       		.uleb128 0x12
 13211 00e4 0F       		.uleb128 0xf
 13212 00e5 00       		.byte	0
 13213 00e6 0B       		.uleb128 0xb
 13214 00e7 0B       		.uleb128 0xb
 13215 00e8 49       		.uleb128 0x49
 13216 00e9 13       		.uleb128 0x13
 13217 00ea 00       		.byte	0
 13218 00eb 00       		.byte	0
 13219 00ec 13       		.uleb128 0x13
 13220 00ed 2E       		.uleb128 0x2e
 13221 00ee 01       		.byte	0x1
 13222 00ef 03       		.uleb128 0x3
 13223 00f0 0E       		.uleb128 0xe
 13224 00f1 3A       		.uleb128 0x3a
 13225 00f2 0B       		.uleb128 0xb
 13226 00f3 3B       		.uleb128 0x3b
 13227 00f4 0B       		.uleb128 0xb
 13228 00f5 27       		.uleb128 0x27
 13229 00f6 19       		.uleb128 0x19
 13230 00f7 49       		.uleb128 0x49
 13231 00f8 13       		.uleb128 0x13
 13232 00f9 11       		.uleb128 0x11
 13233 00fa 01       		.uleb128 0x1
 13234 00fb 12       		.uleb128 0x12
 13235 00fc 06       		.uleb128 0x6
 13236 00fd 40       		.uleb128 0x40
 13237 00fe 18       		.uleb128 0x18
 13238 00ff 9642     		.uleb128 0x2116
 13239 0101 19       		.uleb128 0x19
 13240 0102 01       		.uleb128 0x1
 13241 0103 13       		.uleb128 0x13
 13242 0104 00       		.byte	0
 13243 0105 00       		.byte	0
 13244 0106 14       		.uleb128 0x14
 13245 0107 05       		.uleb128 0x5
 13246 0108 00       		.byte	0
 13247 0109 03       		.uleb128 0x3
 13248 010a 08       		.uleb128 0x8
 13249 010b 3A       		.uleb128 0x3a
 13250 010c 0B       		.uleb128 0xb
 13251 010d 3B       		.uleb128 0x3b
 13252 010e 0B       		.uleb128 0xb
 13253 010f 49       		.uleb128 0x49
 13254 0110 13       		.uleb128 0x13
 13255 0111 02       		.uleb128 0x2
 13256 0112 17       		.uleb128 0x17
 13257 0113 00       		.byte	0
 13258 0114 00       		.byte	0
 13259 0115 15       		.uleb128 0x15
 13260 0116 2E       		.uleb128 0x2e
 13261 0117 01       		.byte	0x1
 13262 0118 03       		.uleb128 0x3
 13263 0119 0E       		.uleb128 0xe
 13264 011a 3A       		.uleb128 0x3a
 13265 011b 0B       		.uleb128 0xb
 13266 011c 3B       		.uleb128 0x3b
ARM GAS  C:\Users\user\AppData\Local\Temp\ccoNEg7E.s 			page 264


 13267 011d 0B       		.uleb128 0xb
 13268 011e 27       		.uleb128 0x27
 13269 011f 19       		.uleb128 0x19
 13270 0120 49       		.uleb128 0x49
 13271 0121 13       		.uleb128 0x13
 13272 0122 11       		.uleb128 0x11
 13273 0123 01       		.uleb128 0x1
 13274 0124 12       		.uleb128 0x12
 13275 0125 06       		.uleb128 0x6
 13276 0126 40       		.uleb128 0x40
 13277 0127 18       		.uleb128 0x18
 13278 0128 9742     		.uleb128 0x2117
 13279 012a 19       		.uleb128 0x19
 13280 012b 01       		.uleb128 0x1
 13281 012c 13       		.uleb128 0x13
 13282 012d 00       		.byte	0
 13283 012e 00       		.byte	0
 13284 012f 16       		.uleb128 0x16
 13285 0130 2E       		.uleb128 0x2e
 13286 0131 01       		.byte	0x1
 13287 0132 03       		.uleb128 0x3
 13288 0133 0E       		.uleb128 0xe
 13289 0134 3A       		.uleb128 0x3a
 13290 0135 0B       		.uleb128 0xb
 13291 0136 3B       		.uleb128 0x3b
 13292 0137 05       		.uleb128 0x5
 13293 0138 27       		.uleb128 0x27
 13294 0139 19       		.uleb128 0x19
 13295 013a 49       		.uleb128 0x49
 13296 013b 13       		.uleb128 0x13
 13297 013c 11       		.uleb128 0x11
 13298 013d 01       		.uleb128 0x1
 13299 013e 12       		.uleb128 0x12
 13300 013f 06       		.uleb128 0x6
 13301 0140 40       		.uleb128 0x40
 13302 0141 18       		.uleb128 0x18
 13303 0142 9642     		.uleb128 0x2116
 13304 0144 19       		.uleb128 0x19
 13305 0145 01       		.uleb128 0x1
 13306 0146 13       		.uleb128 0x13
 13307 0147 00       		.byte	0
 13308 0148 00       		.byte	0
 13309 0149 17       		.uleb128 0x17
 13310 014a 05       		.uleb128 0x5
 13311 014b 00       		.byte	0
 13312 014c 03       		.uleb128 0x3
 13313 014d 08       		.uleb128 0x8
 13314 014e 3A       		.uleb128 0x3a
 13315 014f 0B       		.uleb128 0xb
 13316 0150 3B       		.uleb128 0x3b
 13317 0151 05       		.uleb128 0x5
 13318 0152 49       		.uleb128 0x49
 13319 0153 13       		.uleb128 0x13
 13320 0154 02       		.uleb128 0x2
 13321 0155 17       		.uleb128 0x17
 13322 0156 00       		.byte	0
 13323 0157 00       		.byte	0
ARM GAS  C:\Users\user\AppData\Local\Temp\ccoNEg7E.s 			page 265


 13324 0158 18       		.uleb128 0x18
 13325 0159 34       		.uleb128 0x34
 13326 015a 00       		.byte	0
 13327 015b 03       		.uleb128 0x3
 13328 015c 08       		.uleb128 0x8
 13329 015d 3A       		.uleb128 0x3a
 13330 015e 0B       		.uleb128 0xb
 13331 015f 3B       		.uleb128 0x3b
 13332 0160 05       		.uleb128 0x5
 13333 0161 49       		.uleb128 0x49
 13334 0162 13       		.uleb128 0x13
 13335 0163 02       		.uleb128 0x2
 13336 0164 17       		.uleb128 0x17
 13337 0165 00       		.byte	0
 13338 0166 00       		.byte	0
 13339 0167 19       		.uleb128 0x19
 13340 0168 34       		.uleb128 0x34
 13341 0169 00       		.byte	0
 13342 016a 03       		.uleb128 0x3
 13343 016b 08       		.uleb128 0x8
 13344 016c 3A       		.uleb128 0x3a
 13345 016d 0B       		.uleb128 0xb
 13346 016e 3B       		.uleb128 0x3b
 13347 016f 05       		.uleb128 0x5
 13348 0170 49       		.uleb128 0x49
 13349 0171 13       		.uleb128 0x13
 13350 0172 02       		.uleb128 0x2
 13351 0173 18       		.uleb128 0x18
 13352 0174 00       		.byte	0
 13353 0175 00       		.byte	0
 13354 0176 1A       		.uleb128 0x1a
 13355 0177 34       		.uleb128 0x34
 13356 0178 00       		.byte	0
 13357 0179 03       		.uleb128 0x3
 13358 017a 08       		.uleb128 0x8
 13359 017b 3A       		.uleb128 0x3a
 13360 017c 0B       		.uleb128 0xb
 13361 017d 3B       		.uleb128 0x3b
 13362 017e 05       		.uleb128 0x5
 13363 017f 49       		.uleb128 0x49
 13364 0180 13       		.uleb128 0x13
 13365 0181 00       		.byte	0
 13366 0182 00       		.byte	0
 13367 0183 1B       		.uleb128 0x1b
 13368 0184 1D       		.uleb128 0x1d
 13369 0185 01       		.byte	0x1
 13370 0186 31       		.uleb128 0x31
 13371 0187 13       		.uleb128 0x13
 13372 0188 11       		.uleb128 0x11
 13373 0189 01       		.uleb128 0x1
 13374 018a 12       		.uleb128 0x12
 13375 018b 06       		.uleb128 0x6
 13376 018c 58       		.uleb128 0x58
 13377 018d 0B       		.uleb128 0xb
 13378 018e 59       		.uleb128 0x59
 13379 018f 05       		.uleb128 0x5
 13380 0190 01       		.uleb128 0x1
ARM GAS  C:\Users\user\AppData\Local\Temp\ccoNEg7E.s 			page 266


 13381 0191 13       		.uleb128 0x13
 13382 0192 00       		.byte	0
 13383 0193 00       		.byte	0
 13384 0194 1C       		.uleb128 0x1c
 13385 0195 05       		.uleb128 0x5
 13386 0196 00       		.byte	0
 13387 0197 31       		.uleb128 0x31
 13388 0198 13       		.uleb128 0x13
 13389 0199 02       		.uleb128 0x2
 13390 019a 17       		.uleb128 0x17
 13391 019b 00       		.byte	0
 13392 019c 00       		.byte	0
 13393 019d 1D       		.uleb128 0x1d
 13394 019e 05       		.uleb128 0x5
 13395 019f 00       		.byte	0
 13396 01a0 31       		.uleb128 0x31
 13397 01a1 13       		.uleb128 0x13
 13398 01a2 00       		.byte	0
 13399 01a3 00       		.byte	0
 13400 01a4 1E       		.uleb128 0x1e
 13401 01a5 898201   		.uleb128 0x4109
 13402 01a8 01       		.byte	0x1
 13403 01a9 11       		.uleb128 0x11
 13404 01aa 01       		.uleb128 0x1
 13405 01ab 31       		.uleb128 0x31
 13406 01ac 13       		.uleb128 0x13
 13407 01ad 00       		.byte	0
 13408 01ae 00       		.byte	0
 13409 01af 1F       		.uleb128 0x1f
 13410 01b0 8A8201   		.uleb128 0x410a
 13411 01b3 00       		.byte	0
 13412 01b4 02       		.uleb128 0x2
 13413 01b5 18       		.uleb128 0x18
 13414 01b6 9142     		.uleb128 0x2111
 13415 01b8 18       		.uleb128 0x18
 13416 01b9 00       		.byte	0
 13417 01ba 00       		.byte	0
 13418 01bb 20       		.uleb128 0x20
 13419 01bc 26       		.uleb128 0x26
 13420 01bd 00       		.byte	0
 13421 01be 49       		.uleb128 0x49
 13422 01bf 13       		.uleb128 0x13
 13423 01c0 00       		.byte	0
 13424 01c1 00       		.byte	0
 13425 01c2 21       		.uleb128 0x21
 13426 01c3 2E       		.uleb128 0x2e
 13427 01c4 01       		.byte	0x1
 13428 01c5 03       		.uleb128 0x3
 13429 01c6 0E       		.uleb128 0xe
 13430 01c7 3A       		.uleb128 0x3a
 13431 01c8 0B       		.uleb128 0xb
 13432 01c9 3B       		.uleb128 0x3b
 13433 01ca 05       		.uleb128 0x5
 13434 01cb 27       		.uleb128 0x27
 13435 01cc 19       		.uleb128 0x19
 13436 01cd 11       		.uleb128 0x11
 13437 01ce 01       		.uleb128 0x1
ARM GAS  C:\Users\user\AppData\Local\Temp\ccoNEg7E.s 			page 267


 13438 01cf 12       		.uleb128 0x12
 13439 01d0 06       		.uleb128 0x6
 13440 01d1 40       		.uleb128 0x40
 13441 01d2 18       		.uleb128 0x18
 13442 01d3 9642     		.uleb128 0x2116
 13443 01d5 19       		.uleb128 0x19
 13444 01d6 01       		.uleb128 0x1
 13445 01d7 13       		.uleb128 0x13
 13446 01d8 00       		.byte	0
 13447 01d9 00       		.byte	0
 13448 01da 22       		.uleb128 0x22
 13449 01db 05       		.uleb128 0x5
 13450 01dc 00       		.byte	0
 13451 01dd 03       		.uleb128 0x3
 13452 01de 0E       		.uleb128 0xe
 13453 01df 3A       		.uleb128 0x3a
 13454 01e0 0B       		.uleb128 0xb
 13455 01e1 3B       		.uleb128 0x3b
 13456 01e2 05       		.uleb128 0x5
 13457 01e3 49       		.uleb128 0x49
 13458 01e4 13       		.uleb128 0x13
 13459 01e5 02       		.uleb128 0x2
 13460 01e6 17       		.uleb128 0x17
 13461 01e7 00       		.byte	0
 13462 01e8 00       		.byte	0
 13463 01e9 23       		.uleb128 0x23
 13464 01ea 34       		.uleb128 0x34
 13465 01eb 00       		.byte	0
 13466 01ec 03       		.uleb128 0x3
 13467 01ed 0E       		.uleb128 0xe
 13468 01ee 3A       		.uleb128 0x3a
 13469 01ef 0B       		.uleb128 0xb
 13470 01f0 3B       		.uleb128 0x3b
 13471 01f1 05       		.uleb128 0x5
 13472 01f2 49       		.uleb128 0x49
 13473 01f3 13       		.uleb128 0x13
 13474 01f4 02       		.uleb128 0x2
 13475 01f5 17       		.uleb128 0x17
 13476 01f6 00       		.byte	0
 13477 01f7 00       		.byte	0
 13478 01f8 24       		.uleb128 0x24
 13479 01f9 34       		.uleb128 0x34
 13480 01fa 00       		.byte	0
 13481 01fb 03       		.uleb128 0x3
 13482 01fc 0E       		.uleb128 0xe
 13483 01fd 3A       		.uleb128 0x3a
 13484 01fe 0B       		.uleb128 0xb
 13485 01ff 3B       		.uleb128 0x3b
 13486 0200 05       		.uleb128 0x5
 13487 0201 49       		.uleb128 0x49
 13488 0202 13       		.uleb128 0x13
 13489 0203 00       		.byte	0
 13490 0204 00       		.byte	0
 13491 0205 25       		.uleb128 0x25
 13492 0206 34       		.uleb128 0x34
 13493 0207 00       		.byte	0
 13494 0208 03       		.uleb128 0x3
ARM GAS  C:\Users\user\AppData\Local\Temp\ccoNEg7E.s 			page 268


 13495 0209 0E       		.uleb128 0xe
 13496 020a 3A       		.uleb128 0x3a
 13497 020b 0B       		.uleb128 0xb
 13498 020c 3B       		.uleb128 0x3b
 13499 020d 05       		.uleb128 0x5
 13500 020e 49       		.uleb128 0x49
 13501 020f 13       		.uleb128 0x13
 13502 0210 02       		.uleb128 0x2
 13503 0211 18       		.uleb128 0x18
 13504 0212 00       		.byte	0
 13505 0213 00       		.byte	0
 13506 0214 26       		.uleb128 0x26
 13507 0215 898201   		.uleb128 0x4109
 13508 0218 01       		.byte	0x1
 13509 0219 11       		.uleb128 0x11
 13510 021a 01       		.uleb128 0x1
 13511 021b 31       		.uleb128 0x31
 13512 021c 13       		.uleb128 0x13
 13513 021d 01       		.uleb128 0x1
 13514 021e 13       		.uleb128 0x13
 13515 021f 00       		.byte	0
 13516 0220 00       		.byte	0
 13517 0221 27       		.uleb128 0x27
 13518 0222 2E       		.uleb128 0x2e
 13519 0223 01       		.byte	0x1
 13520 0224 03       		.uleb128 0x3
 13521 0225 0E       		.uleb128 0xe
 13522 0226 3A       		.uleb128 0x3a
 13523 0227 0B       		.uleb128 0xb
 13524 0228 3B       		.uleb128 0x3b
 13525 0229 05       		.uleb128 0x5
 13526 022a 27       		.uleb128 0x27
 13527 022b 19       		.uleb128 0x19
 13528 022c 11       		.uleb128 0x11
 13529 022d 01       		.uleb128 0x1
 13530 022e 12       		.uleb128 0x12
 13531 022f 06       		.uleb128 0x6
 13532 0230 40       		.uleb128 0x40
 13533 0231 18       		.uleb128 0x18
 13534 0232 9742     		.uleb128 0x2117
 13535 0234 19       		.uleb128 0x19
 13536 0235 01       		.uleb128 0x1
 13537 0236 13       		.uleb128 0x13
 13538 0237 00       		.byte	0
 13539 0238 00       		.byte	0
 13540 0239 28       		.uleb128 0x28
 13541 023a 898201   		.uleb128 0x4109
 13542 023d 00       		.byte	0
 13543 023e 11       		.uleb128 0x11
 13544 023f 01       		.uleb128 0x1
 13545 0240 31       		.uleb128 0x31
 13546 0241 13       		.uleb128 0x13
 13547 0242 00       		.byte	0
 13548 0243 00       		.byte	0
 13549 0244 29       		.uleb128 0x29
 13550 0245 2E       		.uleb128 0x2e
 13551 0246 01       		.byte	0x1
ARM GAS  C:\Users\user\AppData\Local\Temp\ccoNEg7E.s 			page 269


 13552 0247 03       		.uleb128 0x3
 13553 0248 0E       		.uleb128 0xe
 13554 0249 3A       		.uleb128 0x3a
 13555 024a 0B       		.uleb128 0xb
 13556 024b 3B       		.uleb128 0x3b
 13557 024c 05       		.uleb128 0x5
 13558 024d 27       		.uleb128 0x27
 13559 024e 19       		.uleb128 0x19
 13560 024f 49       		.uleb128 0x49
 13561 0250 13       		.uleb128 0x13
 13562 0251 11       		.uleb128 0x11
 13563 0252 01       		.uleb128 0x1
 13564 0253 12       		.uleb128 0x12
 13565 0254 06       		.uleb128 0x6
 13566 0255 40       		.uleb128 0x40
 13567 0256 18       		.uleb128 0x18
 13568 0257 9742     		.uleb128 0x2117
 13569 0259 19       		.uleb128 0x19
 13570 025a 01       		.uleb128 0x1
 13571 025b 13       		.uleb128 0x13
 13572 025c 00       		.byte	0
 13573 025d 00       		.byte	0
 13574 025e 2A       		.uleb128 0x2a
 13575 025f 0B       		.uleb128 0xb
 13576 0260 01       		.byte	0x1
 13577 0261 11       		.uleb128 0x11
 13578 0262 01       		.uleb128 0x1
 13579 0263 12       		.uleb128 0x12
 13580 0264 06       		.uleb128 0x6
 13581 0265 01       		.uleb128 0x1
 13582 0266 13       		.uleb128 0x13
 13583 0267 00       		.byte	0
 13584 0268 00       		.byte	0
 13585 0269 2B       		.uleb128 0x2b
 13586 026a 0B       		.uleb128 0xb
 13587 026b 01       		.byte	0x1
 13588 026c 11       		.uleb128 0x11
 13589 026d 01       		.uleb128 0x1
 13590 026e 12       		.uleb128 0x12
 13591 026f 06       		.uleb128 0x6
 13592 0270 00       		.byte	0
 13593 0271 00       		.byte	0
 13594 0272 2C       		.uleb128 0x2c
 13595 0273 34       		.uleb128 0x34
 13596 0274 00       		.byte	0
 13597 0275 31       		.uleb128 0x31
 13598 0276 13       		.uleb128 0x13
 13599 0277 02       		.uleb128 0x2
 13600 0278 17       		.uleb128 0x17
 13601 0279 00       		.byte	0
 13602 027a 00       		.byte	0
 13603 027b 2D       		.uleb128 0x2d
 13604 027c 2E       		.uleb128 0x2e
 13605 027d 01       		.byte	0x1
 13606 027e 3F       		.uleb128 0x3f
 13607 027f 19       		.uleb128 0x19
 13608 0280 03       		.uleb128 0x3
ARM GAS  C:\Users\user\AppData\Local\Temp\ccoNEg7E.s 			page 270


 13609 0281 0E       		.uleb128 0xe
 13610 0282 3A       		.uleb128 0x3a
 13611 0283 0B       		.uleb128 0xb
 13612 0284 3B       		.uleb128 0x3b
 13613 0285 05       		.uleb128 0x5
 13614 0286 27       		.uleb128 0x27
 13615 0287 19       		.uleb128 0x19
 13616 0288 11       		.uleb128 0x11
 13617 0289 01       		.uleb128 0x1
 13618 028a 12       		.uleb128 0x12
 13619 028b 06       		.uleb128 0x6
 13620 028c 40       		.uleb128 0x40
 13621 028d 18       		.uleb128 0x18
 13622 028e 9742     		.uleb128 0x2117
 13623 0290 19       		.uleb128 0x19
 13624 0291 01       		.uleb128 0x1
 13625 0292 13       		.uleb128 0x13
 13626 0293 00       		.byte	0
 13627 0294 00       		.byte	0
 13628 0295 2E       		.uleb128 0x2e
 13629 0296 2E       		.uleb128 0x2e
 13630 0297 01       		.byte	0x1
 13631 0298 3F       		.uleb128 0x3f
 13632 0299 19       		.uleb128 0x19
 13633 029a 03       		.uleb128 0x3
 13634 029b 0E       		.uleb128 0xe
 13635 029c 3A       		.uleb128 0x3a
 13636 029d 0B       		.uleb128 0xb
 13637 029e 3B       		.uleb128 0x3b
 13638 029f 05       		.uleb128 0x5
 13639 02a0 27       		.uleb128 0x27
 13640 02a1 19       		.uleb128 0x19
 13641 02a2 11       		.uleb128 0x11
 13642 02a3 01       		.uleb128 0x1
 13643 02a4 12       		.uleb128 0x12
 13644 02a5 06       		.uleb128 0x6
 13645 02a6 40       		.uleb128 0x40
 13646 02a7 18       		.uleb128 0x18
 13647 02a8 9642     		.uleb128 0x2116
 13648 02aa 19       		.uleb128 0x19
 13649 02ab 01       		.uleb128 0x1
 13650 02ac 13       		.uleb128 0x13
 13651 02ad 00       		.byte	0
 13652 02ae 00       		.byte	0
 13653 02af 2F       		.uleb128 0x2f
 13654 02b0 0B       		.uleb128 0xb
 13655 02b1 01       		.byte	0x1
 13656 02b2 55       		.uleb128 0x55
 13657 02b3 17       		.uleb128 0x17
 13658 02b4 01       		.uleb128 0x1
 13659 02b5 13       		.uleb128 0x13
 13660 02b6 00       		.byte	0
 13661 02b7 00       		.byte	0
 13662 02b8 30       		.uleb128 0x30
 13663 02b9 0B       		.uleb128 0xb
 13664 02ba 01       		.byte	0x1
 13665 02bb 55       		.uleb128 0x55
ARM GAS  C:\Users\user\AppData\Local\Temp\ccoNEg7E.s 			page 271


 13666 02bc 17       		.uleb128 0x17
 13667 02bd 00       		.byte	0
 13668 02be 00       		.byte	0
 13669 02bf 31       		.uleb128 0x31
 13670 02c0 2E       		.uleb128 0x2e
 13671 02c1 00       		.byte	0
 13672 02c2 3F       		.uleb128 0x3f
 13673 02c3 19       		.uleb128 0x19
 13674 02c4 03       		.uleb128 0x3
 13675 02c5 0E       		.uleb128 0xe
 13676 02c6 3A       		.uleb128 0x3a
 13677 02c7 0B       		.uleb128 0xb
 13678 02c8 3B       		.uleb128 0x3b
 13679 02c9 05       		.uleb128 0x5
 13680 02ca 27       		.uleb128 0x27
 13681 02cb 19       		.uleb128 0x19
 13682 02cc 49       		.uleb128 0x49
 13683 02cd 13       		.uleb128 0x13
 13684 02ce 11       		.uleb128 0x11
 13685 02cf 01       		.uleb128 0x1
 13686 02d0 12       		.uleb128 0x12
 13687 02d1 06       		.uleb128 0x6
 13688 02d2 40       		.uleb128 0x40
 13689 02d3 18       		.uleb128 0x18
 13690 02d4 9742     		.uleb128 0x2117
 13691 02d6 19       		.uleb128 0x19
 13692 02d7 00       		.byte	0
 13693 02d8 00       		.byte	0
 13694 02d9 32       		.uleb128 0x32
 13695 02da 05       		.uleb128 0x5
 13696 02db 00       		.byte	0
 13697 02dc 03       		.uleb128 0x3
 13698 02dd 0E       		.uleb128 0xe
 13699 02de 3A       		.uleb128 0x3a
 13700 02df 0B       		.uleb128 0xb
 13701 02e0 3B       		.uleb128 0x3b
 13702 02e1 05       		.uleb128 0x5
 13703 02e2 49       		.uleb128 0x49
 13704 02e3 13       		.uleb128 0x13
 13705 02e4 02       		.uleb128 0x2
 13706 02e5 18       		.uleb128 0x18
 13707 02e6 00       		.byte	0
 13708 02e7 00       		.byte	0
 13709 02e8 33       		.uleb128 0x33
 13710 02e9 34       		.uleb128 0x34
 13711 02ea 00       		.byte	0
 13712 02eb 03       		.uleb128 0x3
 13713 02ec 0E       		.uleb128 0xe
 13714 02ed 3A       		.uleb128 0x3a
 13715 02ee 0B       		.uleb128 0xb
 13716 02ef 3B       		.uleb128 0x3b
 13717 02f0 0B       		.uleb128 0xb
 13718 02f1 49       		.uleb128 0x49
 13719 02f2 13       		.uleb128 0x13
 13720 02f3 02       		.uleb128 0x2
 13721 02f4 18       		.uleb128 0x18
 13722 02f5 00       		.byte	0
ARM GAS  C:\Users\user\AppData\Local\Temp\ccoNEg7E.s 			page 272


 13723 02f6 00       		.byte	0
 13724 02f7 34       		.uleb128 0x34
 13725 02f8 34       		.uleb128 0x34
 13726 02f9 00       		.byte	0
 13727 02fa 03       		.uleb128 0x3
 13728 02fb 0E       		.uleb128 0xe
 13729 02fc 3A       		.uleb128 0x3a
 13730 02fd 0B       		.uleb128 0xb
 13731 02fe 3B       		.uleb128 0x3b
 13732 02ff 05       		.uleb128 0x5
 13733 0300 49       		.uleb128 0x49
 13734 0301 13       		.uleb128 0x13
 13735 0302 3F       		.uleb128 0x3f
 13736 0303 19       		.uleb128 0x19
 13737 0304 3C       		.uleb128 0x3c
 13738 0305 19       		.uleb128 0x19
 13739 0306 00       		.byte	0
 13740 0307 00       		.byte	0
 13741 0308 35       		.uleb128 0x35
 13742 0309 34       		.uleb128 0x34
 13743 030a 00       		.byte	0
 13744 030b 03       		.uleb128 0x3
 13745 030c 0E       		.uleb128 0xe
 13746 030d 3A       		.uleb128 0x3a
 13747 030e 0B       		.uleb128 0xb
 13748 030f 3B       		.uleb128 0x3b
 13749 0310 0B       		.uleb128 0xb
 13750 0311 49       		.uleb128 0x49
 13751 0312 13       		.uleb128 0x13
 13752 0313 3F       		.uleb128 0x3f
 13753 0314 19       		.uleb128 0x19
 13754 0315 02       		.uleb128 0x2
 13755 0316 18       		.uleb128 0x18
 13756 0317 00       		.byte	0
 13757 0318 00       		.byte	0
 13758 0319 36       		.uleb128 0x36
 13759 031a 34       		.uleb128 0x34
 13760 031b 00       		.byte	0
 13761 031c 03       		.uleb128 0x3
 13762 031d 0E       		.uleb128 0xe
 13763 031e 3A       		.uleb128 0x3a
 13764 031f 0B       		.uleb128 0xb
 13765 0320 3B       		.uleb128 0x3b
 13766 0321 0B       		.uleb128 0xb
 13767 0322 49       		.uleb128 0x49
 13768 0323 13       		.uleb128 0x13
 13769 0324 3F       		.uleb128 0x3f
 13770 0325 19       		.uleb128 0x19
 13771 0326 3C       		.uleb128 0x3c
 13772 0327 19       		.uleb128 0x19
 13773 0328 00       		.byte	0
 13774 0329 00       		.byte	0
 13775 032a 37       		.uleb128 0x37
 13776 032b 2E       		.uleb128 0x2e
 13777 032c 00       		.byte	0
 13778 032d 3F       		.uleb128 0x3f
 13779 032e 19       		.uleb128 0x19
ARM GAS  C:\Users\user\AppData\Local\Temp\ccoNEg7E.s 			page 273


 13780 032f 3C       		.uleb128 0x3c
 13781 0330 19       		.uleb128 0x19
 13782 0331 6E       		.uleb128 0x6e
 13783 0332 0E       		.uleb128 0xe
 13784 0333 03       		.uleb128 0x3
 13785 0334 0E       		.uleb128 0xe
 13786 0335 3A       		.uleb128 0x3a
 13787 0336 0B       		.uleb128 0xb
 13788 0337 3B       		.uleb128 0x3b
 13789 0338 05       		.uleb128 0x5
 13790 0339 00       		.byte	0
 13791 033a 00       		.byte	0
 13792 033b 38       		.uleb128 0x38
 13793 033c 2E       		.uleb128 0x2e
 13794 033d 00       		.byte	0
 13795 033e 3F       		.uleb128 0x3f
 13796 033f 19       		.uleb128 0x19
 13797 0340 3C       		.uleb128 0x3c
 13798 0341 19       		.uleb128 0x19
 13799 0342 6E       		.uleb128 0x6e
 13800 0343 0E       		.uleb128 0xe
 13801 0344 03       		.uleb128 0x3
 13802 0345 0E       		.uleb128 0xe
 13803 0346 00       		.byte	0
 13804 0347 00       		.byte	0
 13805 0348 39       		.uleb128 0x39
 13806 0349 2E       		.uleb128 0x2e
 13807 034a 00       		.byte	0
 13808 034b 3F       		.uleb128 0x3f
 13809 034c 19       		.uleb128 0x19
 13810 034d 3C       		.uleb128 0x3c
 13811 034e 19       		.uleb128 0x19
 13812 034f 6E       		.uleb128 0x6e
 13813 0350 0E       		.uleb128 0xe
 13814 0351 03       		.uleb128 0x3
 13815 0352 0E       		.uleb128 0xe
 13816 0353 3A       		.uleb128 0x3a
 13817 0354 0B       		.uleb128 0xb
 13818 0355 3B       		.uleb128 0x3b
 13819 0356 0B       		.uleb128 0xb
 13820 0357 00       		.byte	0
 13821 0358 00       		.byte	0
 13822 0359 00       		.byte	0
 13823              		.section	.debug_loc,"",%progbits
 13824              	.Ldebug_loc0:
 13825              	.LLST0:
 13826 0000 00000000 		.4byte	.LVL0
 13827 0004 0D000000 		.4byte	.LVL2-1
 13828 0008 0100     		.2byte	0x1
 13829 000a 50       		.byte	0x50
 13830 000b 0D000000 		.4byte	.LVL2-1
 13831 000f 26000000 		.4byte	.LFE119
 13832 0013 0100     		.2byte	0x1
 13833 0015 55       		.byte	0x55
 13834 0016 00000000 		.4byte	0
 13835 001a 00000000 		.4byte	0
 13836              	.LLST1:
ARM GAS  C:\Users\user\AppData\Local\Temp\ccoNEg7E.s 			page 274


 13837 001e 00000000 		.4byte	.LVL0
 13838 0022 0A000000 		.4byte	.LVL1
 13839 0026 0100     		.2byte	0x1
 13840 0028 51       		.byte	0x51
 13841 0029 0A000000 		.4byte	.LVL1
 13842 002d 26000000 		.4byte	.LFE119
 13843 0031 0100     		.2byte	0x1
 13844 0033 56       		.byte	0x56
 13845 0034 00000000 		.4byte	0
 13846 0038 00000000 		.4byte	0
 13847              	.LLST2:
 13848 003c 00000000 		.4byte	.LVL0
 13849 0040 0D000000 		.4byte	.LVL2-1
 13850 0044 0100     		.2byte	0x1
 13851 0046 52       		.byte	0x52
 13852 0047 0D000000 		.4byte	.LVL2-1
 13853 004b 26000000 		.4byte	.LFE119
 13854 004f 0100     		.2byte	0x1
 13855 0051 54       		.byte	0x54
 13856 0052 00000000 		.4byte	0
 13857 0056 00000000 		.4byte	0
 13858              	.LLST3:
 13859 005a 00000000 		.4byte	.LVL6
 13860 005e 02000000 		.4byte	.LVL7
 13861 0062 0100     		.2byte	0x1
 13862 0064 50       		.byte	0x50
 13863 0065 02000000 		.4byte	.LVL7
 13864 0069 0E000000 		.4byte	.LFE120
 13865 006d 0400     		.2byte	0x4
 13866 006f F3       		.byte	0xf3
 13867 0070 01       		.uleb128 0x1
 13868 0071 50       		.byte	0x50
 13869 0072 9F       		.byte	0x9f
 13870 0073 00000000 		.4byte	0
 13871 0077 00000000 		.4byte	0
 13872              	.LLST4:
 13873 007b 00000000 		.4byte	.LVL8
 13874 007f 02000000 		.4byte	.LVL9
 13875 0083 0100     		.2byte	0x1
 13876 0085 50       		.byte	0x50
 13877 0086 02000000 		.4byte	.LVL9
 13878 008a 0E000000 		.4byte	.LFE121
 13879 008e 0400     		.2byte	0x4
 13880 0090 F3       		.byte	0xf3
 13881 0091 01       		.uleb128 0x1
 13882 0092 50       		.byte	0x50
 13883 0093 9F       		.byte	0x9f
 13884 0094 00000000 		.4byte	0
 13885 0098 00000000 		.4byte	0
 13886              	.LLST5:
 13887 009c 00000000 		.4byte	.LVL10
 13888 00a0 08000000 		.4byte	.LVL11
 13889 00a4 0100     		.2byte	0x1
 13890 00a6 50       		.byte	0x50
 13891 00a7 08000000 		.4byte	.LVL11
 13892 00ab CC000000 		.4byte	.LFE131
 13893 00af 0100     		.2byte	0x1
ARM GAS  C:\Users\user\AppData\Local\Temp\ccoNEg7E.s 			page 275


 13894 00b1 54       		.byte	0x54
 13895 00b2 00000000 		.4byte	0
 13896 00b6 00000000 		.4byte	0
 13897              	.LLST6:
 13898 00ba 00000000 		.4byte	.LVL10
 13899 00be 0B000000 		.4byte	.LVL12-1
 13900 00c2 0100     		.2byte	0x1
 13901 00c4 51       		.byte	0x51
 13902 00c5 0B000000 		.4byte	.LVL12-1
 13903 00c9 B6000000 		.4byte	.LVL33
 13904 00cd 0100     		.2byte	0x1
 13905 00cf 56       		.byte	0x56
 13906 00d0 B6000000 		.4byte	.LVL33
 13907 00d4 CC000000 		.4byte	.LFE131
 13908 00d8 0600     		.2byte	0x6
 13909 00da F3       		.byte	0xf3
 13910 00db 03       		.uleb128 0x3
 13911 00dc F5       		.byte	0xf5
 13912 00dd 01       		.uleb128 0x1
 13913 00de 25       		.uleb128 0x25
 13914 00df 9F       		.byte	0x9f
 13915 00e0 00000000 		.4byte	0
 13916 00e4 00000000 		.4byte	0
 13917              	.LLST7:
 13918 00e8 14000000 		.4byte	.LVL14
 13919 00ec 1A000000 		.4byte	.LVL15
 13920 00f0 0100     		.2byte	0x1
 13921 00f2 50       		.byte	0x50
 13922 00f3 1A000000 		.4byte	.LVL15
 13923 00f7 CC000000 		.4byte	.LFE131
 13924 00fb 0100     		.2byte	0x1
 13925 00fd 55       		.byte	0x55
 13926 00fe 00000000 		.4byte	0
 13927 0102 00000000 		.4byte	0
 13928              	.LLST8:
 13929 0106 00000000 		.4byte	.LVL36
 13930 010a 14000000 		.4byte	.LVL39
 13931 010e 0100     		.2byte	0x1
 13932 0110 50       		.byte	0x50
 13933 0111 14000000 		.4byte	.LVL39
 13934 0115 38010000 		.4byte	.LVL78
 13935 0119 0100     		.2byte	0x1
 13936 011b 56       		.byte	0x56
 13937 011c 38010000 		.4byte	.LVL78
 13938 0120 3C010000 		.4byte	.LFE138
 13939 0124 0400     		.2byte	0x4
 13940 0126 F3       		.byte	0xf3
 13941 0127 01       		.uleb128 0x1
 13942 0128 50       		.byte	0x50
 13943 0129 9F       		.byte	0x9f
 13944 012a 00000000 		.4byte	0
 13945 012e 00000000 		.4byte	0
 13946              	.LLST9:
 13947 0132 00000000 		.4byte	.LVL36
 13948 0136 12000000 		.4byte	.LVL38
 13949 013a 0100     		.2byte	0x1
 13950 013c 51       		.byte	0x51
ARM GAS  C:\Users\user\AppData\Local\Temp\ccoNEg7E.s 			page 276


 13951 013d 12000000 		.4byte	.LVL38
 13952 0141 54000000 		.4byte	.LVL48
 13953 0145 0100     		.2byte	0x1
 13954 0147 54       		.byte	0x54
 13955 0148 54000000 		.4byte	.LVL48
 13956 014c 3C010000 		.4byte	.LFE138
 13957 0150 0400     		.2byte	0x4
 13958 0152 F3       		.byte	0xf3
 13959 0153 01       		.uleb128 0x1
 13960 0154 51       		.byte	0x51
 13961 0155 9F       		.byte	0x9f
 13962 0156 00000000 		.4byte	0
 13963 015a 00000000 		.4byte	0
 13964              	.LLST10:
 13965 015e 00000000 		.4byte	.LVL36
 13966 0162 17000000 		.4byte	.LVL40-1
 13967 0166 0100     		.2byte	0x1
 13968 0168 52       		.byte	0x52
 13969 0169 17000000 		.4byte	.LVL40-1
 13970 016d E0000000 		.4byte	.LVL67
 13971 0171 0100     		.2byte	0x1
 13972 0173 57       		.byte	0x57
 13973 0174 E0000000 		.4byte	.LVL67
 13974 0178 3C010000 		.4byte	.LFE138
 13975 017c 0600     		.2byte	0x6
 13976 017e F3       		.byte	0xf3
 13977 017f 03       		.uleb128 0x3
 13978 0180 F5       		.byte	0xf5
 13979 0181 02       		.uleb128 0x2
 13980 0182 25       		.uleb128 0x25
 13981 0183 9F       		.byte	0x9f
 13982 0184 00000000 		.4byte	0
 13983 0188 00000000 		.4byte	0
 13984              	.LLST11:
 13985 018c 10000000 		.4byte	.LVL37
 13986 0190 38010000 		.4byte	.LVL78
 13987 0194 0100     		.2byte	0x1
 13988 0196 55       		.byte	0x55
 13989 0197 00000000 		.4byte	0
 13990 019b 00000000 		.4byte	0
 13991              	.LLST12:
 13992 019f D6000000 		.4byte	.LVL66
 13993 01a3 21010000 		.4byte	.LVL75-1
 13994 01a7 0100     		.2byte	0x1
 13995 01a9 51       		.byte	0x51
 13996 01aa 00000000 		.4byte	0
 13997 01ae 00000000 		.4byte	0
 13998              	.LLST13:
 13999 01b2 F4000000 		.4byte	.LVL68
 14000 01b6 12010000 		.4byte	.LVL70
 14001 01ba 0100     		.2byte	0x1
 14002 01bc 50       		.byte	0x50
 14003 01bd 14010000 		.4byte	.LVL71
 14004 01c1 18010000 		.4byte	.LVL72
 14005 01c5 0100     		.2byte	0x1
 14006 01c7 50       		.byte	0x50
 14007 01c8 1A010000 		.4byte	.LVL73
ARM GAS  C:\Users\user\AppData\Local\Temp\ccoNEg7E.s 			page 277


 14008 01cc 1E010000 		.4byte	.LVL74
 14009 01d0 0100     		.2byte	0x1
 14010 01d2 50       		.byte	0x50
 14011 01d3 00000000 		.4byte	0
 14012 01d7 00000000 		.4byte	0
 14013              	.LLST14:
 14014 01db 1A000000 		.4byte	.LVL41
 14015 01df 21000000 		.4byte	.LVL42-1
 14016 01e3 0100     		.2byte	0x1
 14017 01e5 50       		.byte	0x50
 14018 01e6 21000000 		.4byte	.LVL42-1
 14019 01ea 48000000 		.4byte	.LVL46
 14020 01ee 0100     		.2byte	0x1
 14021 01f0 58       		.byte	0x58
 14022 01f1 00000000 		.4byte	0
 14023 01f5 00000000 		.4byte	0
 14024              	.LLST15:
 14025 01f9 54000000 		.4byte	.LVL48
 14026 01fd 5B000000 		.4byte	.LVL49-1
 14027 0201 0100     		.2byte	0x1
 14028 0203 50       		.byte	0x50
 14029 0204 5B000000 		.4byte	.LVL49-1
 14030 0208 82000000 		.4byte	.LVL53
 14031 020c 0100     		.2byte	0x1
 14032 020e 54       		.byte	0x54
 14033 020f 00000000 		.4byte	0
 14034 0213 00000000 		.4byte	0
 14035              	.LLST16:
 14036 0217 8E000000 		.4byte	.LVL55
 14037 021b 95000000 		.4byte	.LVL56-1
 14038 021f 0100     		.2byte	0x1
 14039 0221 50       		.byte	0x50
 14040 0222 95000000 		.4byte	.LVL56-1
 14041 0226 B2000000 		.4byte	.LVL60
 14042 022a 0100     		.2byte	0x1
 14043 022c 54       		.byte	0x54
 14044 022d B4000000 		.4byte	.LVL61
 14045 0231 B8000000 		.4byte	.LVL62
 14046 0235 0100     		.2byte	0x1
 14047 0237 54       		.byte	0x54
 14048 0238 BA000000 		.4byte	.LVL63
 14049 023c BE000000 		.4byte	.LVL64
 14050 0240 0100     		.2byte	0x1
 14051 0242 54       		.byte	0x54
 14052 0243 00000000 		.4byte	0
 14053 0247 00000000 		.4byte	0
 14054              	.LLST17:
 14055 024b FC000000 		.4byte	.LVL69
 14056 024f 1E010000 		.4byte	.LVL74
 14057 0253 0600     		.2byte	0x6
 14058 0255 52       		.byte	0x52
 14059 0256 93       		.byte	0x93
 14060 0257 04       		.uleb128 0x4
 14061 0258 53       		.byte	0x53
 14062 0259 93       		.byte	0x93
 14063 025a 04       		.uleb128 0x4
 14064 025b 00000000 		.4byte	0
ARM GAS  C:\Users\user\AppData\Local\Temp\ccoNEg7E.s 			page 278


 14065 025f 00000000 		.4byte	0
 14066              	.LLST18:
 14067 0263 00000000 		.4byte	.LVL79
 14068 0267 13000000 		.4byte	.LVL82-1
 14069 026b 0100     		.2byte	0x1
 14070 026d 50       		.byte	0x50
 14071 026e 13000000 		.4byte	.LVL82-1
 14072 0272 20010000 		.4byte	.LVL114
 14073 0276 0100     		.2byte	0x1
 14074 0278 54       		.byte	0x54
 14075 0279 20010000 		.4byte	.LVL114
 14076 027d 24010000 		.4byte	.LFE142
 14077 0281 0400     		.2byte	0x4
 14078 0283 F3       		.byte	0xf3
 14079 0284 01       		.uleb128 0x1
 14080 0285 50       		.byte	0x50
 14081 0286 9F       		.byte	0x9f
 14082 0287 00000000 		.4byte	0
 14083 028b 00000000 		.4byte	0
 14084              	.LLST19:
 14085 028f 00000000 		.4byte	.LVL79
 14086 0293 10000000 		.4byte	.LVL81
 14087 0297 0100     		.2byte	0x1
 14088 0299 51       		.byte	0x51
 14089 029a 10000000 		.4byte	.LVL81
 14090 029e 24000000 		.4byte	.LVL85
 14091 02a2 0100     		.2byte	0x1
 14092 02a4 56       		.byte	0x56
 14093 02a5 24000000 		.4byte	.LVL85
 14094 02a9 24010000 		.4byte	.LFE142
 14095 02ad 0600     		.2byte	0x6
 14096 02af F3       		.byte	0xf3
 14097 02b0 03       		.uleb128 0x3
 14098 02b1 F5       		.byte	0xf5
 14099 02b2 01       		.uleb128 0x1
 14100 02b3 25       		.uleb128 0x25
 14101 02b4 9F       		.byte	0x9f
 14102 02b5 00000000 		.4byte	0
 14103 02b9 00000000 		.4byte	0
 14104              	.LLST20:
 14105 02bd 00000000 		.4byte	.LVL79
 14106 02c1 13000000 		.4byte	.LVL82-1
 14107 02c5 0100     		.2byte	0x1
 14108 02c7 52       		.byte	0x52
 14109 02c8 13000000 		.4byte	.LVL82-1
 14110 02cc 24010000 		.4byte	.LFE142
 14111 02d0 0600     		.2byte	0x6
 14112 02d2 F3       		.byte	0xf3
 14113 02d3 03       		.uleb128 0x3
 14114 02d4 F5       		.byte	0xf5
 14115 02d5 02       		.uleb128 0x2
 14116 02d6 25       		.uleb128 0x25
 14117 02d7 9F       		.byte	0x9f
 14118 02d8 00000000 		.4byte	0
 14119 02dc 00000000 		.4byte	0
 14120              	.LLST21:
 14121 02e0 0C000000 		.4byte	.LVL80
ARM GAS  C:\Users\user\AppData\Local\Temp\ccoNEg7E.s 			page 279


 14122 02e4 20010000 		.4byte	.LVL114
 14123 02e8 0100     		.2byte	0x1
 14124 02ea 55       		.byte	0x55
 14125 02eb 00000000 		.4byte	0
 14126 02ef 00000000 		.4byte	0
 14127              	.LLST22:
 14128 02f3 1C000000 		.4byte	.LVL83
 14129 02f7 21000000 		.4byte	.LVL84-1
 14130 02fb 0100     		.2byte	0x1
 14131 02fd 50       		.byte	0x50
 14132 02fe 00000000 		.4byte	0
 14133 0302 00000000 		.4byte	0
 14134              	.LLST23:
 14135 0306 24000000 		.4byte	.LVL85
 14136 030a 2B000000 		.4byte	.LVL86-1
 14137 030e 0100     		.2byte	0x1
 14138 0310 50       		.byte	0x50
 14139 0311 2B000000 		.4byte	.LVL86-1
 14140 0315 54000000 		.4byte	.LVL90
 14141 0319 0100     		.2byte	0x1
 14142 031b 56       		.byte	0x56
 14143 031c 00000000 		.4byte	0
 14144 0320 00000000 		.4byte	0
 14145              	.LLST24:
 14146 0324 70000000 		.4byte	.LVL93
 14147 0328 77000000 		.4byte	.LVL94-1
 14148 032c 0100     		.2byte	0x1
 14149 032e 50       		.byte	0x50
 14150 032f 77000000 		.4byte	.LVL94-1
 14151 0333 9E000000 		.4byte	.LVL98
 14152 0337 0100     		.2byte	0x1
 14153 0339 56       		.byte	0x56
 14154 033a 00000000 		.4byte	0
 14155 033e 00000000 		.4byte	0
 14156              	.LLST25:
 14157 0342 AC000000 		.4byte	.LVL100
 14158 0346 B3000000 		.4byte	.LVL101-1
 14159 034a 0100     		.2byte	0x1
 14160 034c 50       		.byte	0x50
 14161 034d B3000000 		.4byte	.LVL101-1
 14162 0351 DA000000 		.4byte	.LVL105
 14163 0355 0100     		.2byte	0x1
 14164 0357 56       		.byte	0x56
 14165 0358 00000000 		.4byte	0
 14166 035c 00000000 		.4byte	0
 14167              	.LLST26:
 14168 0360 E8000000 		.4byte	.LVL106
 14169 0364 ED000000 		.4byte	.LVL107-1
 14170 0368 0200     		.2byte	0x2
 14171 036a 91       		.byte	0x91
 14172 036b 58       		.sleb128 -40
 14173 036c 00000000 		.4byte	0
 14174 0370 00000000 		.4byte	0
 14175              	.LLST27:
 14176 0374 02010000 		.4byte	.LVL110
 14177 0378 07010000 		.4byte	.LVL111-1
 14178 037c 0200     		.2byte	0x2
ARM GAS  C:\Users\user\AppData\Local\Temp\ccoNEg7E.s 			page 280


 14179 037e 91       		.byte	0x91
 14180 037f 5C       		.sleb128 -36
 14181 0380 00000000 		.4byte	0
 14182 0384 00000000 		.4byte	0
 14183              	.LLST28:
 14184 0388 00000000 		.4byte	.LVL115
 14185 038c 16000000 		.4byte	.LVL118
 14186 0390 0100     		.2byte	0x1
 14187 0392 50       		.byte	0x50
 14188 0393 16000000 		.4byte	.LVL118
 14189 0397 4C010000 		.4byte	.LVL151
 14190 039b 0100     		.2byte	0x1
 14191 039d 56       		.byte	0x56
 14192 039e 4C010000 		.4byte	.LVL151
 14193 03a2 94010000 		.4byte	.LFE139
 14194 03a6 0400     		.2byte	0x4
 14195 03a8 F3       		.byte	0xf3
 14196 03a9 01       		.uleb128 0x1
 14197 03aa 50       		.byte	0x50
 14198 03ab 9F       		.byte	0x9f
 14199 03ac 00000000 		.4byte	0
 14200 03b0 00000000 		.4byte	0
 14201              	.LLST29:
 14202 03b4 00000000 		.4byte	.LVL115
 14203 03b8 14000000 		.4byte	.LVL117
 14204 03bc 0100     		.2byte	0x1
 14205 03be 51       		.byte	0x51
 14206 03bf 14000000 		.4byte	.LVL117
 14207 03c3 56000000 		.4byte	.LVL127
 14208 03c7 0100     		.2byte	0x1
 14209 03c9 57       		.byte	0x57
 14210 03ca 56000000 		.4byte	.LVL127
 14211 03ce 94010000 		.4byte	.LFE139
 14212 03d2 0400     		.2byte	0x4
 14213 03d4 F3       		.byte	0xf3
 14214 03d5 01       		.uleb128 0x1
 14215 03d6 51       		.byte	0x51
 14216 03d7 9F       		.byte	0x9f
 14217 03d8 00000000 		.4byte	0
 14218 03dc 00000000 		.4byte	0
 14219              	.LLST30:
 14220 03e0 00000000 		.4byte	.LVL115
 14221 03e4 19000000 		.4byte	.LVL119-1
 14222 03e8 0100     		.2byte	0x1
 14223 03ea 52       		.byte	0x52
 14224 03eb 19000000 		.4byte	.LVL119-1
 14225 03ef F2000000 		.4byte	.LVL143
 14226 03f3 0100     		.2byte	0x1
 14227 03f5 58       		.byte	0x58
 14228 03f6 F2000000 		.4byte	.LVL143
 14229 03fa 94010000 		.4byte	.LFE139
 14230 03fe 0600     		.2byte	0x6
 14231 0400 F3       		.byte	0xf3
 14232 0401 03       		.uleb128 0x3
 14233 0402 F5       		.byte	0xf5
 14234 0403 02       		.uleb128 0x2
 14235 0404 25       		.uleb128 0x25
ARM GAS  C:\Users\user\AppData\Local\Temp\ccoNEg7E.s 			page 281


 14236 0405 9F       		.byte	0x9f
 14237 0406 00000000 		.4byte	0
 14238 040a 00000000 		.4byte	0
 14239              	.LLST31:
 14240 040e 00000000 		.4byte	.LVL115
 14241 0412 19000000 		.4byte	.LVL119-1
 14242 0416 0100     		.2byte	0x1
 14243 0418 53       		.byte	0x53
 14244 0419 19000000 		.4byte	.LVL119-1
 14245 041d 8E010000 		.4byte	.LVL157
 14246 0421 0100     		.2byte	0x1
 14247 0423 55       		.byte	0x55
 14248 0424 8E010000 		.4byte	.LVL157
 14249 0428 94010000 		.4byte	.LFE139
 14250 042c 0400     		.2byte	0x4
 14251 042e F3       		.byte	0xf3
 14252 042f 01       		.uleb128 0x1
 14253 0430 53       		.byte	0x53
 14254 0431 9F       		.byte	0x9f
 14255 0432 00000000 		.4byte	0
 14256 0436 00000000 		.4byte	0
 14257              	.LLST32:
 14258 043a 12000000 		.4byte	.LVL116
 14259 043e 8E010000 		.4byte	.LVL157
 14260 0442 0100     		.2byte	0x1
 14261 0444 54       		.byte	0x54
 14262 0445 00000000 		.4byte	0
 14263 0449 00000000 		.4byte	0
 14264              	.LLST33:
 14265 044d E8000000 		.4byte	.LVL142
 14266 0451 1B010000 		.4byte	.LVL146-1
 14267 0455 0100     		.2byte	0x1
 14268 0457 53       		.byte	0x53
 14269 0458 00000000 		.4byte	0
 14270 045c 00000000 		.4byte	0
 14271              	.LLST34:
 14272 0460 46010000 		.4byte	.LVL150
 14273 0464 75010000 		.4byte	.LVL154-1
 14274 0468 0100     		.2byte	0x1
 14275 046a 53       		.byte	0x53
 14276 046b 00000000 		.4byte	0
 14277 046f 00000000 		.4byte	0
 14278              	.LLST35:
 14279 0473 1C000000 		.4byte	.LVL120
 14280 0477 23000000 		.4byte	.LVL121-1
 14281 047b 0100     		.2byte	0x1
 14282 047d 50       		.byte	0x50
 14283 047e 23000000 		.4byte	.LVL121-1
 14284 0482 4A000000 		.4byte	.LVL125
 14285 0486 0100     		.2byte	0x1
 14286 0488 59       		.byte	0x59
 14287 0489 00000000 		.4byte	0
 14288 048d 00000000 		.4byte	0
 14289              	.LLST36:
 14290 0491 56000000 		.4byte	.LVL127
 14291 0495 5D000000 		.4byte	.LVL128-1
 14292 0499 0100     		.2byte	0x1
ARM GAS  C:\Users\user\AppData\Local\Temp\ccoNEg7E.s 			page 282


 14293 049b 50       		.byte	0x50
 14294 049c 5D000000 		.4byte	.LVL128-1
 14295 04a0 84000000 		.4byte	.LVL132
 14296 04a4 0100     		.2byte	0x1
 14297 04a6 57       		.byte	0x57
 14298 04a7 00000000 		.4byte	0
 14299 04ab 00000000 		.4byte	0
 14300              	.LLST37:
 14301 04af 90000000 		.4byte	.LVL134
 14302 04b3 97000000 		.4byte	.LVL135-1
 14303 04b7 0100     		.2byte	0x1
 14304 04b9 50       		.byte	0x50
 14305 04ba 97000000 		.4byte	.LVL135-1
 14306 04be C0000000 		.4byte	.LVL139
 14307 04c2 0100     		.2byte	0x1
 14308 04c4 57       		.byte	0x57
 14309 04c5 00000000 		.4byte	0
 14310 04c9 00000000 		.4byte	0
 14311              	.LLST38:
 14312 04cd F6000000 		.4byte	.LVL144
 14313 04d1 18010000 		.4byte	.LVL145
 14314 04d5 0600     		.2byte	0x6
 14315 04d7 58       		.byte	0x58
 14316 04d8 93       		.byte	0x93
 14317 04d9 04       		.uleb128 0x4
 14318 04da 59       		.byte	0x59
 14319 04db 93       		.byte	0x93
 14320 04dc 04       		.uleb128 0x4
 14321 04dd 00000000 		.4byte	0
 14322 04e1 00000000 		.4byte	0
 14323              	.LLST39:
 14324 04e5 50010000 		.4byte	.LVL152
 14325 04e9 72010000 		.4byte	.LVL153
 14326 04ed 0600     		.2byte	0x6
 14327 04ef 56       		.byte	0x56
 14328 04f0 93       		.byte	0x93
 14329 04f1 04       		.uleb128 0x4
 14330 04f2 57       		.byte	0x57
 14331 04f3 93       		.byte	0x93
 14332 04f4 04       		.uleb128 0x4
 14333 04f5 00000000 		.4byte	0
 14334 04f9 00000000 		.4byte	0
 14335              	.LLST40:
 14336 04fd 00000000 		.4byte	.LVL158
 14337 0501 19000000 		.4byte	.LVL161-1
 14338 0505 0100     		.2byte	0x1
 14339 0507 50       		.byte	0x50
 14340 0508 19000000 		.4byte	.LVL161-1
 14341 050c 32010000 		.4byte	.LVL198
 14342 0510 0100     		.2byte	0x1
 14343 0512 54       		.byte	0x54
 14344 0513 32010000 		.4byte	.LVL198
 14345 0517 38010000 		.4byte	.LFE141
 14346 051b 0400     		.2byte	0x4
 14347 051d F3       		.byte	0xf3
 14348 051e 01       		.uleb128 0x1
 14349 051f 50       		.byte	0x50
ARM GAS  C:\Users\user\AppData\Local\Temp\ccoNEg7E.s 			page 283


 14350 0520 9F       		.byte	0x9f
 14351 0521 00000000 		.4byte	0
 14352 0525 00000000 		.4byte	0
 14353              	.LLST41:
 14354 0529 00000000 		.4byte	.LVL158
 14355 052d 16000000 		.4byte	.LVL160
 14356 0531 0100     		.2byte	0x1
 14357 0533 51       		.byte	0x51
 14358 0534 16000000 		.4byte	.LVL160
 14359 0538 2A000000 		.4byte	.LVL164
 14360 053c 0100     		.2byte	0x1
 14361 053e 58       		.byte	0x58
 14362 053f 2A000000 		.4byte	.LVL164
 14363 0543 38010000 		.4byte	.LFE141
 14364 0547 0600     		.2byte	0x6
 14365 0549 F3       		.byte	0xf3
 14366 054a 03       		.uleb128 0x3
 14367 054b F5       		.byte	0xf5
 14368 054c 01       		.uleb128 0x1
 14369 054d 25       		.uleb128 0x25
 14370 054e 9F       		.byte	0x9f
 14371 054f 00000000 		.4byte	0
 14372 0553 00000000 		.4byte	0
 14373              	.LLST42:
 14374 0557 00000000 		.4byte	.LVL158
 14375 055b 19000000 		.4byte	.LVL161-1
 14376 055f 0100     		.2byte	0x1
 14377 0561 52       		.byte	0x52
 14378 0562 19000000 		.4byte	.LVL161-1
 14379 0566 38010000 		.4byte	.LFE141
 14380 056a 0600     		.2byte	0x6
 14381 056c F3       		.byte	0xf3
 14382 056d 03       		.uleb128 0x3
 14383 056e F5       		.byte	0xf5
 14384 056f 02       		.uleb128 0x2
 14385 0570 25       		.uleb128 0x25
 14386 0571 9F       		.byte	0x9f
 14387 0572 00000000 		.4byte	0
 14388 0576 00000000 		.4byte	0
 14389              	.LLST43:
 14390 057a 00000000 		.4byte	.LVL158
 14391 057e 19000000 		.4byte	.LVL161-1
 14392 0582 0100     		.2byte	0x1
 14393 0584 53       		.byte	0x53
 14394 0585 19000000 		.4byte	.LVL161-1
 14395 0589 32010000 		.4byte	.LVL198
 14396 058d 0100     		.2byte	0x1
 14397 058f 57       		.byte	0x57
 14398 0590 32010000 		.4byte	.LVL198
 14399 0594 38010000 		.4byte	.LFE141
 14400 0598 0600     		.2byte	0x6
 14401 059a F3       		.byte	0xf3
 14402 059b 03       		.uleb128 0x3
 14403 059c F5       		.byte	0xf5
 14404 059d 03       		.uleb128 0x3
 14405 059e 25       		.uleb128 0x25
 14406 059f 9F       		.byte	0x9f
ARM GAS  C:\Users\user\AppData\Local\Temp\ccoNEg7E.s 			page 284


 14407 05a0 00000000 		.4byte	0
 14408 05a4 00000000 		.4byte	0
 14409              	.LLST44:
 14410 05a8 10000000 		.4byte	.LVL159
 14411 05ac 32010000 		.4byte	.LVL198
 14412 05b0 0100     		.2byte	0x1
 14413 05b2 55       		.byte	0x55
 14414 05b3 00000000 		.4byte	0
 14415 05b7 00000000 		.4byte	0
 14416              	.LLST45:
 14417 05bb 22000000 		.4byte	.LVL162
 14418 05bf 27000000 		.4byte	.LVL163-1
 14419 05c3 0100     		.2byte	0x1
 14420 05c5 50       		.byte	0x50
 14421 05c6 00000000 		.4byte	0
 14422 05ca 00000000 		.4byte	0
 14423              	.LLST46:
 14424 05ce 2A000000 		.4byte	.LVL164
 14425 05d2 31000000 		.4byte	.LVL165-1
 14426 05d6 0100     		.2byte	0x1
 14427 05d8 50       		.byte	0x50
 14428 05d9 31000000 		.4byte	.LVL165-1
 14429 05dd 4E000000 		.4byte	.LVL169
 14430 05e1 0100     		.2byte	0x1
 14431 05e3 58       		.byte	0x58
 14432 05e4 50000000 		.4byte	.LVL170
 14433 05e8 54000000 		.4byte	.LVL171
 14434 05ec 0100     		.2byte	0x1
 14435 05ee 58       		.byte	0x58
 14436 05ef 56000000 		.4byte	.LVL172
 14437 05f3 5A000000 		.4byte	.LVL173
 14438 05f7 0100     		.2byte	0x1
 14439 05f9 58       		.byte	0x58
 14440 05fa 00000000 		.4byte	0
 14441 05fe 00000000 		.4byte	0
 14442              	.LLST47:
 14443 0602 82000000 		.4byte	.LVL177
 14444 0606 89000000 		.4byte	.LVL178-1
 14445 060a 0100     		.2byte	0x1
 14446 060c 50       		.byte	0x50
 14447 060d 89000000 		.4byte	.LVL178-1
 14448 0611 B0000000 		.4byte	.LVL182
 14449 0615 0100     		.2byte	0x1
 14450 0617 56       		.byte	0x56
 14451 0618 00000000 		.4byte	0
 14452 061c 00000000 		.4byte	0
 14453              	.LLST48:
 14454 0620 BC000000 		.4byte	.LVL184
 14455 0624 C3000000 		.4byte	.LVL185-1
 14456 0628 0100     		.2byte	0x1
 14457 062a 50       		.byte	0x50
 14458 062b C3000000 		.4byte	.LVL185-1
 14459 062f EA000000 		.4byte	.LVL189
 14460 0633 0100     		.2byte	0x1
 14461 0635 56       		.byte	0x56
 14462 0636 00000000 		.4byte	0
 14463 063a 00000000 		.4byte	0
ARM GAS  C:\Users\user\AppData\Local\Temp\ccoNEg7E.s 			page 285


 14464              	.LLST49:
 14465 063e F8000000 		.4byte	.LVL190
 14466 0642 FD000000 		.4byte	.LVL191-1
 14467 0646 0200     		.2byte	0x2
 14468 0648 91       		.byte	0x91
 14469 0649 48       		.sleb128 -56
 14470 064a 00000000 		.4byte	0
 14471 064e 00000000 		.4byte	0
 14472              	.LLST50:
 14473 0652 12010000 		.4byte	.LVL194
 14474 0656 17010000 		.4byte	.LVL195-1
 14475 065a 0200     		.2byte	0x2
 14476 065c 91       		.byte	0x91
 14477 065d 4C       		.sleb128 -52
 14478 065e 00000000 		.4byte	0
 14479 0662 00000000 		.4byte	0
 14480              	.LLST51:
 14481 0666 00000000 		.4byte	.LVL199
 14482 066a 0F000000 		.4byte	.LVL201-1
 14483 066e 0100     		.2byte	0x1
 14484 0670 50       		.byte	0x50
 14485 0671 0F000000 		.4byte	.LVL201-1
 14486 0675 12000000 		.4byte	.LFE143
 14487 0679 0400     		.2byte	0x4
 14488 067b F3       		.byte	0xf3
 14489 067c 01       		.uleb128 0x1
 14490 067d 50       		.byte	0x50
 14491 067e 9F       		.byte	0x9f
 14492 067f 00000000 		.4byte	0
 14493 0683 00000000 		.4byte	0
 14494              	.LLST52:
 14495 0687 00000000 		.4byte	.LVL199
 14496 068b 0C000000 		.4byte	.LVL200
 14497 068f 0100     		.2byte	0x1
 14498 0691 51       		.byte	0x51
 14499 0692 0C000000 		.4byte	.LVL200
 14500 0696 0F000000 		.4byte	.LVL201-1
 14501 069a 0100     		.2byte	0x1
 14502 069c 52       		.byte	0x52
 14503 069d 0F000000 		.4byte	.LVL201-1
 14504 06a1 12000000 		.4byte	.LFE143
 14505 06a5 0600     		.2byte	0x6
 14506 06a7 F3       		.byte	0xf3
 14507 06a8 03       		.uleb128 0x3
 14508 06a9 F5       		.byte	0xf5
 14509 06aa 01       		.uleb128 0x1
 14510 06ab 25       		.uleb128 0x25
 14511 06ac 9F       		.byte	0x9f
 14512 06ad 00000000 		.4byte	0
 14513 06b1 00000000 		.4byte	0
 14514              	.LLST53:
 14515 06b5 00000000 		.4byte	.LVL202
 14516 06b9 10000000 		.4byte	.LVL204
 14517 06bd 0100     		.2byte	0x1
 14518 06bf 50       		.byte	0x50
 14519 06c0 10000000 		.4byte	.LVL204
 14520 06c4 C2000000 		.4byte	.LVL225
ARM GAS  C:\Users\user\AppData\Local\Temp\ccoNEg7E.s 			page 286


 14521 06c8 0100     		.2byte	0x1
 14522 06ca 54       		.byte	0x54
 14523 06cb C2000000 		.4byte	.LVL225
 14524 06cf 38010000 		.4byte	.LFE140
 14525 06d3 0400     		.2byte	0x4
 14526 06d5 F3       		.byte	0xf3
 14527 06d6 01       		.uleb128 0x1
 14528 06d7 50       		.byte	0x50
 14529 06d8 9F       		.byte	0x9f
 14530 06d9 00000000 		.4byte	0
 14531 06dd 00000000 		.4byte	0
 14532              	.LLST54:
 14533 06e1 0A000000 		.4byte	.LVL203
 14534 06e5 32010000 		.4byte	.LVL236
 14535 06e9 0100     		.2byte	0x1
 14536 06eb 56       		.byte	0x56
 14537 06ec 00000000 		.4byte	0
 14538 06f0 00000000 		.4byte	0
 14539              	.LLST55:
 14540 06f4 9C000000 		.4byte	.LVL220
 14541 06f8 32010000 		.4byte	.LVL236
 14542 06fc 0100     		.2byte	0x1
 14543 06fe 55       		.byte	0x55
 14544 06ff 00000000 		.4byte	0
 14545 0703 00000000 		.4byte	0
 14546              	.LLST56:
 14547 0707 BA000000 		.4byte	.LVL223
 14548 070b BF000000 		.4byte	.LVL224-1
 14549 070f 0100     		.2byte	0x1
 14550 0711 50       		.byte	0x50
 14551 0712 00000000 		.4byte	0
 14552 0716 00000000 		.4byte	0
 14553              	.LLST57:
 14554 071a 16000000 		.4byte	.LVL206
 14555 071e 1D000000 		.4byte	.LVL207-1
 14556 0722 0100     		.2byte	0x1
 14557 0724 50       		.byte	0x50
 14558 0725 1D000000 		.4byte	.LVL207-1
 14559 0729 44000000 		.4byte	.LVL211
 14560 072d 0100     		.2byte	0x1
 14561 072f 55       		.byte	0x55
 14562 0730 00000000 		.4byte	0
 14563 0734 00000000 		.4byte	0
 14564              	.LLST58:
 14565 0738 52000000 		.4byte	.LVL213
 14566 073c 59000000 		.4byte	.LVL214-1
 14567 0740 0100     		.2byte	0x1
 14568 0742 50       		.byte	0x50
 14569 0743 59000000 		.4byte	.LVL214-1
 14570 0747 80000000 		.4byte	.LVL218
 14571 074b 0100     		.2byte	0x1
 14572 074d 55       		.byte	0x55
 14573 074e 00000000 		.4byte	0
 14574 0752 00000000 		.4byte	0
 14575              	.LLST59:
 14576 0756 C2000000 		.4byte	.LVL225
 14577 075a C9000000 		.4byte	.LVL226-1
ARM GAS  C:\Users\user\AppData\Local\Temp\ccoNEg7E.s 			page 287


 14578 075e 0100     		.2byte	0x1
 14579 0760 50       		.byte	0x50
 14580 0761 C9000000 		.4byte	.LVL226-1
 14581 0765 F0000000 		.4byte	.LVL230
 14582 0769 0100     		.2byte	0x1
 14583 076b 54       		.byte	0x54
 14584 076c 00000000 		.4byte	0
 14585 0770 00000000 		.4byte	0
 14586              	.LLST60:
 14587 0774 F8000000 		.4byte	.LVL231
 14588 0778 1A010000 		.4byte	.LVL232
 14589 077c 0600     		.2byte	0x6
 14590 077e 52       		.byte	0x52
 14591 077f 93       		.byte	0x93
 14592 0780 04       		.uleb128 0x4
 14593 0781 53       		.byte	0x53
 14594 0782 93       		.byte	0x93
 14595 0783 04       		.uleb128 0x4
 14596 0784 00000000 		.4byte	0
 14597 0788 00000000 		.4byte	0
 14598              	.LLST61:
 14599 078c 00000000 		.4byte	.LVL237
 14600 0790 14000000 		.4byte	.LVL240
 14601 0794 0100     		.2byte	0x1
 14602 0796 50       		.byte	0x50
 14603 0797 14000000 		.4byte	.LVL240
 14604 079b 46010000 		.4byte	.LVL280
 14605 079f 0100     		.2byte	0x1
 14606 07a1 55       		.byte	0x55
 14607 07a2 46010000 		.4byte	.LVL280
 14608 07a6 50010000 		.4byte	.LFE144
 14609 07aa 0400     		.2byte	0x4
 14610 07ac F3       		.byte	0xf3
 14611 07ad 01       		.uleb128 0x1
 14612 07ae 50       		.byte	0x50
 14613 07af 9F       		.byte	0x9f
 14614 07b0 00000000 		.4byte	0
 14615 07b4 00000000 		.4byte	0
 14616              	.LLST62:
 14617 07b8 00000000 		.4byte	.LVL237
 14618 07bc 12000000 		.4byte	.LVL239
 14619 07c0 0100     		.2byte	0x1
 14620 07c2 51       		.byte	0x51
 14621 07c3 12000000 		.4byte	.LVL239
 14622 07c7 56000000 		.4byte	.LVL249
 14623 07cb 0100     		.2byte	0x1
 14624 07cd 56       		.byte	0x56
 14625 07ce 56000000 		.4byte	.LVL249
 14626 07d2 50010000 		.4byte	.LFE144
 14627 07d6 0400     		.2byte	0x4
 14628 07d8 F3       		.byte	0xf3
 14629 07d9 01       		.uleb128 0x1
 14630 07da 51       		.byte	0x51
 14631 07db 9F       		.byte	0x9f
 14632 07dc 00000000 		.4byte	0
 14633 07e0 00000000 		.4byte	0
 14634              	.LLST63:
ARM GAS  C:\Users\user\AppData\Local\Temp\ccoNEg7E.s 			page 288


 14635 07e4 00000000 		.4byte	.LVL237
 14636 07e8 17000000 		.4byte	.LVL241-1
 14637 07ec 0100     		.2byte	0x1
 14638 07ee 52       		.byte	0x52
 14639 07ef 17000000 		.4byte	.LVL241-1
 14640 07f3 46010000 		.4byte	.LVL280
 14641 07f7 0100     		.2byte	0x1
 14642 07f9 57       		.byte	0x57
 14643 07fa 46010000 		.4byte	.LVL280
 14644 07fe 50010000 		.4byte	.LFE144
 14645 0802 0600     		.2byte	0x6
 14646 0804 F3       		.byte	0xf3
 14647 0805 03       		.uleb128 0x3
 14648 0806 F5       		.byte	0xf5
 14649 0807 02       		.uleb128 0x2
 14650 0808 25       		.uleb128 0x25
 14651 0809 9F       		.byte	0x9f
 14652 080a 00000000 		.4byte	0
 14653 080e 00000000 		.4byte	0
 14654              	.LLST64:
 14655 0812 10000000 		.4byte	.LVL238
 14656 0816 46010000 		.4byte	.LVL280
 14657 081a 0100     		.2byte	0x1
 14658 081c 54       		.byte	0x54
 14659 081d 00000000 		.4byte	0
 14660 0821 00000000 		.4byte	0
 14661              	.LLST65:
 14662 0825 1A000000 		.4byte	.LVL242
 14663 0829 21000000 		.4byte	.LVL243-1
 14664 082d 0100     		.2byte	0x1
 14665 082f 50       		.byte	0x50
 14666 0830 21000000 		.4byte	.LVL243-1
 14667 0834 48000000 		.4byte	.LVL247
 14668 0838 0100     		.2byte	0x1
 14669 083a 58       		.byte	0x58
 14670 083b 00000000 		.4byte	0
 14671 083f 00000000 		.4byte	0
 14672              	.LLST66:
 14673 0843 56000000 		.4byte	.LVL249
 14674 0847 5D000000 		.4byte	.LVL250-1
 14675 084b 0100     		.2byte	0x1
 14676 084d 50       		.byte	0x50
 14677 084e 5D000000 		.4byte	.LVL250-1
 14678 0852 84000000 		.4byte	.LVL254
 14679 0856 0100     		.2byte	0x1
 14680 0858 56       		.byte	0x56
 14681 0859 00000000 		.4byte	0
 14682 085d 00000000 		.4byte	0
 14683              	.LLST67:
 14684 0861 92000000 		.4byte	.LVL256
 14685 0865 99000000 		.4byte	.LVL257-1
 14686 0869 0100     		.2byte	0x1
 14687 086b 50       		.byte	0x50
 14688 086c 99000000 		.4byte	.LVL257-1
 14689 0870 B6000000 		.4byte	.LVL261
 14690 0874 0100     		.2byte	0x1
 14691 0876 56       		.byte	0x56
ARM GAS  C:\Users\user\AppData\Local\Temp\ccoNEg7E.s 			page 289


 14692 0877 B8000000 		.4byte	.LVL262
 14693 087b BC000000 		.4byte	.LVL263
 14694 087f 0100     		.2byte	0x1
 14695 0881 56       		.byte	0x56
 14696 0882 BE000000 		.4byte	.LVL264
 14697 0886 C0000000 		.4byte	.LVL265
 14698 088a 0100     		.2byte	0x1
 14699 088c 56       		.byte	0x56
 14700 088d 00000000 		.4byte	0
 14701 0891 00000000 		.4byte	0
 14702              	.LLST68:
 14703 0895 D8000000 		.4byte	.LVL267
 14704 0899 F0000000 		.4byte	.LVL268
 14705 089d 0100     		.2byte	0x1
 14706 089f 53       		.byte	0x53
 14707 08a0 00000000 		.4byte	0
 14708 08a4 00000000 		.4byte	0
 14709              	.LLST69:
 14710 08a8 FA000000 		.4byte	.LVL269
 14711 08ac 08010000 		.4byte	.LVL270
 14712 08b0 0100     		.2byte	0x1
 14713 08b2 53       		.byte	0x53
 14714 08b3 08010000 		.4byte	.LVL270
 14715 08b7 0A010000 		.4byte	.LVL271
 14716 08bb 0F00     		.2byte	0xf
 14717 08bd 75       		.byte	0x75
 14718 08be F801     		.sleb128 248
 14719 08c0 94       		.byte	0x94
 14720 08c1 02       		.byte	0x2
 14721 08c2 40       		.byte	0x40
 14722 08c3 24       		.byte	0x24
 14723 08c4 40       		.byte	0x40
 14724 08c5 26       		.byte	0x26
 14725 08c6 76       		.byte	0x76
 14726 08c7 00       		.sleb128 0
 14727 08c8 1E       		.byte	0x1e
 14728 08c9 3F       		.byte	0x3f
 14729 08ca 26       		.byte	0x26
 14730 08cb 9F       		.byte	0x9f
 14731 08cc 0A010000 		.4byte	.LVL271
 14732 08d0 0E010000 		.4byte	.LVL272
 14733 08d4 0100     		.2byte	0x1
 14734 08d6 53       		.byte	0x53
 14735 08d7 0E010000 		.4byte	.LVL272
 14736 08db 10010000 		.4byte	.LVL273
 14737 08df 0F00     		.2byte	0xf
 14738 08e1 75       		.byte	0x75
 14739 08e2 F801     		.sleb128 248
 14740 08e4 94       		.byte	0x94
 14741 08e5 02       		.byte	0x2
 14742 08e6 40       		.byte	0x40
 14743 08e7 24       		.byte	0x24
 14744 08e8 40       		.byte	0x40
 14745 08e9 26       		.byte	0x26
 14746 08ea 76       		.byte	0x76
 14747 08eb 00       		.sleb128 0
 14748 08ec 1E       		.byte	0x1e
ARM GAS  C:\Users\user\AppData\Local\Temp\ccoNEg7E.s 			page 290


 14749 08ed 3F       		.byte	0x3f
 14750 08ee 26       		.byte	0x26
 14751 08ef 9F       		.byte	0x9f
 14752 08f0 10010000 		.4byte	.LVL273
 14753 08f4 12010000 		.4byte	.LVL274
 14754 08f8 0100     		.2byte	0x1
 14755 08fa 53       		.byte	0x53
 14756 08fb 00000000 		.4byte	0
 14757 08ff 00000000 		.4byte	0
 14758              	.LLST70:
 14759 0903 14010000 		.4byte	.LVL275
 14760 0907 2C010000 		.4byte	.LVL276
 14761 090b 0100     		.2byte	0x1
 14762 090d 52       		.byte	0x52
 14763 090e 00000000 		.4byte	0
 14764 0912 00000000 		.4byte	0
 14765              	.LLST71:
 14766 0916 00000000 		.4byte	.LVL281
 14767 091a 13000000 		.4byte	.LVL284-1
 14768 091e 0100     		.2byte	0x1
 14769 0920 50       		.byte	0x50
 14770 0921 13000000 		.4byte	.LVL284-1
 14771 0925 26010000 		.4byte	.LVL316
 14772 0929 0100     		.2byte	0x1
 14773 092b 54       		.byte	0x54
 14774 092c 26010000 		.4byte	.LVL316
 14775 0930 30010000 		.4byte	.LFE148
 14776 0934 0400     		.2byte	0x4
 14777 0936 F3       		.byte	0xf3
 14778 0937 01       		.uleb128 0x1
 14779 0938 50       		.byte	0x50
 14780 0939 9F       		.byte	0x9f
 14781 093a 00000000 		.4byte	0
 14782 093e 00000000 		.4byte	0
 14783              	.LLST72:
 14784 0942 00000000 		.4byte	.LVL281
 14785 0946 10000000 		.4byte	.LVL283
 14786 094a 0100     		.2byte	0x1
 14787 094c 51       		.byte	0x51
 14788 094d 10000000 		.4byte	.LVL283
 14789 0951 24000000 		.4byte	.LVL287
 14790 0955 0100     		.2byte	0x1
 14791 0957 56       		.byte	0x56
 14792 0958 24000000 		.4byte	.LVL287
 14793 095c 30010000 		.4byte	.LFE148
 14794 0960 0600     		.2byte	0x6
 14795 0962 F3       		.byte	0xf3
 14796 0963 03       		.uleb128 0x3
 14797 0964 F5       		.byte	0xf5
 14798 0965 01       		.uleb128 0x1
 14799 0966 25       		.uleb128 0x25
 14800 0967 9F       		.byte	0x9f
 14801 0968 00000000 		.4byte	0
 14802 096c 00000000 		.4byte	0
 14803              	.LLST73:
 14804 0970 00000000 		.4byte	.LVL281
 14805 0974 13000000 		.4byte	.LVL284-1
ARM GAS  C:\Users\user\AppData\Local\Temp\ccoNEg7E.s 			page 291


 14806 0978 0100     		.2byte	0x1
 14807 097a 52       		.byte	0x52
 14808 097b 13000000 		.4byte	.LVL284-1
 14809 097f 30010000 		.4byte	.LFE148
 14810 0983 0600     		.2byte	0x6
 14811 0985 F3       		.byte	0xf3
 14812 0986 03       		.uleb128 0x3
 14813 0987 F5       		.byte	0xf5
 14814 0988 02       		.uleb128 0x2
 14815 0989 25       		.uleb128 0x25
 14816 098a 9F       		.byte	0x9f
 14817 098b 00000000 		.4byte	0
 14818 098f 00000000 		.4byte	0
 14819              	.LLST74:
 14820 0993 0C000000 		.4byte	.LVL282
 14821 0997 26010000 		.4byte	.LVL316
 14822 099b 0100     		.2byte	0x1
 14823 099d 55       		.byte	0x55
 14824 099e 00000000 		.4byte	0
 14825 09a2 00000000 		.4byte	0
 14826              	.LLST75:
 14827 09a6 1C000000 		.4byte	.LVL285
 14828 09aa 21000000 		.4byte	.LVL286-1
 14829 09ae 0100     		.2byte	0x1
 14830 09b0 50       		.byte	0x50
 14831 09b1 00000000 		.4byte	0
 14832 09b5 00000000 		.4byte	0
 14833              	.LLST76:
 14834 09b9 24000000 		.4byte	.LVL287
 14835 09bd 2B000000 		.4byte	.LVL288-1
 14836 09c1 0100     		.2byte	0x1
 14837 09c3 50       		.byte	0x50
 14838 09c4 2B000000 		.4byte	.LVL288-1
 14839 09c8 52000000 		.4byte	.LVL292
 14840 09cc 0100     		.2byte	0x1
 14841 09ce 56       		.byte	0x56
 14842 09cf 00000000 		.4byte	0
 14843 09d3 00000000 		.4byte	0
 14844              	.LLST77:
 14845 09d7 6E000000 		.4byte	.LVL295
 14846 09db 75000000 		.4byte	.LVL296-1
 14847 09df 0100     		.2byte	0x1
 14848 09e1 50       		.byte	0x50
 14849 09e2 75000000 		.4byte	.LVL296-1
 14850 09e6 9C000000 		.4byte	.LVL300
 14851 09ea 0100     		.2byte	0x1
 14852 09ec 56       		.byte	0x56
 14853 09ed 00000000 		.4byte	0
 14854 09f1 00000000 		.4byte	0
 14855              	.LLST78:
 14856 09f5 AC000000 		.4byte	.LVL302
 14857 09f9 B3000000 		.4byte	.LVL303-1
 14858 09fd 0100     		.2byte	0x1
 14859 09ff 50       		.byte	0x50
 14860 0a00 B3000000 		.4byte	.LVL303-1
 14861 0a04 DA000000 		.4byte	.LVL307
 14862 0a08 0100     		.2byte	0x1
ARM GAS  C:\Users\user\AppData\Local\Temp\ccoNEg7E.s 			page 292


 14863 0a0a 56       		.byte	0x56
 14864 0a0b 00000000 		.4byte	0
 14865 0a0f 00000000 		.4byte	0
 14866              	.LLST79:
 14867 0a13 EA000000 		.4byte	.LVL308
 14868 0a17 F1000000 		.4byte	.LVL309-1
 14869 0a1b 0200     		.2byte	0x2
 14870 0a1d 91       		.byte	0x91
 14871 0a1e 64       		.sleb128 -28
 14872 0a1f 00000000 		.4byte	0
 14873 0a23 00000000 		.4byte	0
 14874              	.LLST80:
 14875 0a27 06010000 		.4byte	.LVL312
 14876 0a2b 0D010000 		.4byte	.LVL313-1
 14877 0a2f 0200     		.2byte	0x2
 14878 0a31 91       		.byte	0x91
 14879 0a32 66       		.sleb128 -26
 14880 0a33 00000000 		.4byte	0
 14881 0a37 00000000 		.4byte	0
 14882              	.LLST81:
 14883 0a3b 00000000 		.4byte	.LVL317
 14884 0a3f 16000000 		.4byte	.LVL320
 14885 0a43 0100     		.2byte	0x1
 14886 0a45 50       		.byte	0x50
 14887 0a46 16000000 		.4byte	.LVL320
 14888 0a4a A0010000 		.4byte	.LVL367
 14889 0a4e 0100     		.2byte	0x1
 14890 0a50 56       		.byte	0x56
 14891 0a51 A0010000 		.4byte	.LVL367
 14892 0a55 A8010000 		.4byte	.LFE145
 14893 0a59 0400     		.2byte	0x4
 14894 0a5b F3       		.byte	0xf3
 14895 0a5c 01       		.uleb128 0x1
 14896 0a5d 50       		.byte	0x50
 14897 0a5e 9F       		.byte	0x9f
 14898 0a5f 00000000 		.4byte	0
 14899 0a63 00000000 		.4byte	0
 14900              	.LLST82:
 14901 0a67 00000000 		.4byte	.LVL317
 14902 0a6b 14000000 		.4byte	.LVL319
 14903 0a6f 0100     		.2byte	0x1
 14904 0a71 51       		.byte	0x51
 14905 0a72 14000000 		.4byte	.LVL319
 14906 0a76 58000000 		.4byte	.LVL329
 14907 0a7a 0100     		.2byte	0x1
 14908 0a7c 57       		.byte	0x57
 14909 0a7d 58000000 		.4byte	.LVL329
 14910 0a81 A8010000 		.4byte	.LFE145
 14911 0a85 0400     		.2byte	0x4
 14912 0a87 F3       		.byte	0xf3
 14913 0a88 01       		.uleb128 0x1
 14914 0a89 51       		.byte	0x51
 14915 0a8a 9F       		.byte	0x9f
 14916 0a8b 00000000 		.4byte	0
 14917 0a8f 00000000 		.4byte	0
 14918              	.LLST83:
 14919 0a93 00000000 		.4byte	.LVL317
ARM GAS  C:\Users\user\AppData\Local\Temp\ccoNEg7E.s 			page 293


 14920 0a97 19000000 		.4byte	.LVL321-1
 14921 0a9b 0100     		.2byte	0x1
 14922 0a9d 52       		.byte	0x52
 14923 0a9e 19000000 		.4byte	.LVL321-1
 14924 0aa2 A0010000 		.4byte	.LVL367
 14925 0aa6 0100     		.2byte	0x1
 14926 0aa8 58       		.byte	0x58
 14927 0aa9 A0010000 		.4byte	.LVL367
 14928 0aad A8010000 		.4byte	.LFE145
 14929 0ab1 0600     		.2byte	0x6
 14930 0ab3 F3       		.byte	0xf3
 14931 0ab4 03       		.uleb128 0x3
 14932 0ab5 F5       		.byte	0xf5
 14933 0ab6 02       		.uleb128 0x2
 14934 0ab7 25       		.uleb128 0x25
 14935 0ab8 9F       		.byte	0x9f
 14936 0ab9 00000000 		.4byte	0
 14937 0abd 00000000 		.4byte	0
 14938              	.LLST84:
 14939 0ac1 00000000 		.4byte	.LVL317
 14940 0ac5 19000000 		.4byte	.LVL321-1
 14941 0ac9 0100     		.2byte	0x1
 14942 0acb 53       		.byte	0x53
 14943 0acc 19000000 		.4byte	.LVL321-1
 14944 0ad0 A0010000 		.4byte	.LVL367
 14945 0ad4 0100     		.2byte	0x1
 14946 0ad6 55       		.byte	0x55
 14947 0ad7 A0010000 		.4byte	.LVL367
 14948 0adb A8010000 		.4byte	.LFE145
 14949 0adf 0400     		.2byte	0x4
 14950 0ae1 F3       		.byte	0xf3
 14951 0ae2 01       		.uleb128 0x1
 14952 0ae3 53       		.byte	0x53
 14953 0ae4 9F       		.byte	0x9f
 14954 0ae5 00000000 		.4byte	0
 14955 0ae9 00000000 		.4byte	0
 14956              	.LLST85:
 14957 0aed 12000000 		.4byte	.LVL318
 14958 0af1 A0010000 		.4byte	.LVL367
 14959 0af5 0100     		.2byte	0x1
 14960 0af7 54       		.byte	0x54
 14961 0af8 00000000 		.4byte	0
 14962 0afc 00000000 		.4byte	0
 14963              	.LLST86:
 14964 0b00 1C000000 		.4byte	.LVL322
 14965 0b04 23000000 		.4byte	.LVL323-1
 14966 0b08 0100     		.2byte	0x1
 14967 0b0a 50       		.byte	0x50
 14968 0b0b 23000000 		.4byte	.LVL323-1
 14969 0b0f 4A000000 		.4byte	.LVL327
 14970 0b13 0100     		.2byte	0x1
 14971 0b15 59       		.byte	0x59
 14972 0b16 00000000 		.4byte	0
 14973 0b1a 00000000 		.4byte	0
 14974              	.LLST87:
 14975 0b1e 58000000 		.4byte	.LVL329
 14976 0b22 5F000000 		.4byte	.LVL330-1
ARM GAS  C:\Users\user\AppData\Local\Temp\ccoNEg7E.s 			page 294


 14977 0b26 0100     		.2byte	0x1
 14978 0b28 50       		.byte	0x50
 14979 0b29 5F000000 		.4byte	.LVL330-1
 14980 0b2d 86000000 		.4byte	.LVL334
 14981 0b31 0100     		.2byte	0x1
 14982 0b33 57       		.byte	0x57
 14983 0b34 00000000 		.4byte	0
 14984 0b38 00000000 		.4byte	0
 14985              	.LLST88:
 14986 0b3c 94000000 		.4byte	.LVL336
 14987 0b40 9B000000 		.4byte	.LVL337-1
 14988 0b44 0100     		.2byte	0x1
 14989 0b46 50       		.byte	0x50
 14990 0b47 9B000000 		.4byte	.LVL337-1
 14991 0b4b C2000000 		.4byte	.LVL341
 14992 0b4f 0100     		.2byte	0x1
 14993 0b51 57       		.byte	0x57
 14994 0b52 00000000 		.4byte	0
 14995 0b56 00000000 		.4byte	0
 14996              	.LLST89:
 14997 0b5a EA000000 		.4byte	.LVL344
 14998 0b5e F8000000 		.4byte	.LVL345
 14999 0b62 0100     		.2byte	0x1
 15000 0b64 53       		.byte	0x53
 15001 0b65 F8000000 		.4byte	.LVL345
 15002 0b69 FA000000 		.4byte	.LVL346
 15003 0b6d 0B00     		.2byte	0xb
 15004 0b6f 72       		.byte	0x72
 15005 0b70 00       		.sleb128 0
 15006 0b71 41       		.byte	0x41
 15007 0b72 24       		.byte	0x24
 15008 0b73 91       		.byte	0x91
 15009 0b74 50       		.sleb128 -48
 15010 0b75 06       		.byte	0x6
 15011 0b76 3F       		.byte	0x3f
 15012 0b77 25       		.byte	0x25
 15013 0b78 21       		.byte	0x21
 15014 0b79 9F       		.byte	0x9f
 15015 0b7a FA000000 		.4byte	.LVL346
 15016 0b7e FE000000 		.4byte	.LVL347
 15017 0b82 0100     		.2byte	0x1
 15018 0b84 53       		.byte	0x53
 15019 0b85 FE000000 		.4byte	.LVL347
 15020 0b89 00010000 		.4byte	.LVL348
 15021 0b8d 0B00     		.2byte	0xb
 15022 0b8f 72       		.byte	0x72
 15023 0b90 00       		.sleb128 0
 15024 0b91 41       		.byte	0x41
 15025 0b92 24       		.byte	0x24
 15026 0b93 91       		.byte	0x91
 15027 0b94 50       		.sleb128 -48
 15028 0b95 06       		.byte	0x6
 15029 0b96 3F       		.byte	0x3f
 15030 0b97 25       		.byte	0x25
 15031 0b98 21       		.byte	0x21
 15032 0b99 9F       		.byte	0x9f
 15033 0b9a 00010000 		.4byte	.LVL348
ARM GAS  C:\Users\user\AppData\Local\Temp\ccoNEg7E.s 			page 295


 15034 0b9e 02010000 		.4byte	.LVL349
 15035 0ba2 0100     		.2byte	0x1
 15036 0ba4 53       		.byte	0x53
 15037 0ba5 00000000 		.4byte	0
 15038 0ba9 00000000 		.4byte	0
 15039              	.LLST90:
 15040 0bad 08010000 		.4byte	.LVL350
 15041 0bb1 20010000 		.4byte	.LVL351
 15042 0bb5 0100     		.2byte	0x1
 15043 0bb7 52       		.byte	0x52
 15044 0bb8 00000000 		.4byte	0
 15045 0bbc 00000000 		.4byte	0
 15046              	.LLST91:
 15047 0bc0 4E010000 		.4byte	.LVL356
 15048 0bc4 5C010000 		.4byte	.LVL357
 15049 0bc8 0100     		.2byte	0x1
 15050 0bca 53       		.byte	0x53
 15051 0bcb 5C010000 		.4byte	.LVL357
 15052 0bcf 5E010000 		.4byte	.LVL358
 15053 0bd3 0B00     		.2byte	0xb
 15054 0bd5 72       		.byte	0x72
 15055 0bd6 00       		.sleb128 0
 15056 0bd7 41       		.byte	0x41
 15057 0bd8 24       		.byte	0x24
 15058 0bd9 91       		.byte	0x91
 15059 0bda 50       		.sleb128 -48
 15060 0bdb 06       		.byte	0x6
 15061 0bdc 3F       		.byte	0x3f
 15062 0bdd 25       		.byte	0x25
 15063 0bde 21       		.byte	0x21
 15064 0bdf 9F       		.byte	0x9f
 15065 0be0 5E010000 		.4byte	.LVL358
 15066 0be4 62010000 		.4byte	.LVL359
 15067 0be8 0100     		.2byte	0x1
 15068 0bea 53       		.byte	0x53
 15069 0beb 62010000 		.4byte	.LVL359
 15070 0bef 64010000 		.4byte	.LVL360
 15071 0bf3 0B00     		.2byte	0xb
 15072 0bf5 72       		.byte	0x72
 15073 0bf6 00       		.sleb128 0
 15074 0bf7 41       		.byte	0x41
 15075 0bf8 24       		.byte	0x24
 15076 0bf9 91       		.byte	0x91
 15077 0bfa 50       		.sleb128 -48
 15078 0bfb 06       		.byte	0x6
 15079 0bfc 3F       		.byte	0x3f
 15080 0bfd 25       		.byte	0x25
 15081 0bfe 21       		.byte	0x21
 15082 0bff 9F       		.byte	0x9f
 15083 0c00 64010000 		.4byte	.LVL360
 15084 0c04 66010000 		.4byte	.LVL361
 15085 0c08 0100     		.2byte	0x1
 15086 0c0a 53       		.byte	0x53
 15087 0c0b 00000000 		.4byte	0
 15088 0c0f 00000000 		.4byte	0
 15089              	.LLST92:
 15090 0c13 6C010000 		.4byte	.LVL362
ARM GAS  C:\Users\user\AppData\Local\Temp\ccoNEg7E.s 			page 296


 15091 0c17 84010000 		.4byte	.LVL363
 15092 0c1b 0100     		.2byte	0x1
 15093 0c1d 52       		.byte	0x52
 15094 0c1e 00000000 		.4byte	0
 15095 0c22 00000000 		.4byte	0
 15096              	.LLST93:
 15097 0c26 00000000 		.4byte	.LVL368
 15098 0c2a 19000000 		.4byte	.LVL371-1
 15099 0c2e 0100     		.2byte	0x1
 15100 0c30 50       		.byte	0x50
 15101 0c31 19000000 		.4byte	.LVL371-1
 15102 0c35 3C010000 		.4byte	.LVL408
 15103 0c39 0100     		.2byte	0x1
 15104 0c3b 54       		.byte	0x54
 15105 0c3c 3C010000 		.4byte	.LVL408
 15106 0c40 44010000 		.4byte	.LFE147
 15107 0c44 0400     		.2byte	0x4
 15108 0c46 F3       		.byte	0xf3
 15109 0c47 01       		.uleb128 0x1
 15110 0c48 50       		.byte	0x50
 15111 0c49 9F       		.byte	0x9f
 15112 0c4a 00000000 		.4byte	0
 15113 0c4e 00000000 		.4byte	0
 15114              	.LLST94:
 15115 0c52 00000000 		.4byte	.LVL368
 15116 0c56 16000000 		.4byte	.LVL370
 15117 0c5a 0100     		.2byte	0x1
 15118 0c5c 51       		.byte	0x51
 15119 0c5d 16000000 		.4byte	.LVL370
 15120 0c61 2A000000 		.4byte	.LVL374
 15121 0c65 0100     		.2byte	0x1
 15122 0c67 58       		.byte	0x58
 15123 0c68 2A000000 		.4byte	.LVL374
 15124 0c6c 44010000 		.4byte	.LFE147
 15125 0c70 0600     		.2byte	0x6
 15126 0c72 F3       		.byte	0xf3
 15127 0c73 03       		.uleb128 0x3
 15128 0c74 F5       		.byte	0xf5
 15129 0c75 01       		.uleb128 0x1
 15130 0c76 25       		.uleb128 0x25
 15131 0c77 9F       		.byte	0x9f
 15132 0c78 00000000 		.4byte	0
 15133 0c7c 00000000 		.4byte	0
 15134              	.LLST95:
 15135 0c80 00000000 		.4byte	.LVL368
 15136 0c84 19000000 		.4byte	.LVL371-1
 15137 0c88 0100     		.2byte	0x1
 15138 0c8a 52       		.byte	0x52
 15139 0c8b 19000000 		.4byte	.LVL371-1
 15140 0c8f 44010000 		.4byte	.LFE147
 15141 0c93 0600     		.2byte	0x6
 15142 0c95 F3       		.byte	0xf3
 15143 0c96 03       		.uleb128 0x3
 15144 0c97 F5       		.byte	0xf5
 15145 0c98 02       		.uleb128 0x2
 15146 0c99 25       		.uleb128 0x25
 15147 0c9a 9F       		.byte	0x9f
ARM GAS  C:\Users\user\AppData\Local\Temp\ccoNEg7E.s 			page 297


 15148 0c9b 00000000 		.4byte	0
 15149 0c9f 00000000 		.4byte	0
 15150              	.LLST96:
 15151 0ca3 00000000 		.4byte	.LVL368
 15152 0ca7 19000000 		.4byte	.LVL371-1
 15153 0cab 0100     		.2byte	0x1
 15154 0cad 53       		.byte	0x53
 15155 0cae 19000000 		.4byte	.LVL371-1
 15156 0cb2 3C010000 		.4byte	.LVL408
 15157 0cb6 0100     		.2byte	0x1
 15158 0cb8 57       		.byte	0x57
 15159 0cb9 3C010000 		.4byte	.LVL408
 15160 0cbd 44010000 		.4byte	.LFE147
 15161 0cc1 0600     		.2byte	0x6
 15162 0cc3 F3       		.byte	0xf3
 15163 0cc4 03       		.uleb128 0x3
 15164 0cc5 F5       		.byte	0xf5
 15165 0cc6 03       		.uleb128 0x3
 15166 0cc7 25       		.uleb128 0x25
 15167 0cc8 9F       		.byte	0x9f
 15168 0cc9 00000000 		.4byte	0
 15169 0ccd 00000000 		.4byte	0
 15170              	.LLST97:
 15171 0cd1 10000000 		.4byte	.LVL369
 15172 0cd5 3C010000 		.4byte	.LVL408
 15173 0cd9 0100     		.2byte	0x1
 15174 0cdb 55       		.byte	0x55
 15175 0cdc 00000000 		.4byte	0
 15176 0ce0 00000000 		.4byte	0
 15177              	.LLST98:
 15178 0ce4 22000000 		.4byte	.LVL372
 15179 0ce8 27000000 		.4byte	.LVL373-1
 15180 0cec 0100     		.2byte	0x1
 15181 0cee 50       		.byte	0x50
 15182 0cef 00000000 		.4byte	0
 15183 0cf3 00000000 		.4byte	0
 15184              	.LLST99:
 15185 0cf7 2A000000 		.4byte	.LVL374
 15186 0cfb 31000000 		.4byte	.LVL375-1
 15187 0cff 0100     		.2byte	0x1
 15188 0d01 50       		.byte	0x50
 15189 0d02 31000000 		.4byte	.LVL375-1
 15190 0d06 50000000 		.4byte	.LVL379
 15191 0d0a 0100     		.2byte	0x1
 15192 0d0c 58       		.byte	0x58
 15193 0d0d 52000000 		.4byte	.LVL380
 15194 0d11 56000000 		.4byte	.LVL381
 15195 0d15 0100     		.2byte	0x1
 15196 0d17 58       		.byte	0x58
 15197 0d18 58000000 		.4byte	.LVL382
 15198 0d1c 5C000000 		.4byte	.LVL383
 15199 0d20 0100     		.2byte	0x1
 15200 0d22 58       		.byte	0x58
 15201 0d23 00000000 		.4byte	0
 15202 0d27 00000000 		.4byte	0
 15203              	.LLST100:
 15204 0d2b 84000000 		.4byte	.LVL387
ARM GAS  C:\Users\user\AppData\Local\Temp\ccoNEg7E.s 			page 298


 15205 0d2f 8B000000 		.4byte	.LVL388-1
 15206 0d33 0100     		.2byte	0x1
 15207 0d35 50       		.byte	0x50
 15208 0d36 8B000000 		.4byte	.LVL388-1
 15209 0d3a B2000000 		.4byte	.LVL392
 15210 0d3e 0100     		.2byte	0x1
 15211 0d40 56       		.byte	0x56
 15212 0d41 00000000 		.4byte	0
 15213 0d45 00000000 		.4byte	0
 15214              	.LLST101:
 15215 0d49 C0000000 		.4byte	.LVL394
 15216 0d4d C7000000 		.4byte	.LVL395-1
 15217 0d51 0100     		.2byte	0x1
 15218 0d53 50       		.byte	0x50
 15219 0d54 C7000000 		.4byte	.LVL395-1
 15220 0d58 EE000000 		.4byte	.LVL399
 15221 0d5c 0100     		.2byte	0x1
 15222 0d5e 56       		.byte	0x56
 15223 0d5f 00000000 		.4byte	0
 15224 0d63 00000000 		.4byte	0
 15225              	.LLST102:
 15226 0d67 FE000000 		.4byte	.LVL400
 15227 0d6b 05010000 		.4byte	.LVL401-1
 15228 0d6f 0200     		.2byte	0x2
 15229 0d71 91       		.byte	0x91
 15230 0d72 54       		.sleb128 -44
 15231 0d73 00000000 		.4byte	0
 15232 0d77 00000000 		.4byte	0
 15233              	.LLST103:
 15234 0d7b 1A010000 		.4byte	.LVL404
 15235 0d7f 21010000 		.4byte	.LVL405-1
 15236 0d83 0200     		.2byte	0x2
 15237 0d85 91       		.byte	0x91
 15238 0d86 56       		.sleb128 -42
 15239 0d87 00000000 		.4byte	0
 15240 0d8b 00000000 		.4byte	0
 15241              	.LLST104:
 15242 0d8f 00000000 		.4byte	.LVL409
 15243 0d93 0F000000 		.4byte	.LVL411-1
 15244 0d97 0100     		.2byte	0x1
 15245 0d99 50       		.byte	0x50
 15246 0d9a 0F000000 		.4byte	.LVL411-1
 15247 0d9e 12000000 		.4byte	.LFE149
 15248 0da2 0400     		.2byte	0x4
 15249 0da4 F3       		.byte	0xf3
 15250 0da5 01       		.uleb128 0x1
 15251 0da6 50       		.byte	0x50
 15252 0da7 9F       		.byte	0x9f
 15253 0da8 00000000 		.4byte	0
 15254 0dac 00000000 		.4byte	0
 15255              	.LLST105:
 15256 0db0 00000000 		.4byte	.LVL409
 15257 0db4 0C000000 		.4byte	.LVL410
 15258 0db8 0100     		.2byte	0x1
 15259 0dba 51       		.byte	0x51
 15260 0dbb 0C000000 		.4byte	.LVL410
 15261 0dbf 0F000000 		.4byte	.LVL411-1
ARM GAS  C:\Users\user\AppData\Local\Temp\ccoNEg7E.s 			page 299


 15262 0dc3 0100     		.2byte	0x1
 15263 0dc5 52       		.byte	0x52
 15264 0dc6 0F000000 		.4byte	.LVL411-1
 15265 0dca 12000000 		.4byte	.LFE149
 15266 0dce 0600     		.2byte	0x6
 15267 0dd0 F3       		.byte	0xf3
 15268 0dd1 03       		.uleb128 0x3
 15269 0dd2 F5       		.byte	0xf5
 15270 0dd3 01       		.uleb128 0x1
 15271 0dd4 25       		.uleb128 0x25
 15272 0dd5 9F       		.byte	0x9f
 15273 0dd6 00000000 		.4byte	0
 15274 0dda 00000000 		.4byte	0
 15275              	.LLST106:
 15276 0dde 00000000 		.4byte	.LVL412
 15277 0de2 10000000 		.4byte	.LVL414
 15278 0de6 0100     		.2byte	0x1
 15279 0de8 50       		.byte	0x50
 15280 0de9 10000000 		.4byte	.LVL414
 15281 0ded DC000000 		.4byte	.LVL436
 15282 0df1 0100     		.2byte	0x1
 15283 0df3 55       		.byte	0x55
 15284 0df4 DC000000 		.4byte	.LVL436
 15285 0df8 44010000 		.4byte	.LFE146
 15286 0dfc 0400     		.2byte	0x4
 15287 0dfe F3       		.byte	0xf3
 15288 0dff 01       		.uleb128 0x1
 15289 0e00 50       		.byte	0x50
 15290 0e01 9F       		.byte	0x9f
 15291 0e02 00000000 		.4byte	0
 15292 0e06 00000000 		.4byte	0
 15293              	.LLST107:
 15294 0e0a 0A000000 		.4byte	.LVL413
 15295 0e0e 3C010000 		.4byte	.LVL447
 15296 0e12 0100     		.2byte	0x1
 15297 0e14 56       		.byte	0x56
 15298 0e15 00000000 		.4byte	0
 15299 0e19 00000000 		.4byte	0
 15300              	.LLST108:
 15301 0e1d D4000000 		.4byte	.LVL434
 15302 0e21 D9000000 		.4byte	.LVL435-1
 15303 0e25 0100     		.2byte	0x1
 15304 0e27 50       		.byte	0x50
 15305 0e28 00000000 		.4byte	0
 15306 0e2c 00000000 		.4byte	0
 15307              	.LLST109:
 15308 0e30 16000000 		.4byte	.LVL416
 15309 0e34 1D000000 		.4byte	.LVL417-1
 15310 0e38 0100     		.2byte	0x1
 15311 0e3a 50       		.byte	0x50
 15312 0e3b 1D000000 		.4byte	.LVL417-1
 15313 0e3f 44000000 		.4byte	.LVL421
 15314 0e43 0100     		.2byte	0x1
 15315 0e45 54       		.byte	0x54
 15316 0e46 00000000 		.4byte	0
 15317 0e4a 00000000 		.4byte	0
 15318              	.LLST110:
ARM GAS  C:\Users\user\AppData\Local\Temp\ccoNEg7E.s 			page 300


 15319 0e4e 54000000 		.4byte	.LVL423
 15320 0e52 5B000000 		.4byte	.LVL424-1
 15321 0e56 0100     		.2byte	0x1
 15322 0e58 50       		.byte	0x50
 15323 0e59 5B000000 		.4byte	.LVL424-1
 15324 0e5d 82000000 		.4byte	.LVL428
 15325 0e61 0100     		.2byte	0x1
 15326 0e63 54       		.byte	0x54
 15327 0e64 00000000 		.4byte	0
 15328 0e68 00000000 		.4byte	0
 15329              	.LLST111:
 15330 0e6c 9E000000 		.4byte	.LVL430
 15331 0e70 B6000000 		.4byte	.LVL431
 15332 0e74 0100     		.2byte	0x1
 15333 0e76 53       		.byte	0x53
 15334 0e77 00000000 		.4byte	0
 15335 0e7b 00000000 		.4byte	0
 15336              	.LLST112:
 15337 0e7f DC000000 		.4byte	.LVL436
 15338 0e83 E3000000 		.4byte	.LVL437-1
 15339 0e87 0100     		.2byte	0x1
 15340 0e89 50       		.byte	0x50
 15341 0e8a E3000000 		.4byte	.LVL437-1
 15342 0e8e 0A010000 		.4byte	.LVL441
 15343 0e92 0100     		.2byte	0x1
 15344 0e94 55       		.byte	0x55
 15345 0e95 00000000 		.4byte	0
 15346 0e99 00000000 		.4byte	0
 15347              	.LLST113:
 15348 0e9d 0C010000 		.4byte	.LVL442
 15349 0ea1 24010000 		.4byte	.LVL443
 15350 0ea5 0100     		.2byte	0x1
 15351 0ea7 53       		.byte	0x53
 15352 0ea8 00000000 		.4byte	0
 15353 0eac 00000000 		.4byte	0
 15354              	.LLST114:
 15355 0eb0 00000000 		.4byte	.LVL448
 15356 0eb4 14000000 		.4byte	.LVL451
 15357 0eb8 0100     		.2byte	0x1
 15358 0eba 50       		.byte	0x50
 15359 0ebb 14000000 		.4byte	.LVL451
 15360 0ebf 3E010000 		.4byte	.LVL487
 15361 0ec3 0100     		.2byte	0x1
 15362 0ec5 56       		.byte	0x56
 15363 0ec6 3E010000 		.4byte	.LVL487
 15364 0eca 44010000 		.4byte	.LFE150
 15365 0ece 0400     		.2byte	0x4
 15366 0ed0 F3       		.byte	0xf3
 15367 0ed1 01       		.uleb128 0x1
 15368 0ed2 50       		.byte	0x50
 15369 0ed3 9F       		.byte	0x9f
 15370 0ed4 00000000 		.4byte	0
 15371 0ed8 00000000 		.4byte	0
 15372              	.LLST115:
 15373 0edc 00000000 		.4byte	.LVL448
 15374 0ee0 12000000 		.4byte	.LVL450
 15375 0ee4 0100     		.2byte	0x1
ARM GAS  C:\Users\user\AppData\Local\Temp\ccoNEg7E.s 			page 301


 15376 0ee6 51       		.byte	0x51
 15377 0ee7 12000000 		.4byte	.LVL450
 15378 0eeb 56000000 		.4byte	.LVL460
 15379 0eef 0100     		.2byte	0x1
 15380 0ef1 54       		.byte	0x54
 15381 0ef2 56000000 		.4byte	.LVL460
 15382 0ef6 44010000 		.4byte	.LFE150
 15383 0efa 0400     		.2byte	0x4
 15384 0efc F3       		.byte	0xf3
 15385 0efd 01       		.uleb128 0x1
 15386 0efe 51       		.byte	0x51
 15387 0eff 9F       		.byte	0x9f
 15388 0f00 00000000 		.4byte	0
 15389 0f04 00000000 		.4byte	0
 15390              	.LLST116:
 15391 0f08 00000000 		.4byte	.LVL448
 15392 0f0c 17000000 		.4byte	.LVL452-1
 15393 0f10 0100     		.2byte	0x1
 15394 0f12 52       		.byte	0x52
 15395 0f13 17000000 		.4byte	.LVL452-1
 15396 0f17 3E010000 		.4byte	.LVL487
 15397 0f1b 0100     		.2byte	0x1
 15398 0f1d 57       		.byte	0x57
 15399 0f1e 3E010000 		.4byte	.LVL487
 15400 0f22 44010000 		.4byte	.LFE150
 15401 0f26 0600     		.2byte	0x6
 15402 0f28 F3       		.byte	0xf3
 15403 0f29 03       		.uleb128 0x3
 15404 0f2a F5       		.byte	0xf5
 15405 0f2b 02       		.uleb128 0x2
 15406 0f2c 25       		.uleb128 0x25
 15407 0f2d 9F       		.byte	0x9f
 15408 0f2e 00000000 		.4byte	0
 15409 0f32 00000000 		.4byte	0
 15410              	.LLST117:
 15411 0f36 10000000 		.4byte	.LVL449
 15412 0f3a 3E010000 		.4byte	.LVL487
 15413 0f3e 0100     		.2byte	0x1
 15414 0f40 55       		.byte	0x55
 15415 0f41 00000000 		.4byte	0
 15416 0f45 00000000 		.4byte	0
 15417              	.LLST118:
 15418 0f49 1A000000 		.4byte	.LVL453
 15419 0f4d 21000000 		.4byte	.LVL454-1
 15420 0f51 0100     		.2byte	0x1
 15421 0f53 50       		.byte	0x50
 15422 0f54 21000000 		.4byte	.LVL454-1
 15423 0f58 48000000 		.4byte	.LVL458
 15424 0f5c 0100     		.2byte	0x1
 15425 0f5e 58       		.byte	0x58
 15426 0f5f 00000000 		.4byte	0
 15427 0f63 00000000 		.4byte	0
 15428              	.LLST119:
 15429 0f67 56000000 		.4byte	.LVL460
 15430 0f6b 5D000000 		.4byte	.LVL461-1
 15431 0f6f 0100     		.2byte	0x1
 15432 0f71 50       		.byte	0x50
ARM GAS  C:\Users\user\AppData\Local\Temp\ccoNEg7E.s 			page 302


 15433 0f72 5D000000 		.4byte	.LVL461-1
 15434 0f76 84000000 		.4byte	.LVL465
 15435 0f7a 0100     		.2byte	0x1
 15436 0f7c 54       		.byte	0x54
 15437 0f7d 00000000 		.4byte	0
 15438 0f81 00000000 		.4byte	0
 15439              	.LLST120:
 15440 0f85 92000000 		.4byte	.LVL467
 15441 0f89 99000000 		.4byte	.LVL468-1
 15442 0f8d 0100     		.2byte	0x1
 15443 0f8f 50       		.byte	0x50
 15444 0f90 99000000 		.4byte	.LVL468-1
 15445 0f94 B6000000 		.4byte	.LVL472
 15446 0f98 0100     		.2byte	0x1
 15447 0f9a 54       		.byte	0x54
 15448 0f9b B8000000 		.4byte	.LVL473
 15449 0f9f BA000000 		.4byte	.LVL474
 15450 0fa3 0100     		.2byte	0x1
 15451 0fa5 54       		.byte	0x54
 15452 0fa6 BC000000 		.4byte	.LVL475
 15453 0faa C0000000 		.4byte	.LVL476
 15454 0fae 0100     		.2byte	0x1
 15455 0fb0 54       		.byte	0x54
 15456 0fb1 00000000 		.4byte	0
 15457 0fb5 00000000 		.4byte	0
 15458              	.LLST121:
 15459 0fb9 D4000000 		.4byte	.LVL478
 15460 0fbd EA000000 		.4byte	.LVL479
 15461 0fc1 0100     		.2byte	0x1
 15462 0fc3 53       		.byte	0x53
 15463 0fc4 00000000 		.4byte	0
 15464 0fc8 00000000 		.4byte	0
 15465              	.LLST122:
 15466 0fcc F6000000 		.4byte	.LVL480
 15467 0fd0 0C010000 		.4byte	.LVL481
 15468 0fd4 0100     		.2byte	0x1
 15469 0fd6 52       		.byte	0x52
 15470 0fd7 00000000 		.4byte	0
 15471 0fdb 00000000 		.4byte	0
 15472              	.LLST123:
 15473 0fdf 0E010000 		.4byte	.LVL482
 15474 0fe3 24010000 		.4byte	.LVL483
 15475 0fe7 0100     		.2byte	0x1
 15476 0fe9 52       		.byte	0x52
 15477 0fea 00000000 		.4byte	0
 15478 0fee 00000000 		.4byte	0
 15479              	.LLST124:
 15480 0ff2 00000000 		.4byte	.LVL488
 15481 0ff6 13000000 		.4byte	.LVL491-1
 15482 0ffa 0100     		.2byte	0x1
 15483 0ffc 50       		.byte	0x50
 15484 0ffd 13000000 		.4byte	.LVL491-1
 15485 1001 26010000 		.4byte	.LVL523
 15486 1005 0100     		.2byte	0x1
 15487 1007 54       		.byte	0x54
 15488 1008 26010000 		.4byte	.LVL523
 15489 100c 2C010000 		.4byte	.LFE154
ARM GAS  C:\Users\user\AppData\Local\Temp\ccoNEg7E.s 			page 303


 15490 1010 0400     		.2byte	0x4
 15491 1012 F3       		.byte	0xf3
 15492 1013 01       		.uleb128 0x1
 15493 1014 50       		.byte	0x50
 15494 1015 9F       		.byte	0x9f
 15495 1016 00000000 		.4byte	0
 15496 101a 00000000 		.4byte	0
 15497              	.LLST125:
 15498 101e 00000000 		.4byte	.LVL488
 15499 1022 10000000 		.4byte	.LVL490
 15500 1026 0100     		.2byte	0x1
 15501 1028 51       		.byte	0x51
 15502 1029 10000000 		.4byte	.LVL490
 15503 102d 24000000 		.4byte	.LVL494
 15504 1031 0100     		.2byte	0x1
 15505 1033 56       		.byte	0x56
 15506 1034 24000000 		.4byte	.LVL494
 15507 1038 2C010000 		.4byte	.LFE154
 15508 103c 0600     		.2byte	0x6
 15509 103e F3       		.byte	0xf3
 15510 103f 03       		.uleb128 0x3
 15511 1040 F5       		.byte	0xf5
 15512 1041 01       		.uleb128 0x1
 15513 1042 25       		.uleb128 0x25
 15514 1043 9F       		.byte	0x9f
 15515 1044 00000000 		.4byte	0
 15516 1048 00000000 		.4byte	0
 15517              	.LLST126:
 15518 104c 00000000 		.4byte	.LVL488
 15519 1050 13000000 		.4byte	.LVL491-1
 15520 1054 0100     		.2byte	0x1
 15521 1056 52       		.byte	0x52
 15522 1057 13000000 		.4byte	.LVL491-1
 15523 105b 2C010000 		.4byte	.LFE154
 15524 105f 0600     		.2byte	0x6
 15525 1061 F3       		.byte	0xf3
 15526 1062 03       		.uleb128 0x3
 15527 1063 F5       		.byte	0xf5
 15528 1064 02       		.uleb128 0x2
 15529 1065 25       		.uleb128 0x25
 15530 1066 9F       		.byte	0x9f
 15531 1067 00000000 		.4byte	0
 15532 106b 00000000 		.4byte	0
 15533              	.LLST127:
 15534 106f 0C000000 		.4byte	.LVL489
 15535 1073 26010000 		.4byte	.LVL523
 15536 1077 0100     		.2byte	0x1
 15537 1079 55       		.byte	0x55
 15538 107a 00000000 		.4byte	0
 15539 107e 00000000 		.4byte	0
 15540              	.LLST128:
 15541 1082 1C000000 		.4byte	.LVL492
 15542 1086 21000000 		.4byte	.LVL493-1
 15543 108a 0100     		.2byte	0x1
 15544 108c 50       		.byte	0x50
 15545 108d 00000000 		.4byte	0
 15546 1091 00000000 		.4byte	0
ARM GAS  C:\Users\user\AppData\Local\Temp\ccoNEg7E.s 			page 304


 15547              	.LLST129:
 15548 1095 24000000 		.4byte	.LVL494
 15549 1099 2B000000 		.4byte	.LVL495-1
 15550 109d 0100     		.2byte	0x1
 15551 109f 50       		.byte	0x50
 15552 10a0 2B000000 		.4byte	.LVL495-1
 15553 10a4 52000000 		.4byte	.LVL499
 15554 10a8 0100     		.2byte	0x1
 15555 10aa 56       		.byte	0x56
 15556 10ab 00000000 		.4byte	0
 15557 10af 00000000 		.4byte	0
 15558              	.LLST130:
 15559 10b3 6E000000 		.4byte	.LVL502
 15560 10b7 75000000 		.4byte	.LVL503-1
 15561 10bb 0100     		.2byte	0x1
 15562 10bd 50       		.byte	0x50
 15563 10be 75000000 		.4byte	.LVL503-1
 15564 10c2 9C000000 		.4byte	.LVL507
 15565 10c6 0100     		.2byte	0x1
 15566 10c8 56       		.byte	0x56
 15567 10c9 00000000 		.4byte	0
 15568 10cd 00000000 		.4byte	0
 15569              	.LLST131:
 15570 10d1 AC000000 		.4byte	.LVL509
 15571 10d5 B3000000 		.4byte	.LVL510-1
 15572 10d9 0100     		.2byte	0x1
 15573 10db 50       		.byte	0x50
 15574 10dc B3000000 		.4byte	.LVL510-1
 15575 10e0 DA000000 		.4byte	.LVL514
 15576 10e4 0100     		.2byte	0x1
 15577 10e6 56       		.byte	0x56
 15578 10e7 00000000 		.4byte	0
 15579 10eb 00000000 		.4byte	0
 15580              	.LLST132:
 15581 10ef EA000000 		.4byte	.LVL515
 15582 10f3 F1000000 		.4byte	.LVL516-1
 15583 10f7 0200     		.2byte	0x2
 15584 10f9 91       		.byte	0x91
 15585 10fa 64       		.sleb128 -28
 15586 10fb 00000000 		.4byte	0
 15587 10ff 00000000 		.4byte	0
 15588              	.LLST133:
 15589 1103 06010000 		.4byte	.LVL519
 15590 1107 0D010000 		.4byte	.LVL520-1
 15591 110b 0200     		.2byte	0x2
 15592 110d 91       		.byte	0x91
 15593 110e 65       		.sleb128 -27
 15594 110f 00000000 		.4byte	0
 15595 1113 00000000 		.4byte	0
 15596              	.LLST134:
 15597 1117 00000000 		.4byte	.LVL524
 15598 111b 16000000 		.4byte	.LVL527
 15599 111f 0100     		.2byte	0x1
 15600 1121 50       		.byte	0x50
 15601 1122 16000000 		.4byte	.LVL527
 15602 1126 90010000 		.4byte	.LVL566
 15603 112a 0100     		.2byte	0x1
ARM GAS  C:\Users\user\AppData\Local\Temp\ccoNEg7E.s 			page 305


 15604 112c 56       		.byte	0x56
 15605 112d 90010000 		.4byte	.LVL566
 15606 1131 94010000 		.4byte	.LFE151
 15607 1135 0400     		.2byte	0x4
 15608 1137 F3       		.byte	0xf3
 15609 1138 01       		.uleb128 0x1
 15610 1139 50       		.byte	0x50
 15611 113a 9F       		.byte	0x9f
 15612 113b 00000000 		.4byte	0
 15613 113f 00000000 		.4byte	0
 15614              	.LLST135:
 15615 1143 00000000 		.4byte	.LVL524
 15616 1147 14000000 		.4byte	.LVL526
 15617 114b 0100     		.2byte	0x1
 15618 114d 51       		.byte	0x51
 15619 114e 14000000 		.4byte	.LVL526
 15620 1152 58000000 		.4byte	.LVL536
 15621 1156 0100     		.2byte	0x1
 15622 1158 57       		.byte	0x57
 15623 1159 58000000 		.4byte	.LVL536
 15624 115d 94010000 		.4byte	.LFE151
 15625 1161 0400     		.2byte	0x4
 15626 1163 F3       		.byte	0xf3
 15627 1164 01       		.uleb128 0x1
 15628 1165 51       		.byte	0x51
 15629 1166 9F       		.byte	0x9f
 15630 1167 00000000 		.4byte	0
 15631 116b 00000000 		.4byte	0
 15632              	.LLST136:
 15633 116f 00000000 		.4byte	.LVL524
 15634 1173 19000000 		.4byte	.LVL528-1
 15635 1177 0100     		.2byte	0x1
 15636 1179 52       		.byte	0x52
 15637 117a 19000000 		.4byte	.LVL528-1
 15638 117e 90010000 		.4byte	.LVL566
 15639 1182 0100     		.2byte	0x1
 15640 1184 58       		.byte	0x58
 15641 1185 90010000 		.4byte	.LVL566
 15642 1189 94010000 		.4byte	.LFE151
 15643 118d 0600     		.2byte	0x6
 15644 118f F3       		.byte	0xf3
 15645 1190 03       		.uleb128 0x3
 15646 1191 F5       		.byte	0xf5
 15647 1192 02       		.uleb128 0x2
 15648 1193 25       		.uleb128 0x25
 15649 1194 9F       		.byte	0x9f
 15650 1195 00000000 		.4byte	0
 15651 1199 00000000 		.4byte	0
 15652              	.LLST137:
 15653 119d 00000000 		.4byte	.LVL524
 15654 11a1 19000000 		.4byte	.LVL528-1
 15655 11a5 0100     		.2byte	0x1
 15656 11a7 53       		.byte	0x53
 15657 11a8 19000000 		.4byte	.LVL528-1
 15658 11ac 90010000 		.4byte	.LVL566
 15659 11b0 0100     		.2byte	0x1
 15660 11b2 55       		.byte	0x55
ARM GAS  C:\Users\user\AppData\Local\Temp\ccoNEg7E.s 			page 306


 15661 11b3 90010000 		.4byte	.LVL566
 15662 11b7 94010000 		.4byte	.LFE151
 15663 11bb 0400     		.2byte	0x4
 15664 11bd F3       		.byte	0xf3
 15665 11be 01       		.uleb128 0x1
 15666 11bf 53       		.byte	0x53
 15667 11c0 9F       		.byte	0x9f
 15668 11c1 00000000 		.4byte	0
 15669 11c5 00000000 		.4byte	0
 15670              	.LLST138:
 15671 11c9 12000000 		.4byte	.LVL525
 15672 11cd 90010000 		.4byte	.LVL566
 15673 11d1 0100     		.2byte	0x1
 15674 11d3 54       		.byte	0x54
 15675 11d4 00000000 		.4byte	0
 15676 11d8 00000000 		.4byte	0
 15677              	.LLST139:
 15678 11dc 1C000000 		.4byte	.LVL529
 15679 11e0 23000000 		.4byte	.LVL530-1
 15680 11e4 0100     		.2byte	0x1
 15681 11e6 50       		.byte	0x50
 15682 11e7 23000000 		.4byte	.LVL530-1
 15683 11eb 4A000000 		.4byte	.LVL534
 15684 11ef 0100     		.2byte	0x1
 15685 11f1 59       		.byte	0x59
 15686 11f2 00000000 		.4byte	0
 15687 11f6 00000000 		.4byte	0
 15688              	.LLST140:
 15689 11fa 58000000 		.4byte	.LVL536
 15690 11fe 5F000000 		.4byte	.LVL537-1
 15691 1202 0100     		.2byte	0x1
 15692 1204 50       		.byte	0x50
 15693 1205 5F000000 		.4byte	.LVL537-1
 15694 1209 86000000 		.4byte	.LVL541
 15695 120d 0100     		.2byte	0x1
 15696 120f 57       		.byte	0x57
 15697 1210 00000000 		.4byte	0
 15698 1214 00000000 		.4byte	0
 15699              	.LLST141:
 15700 1218 94000000 		.4byte	.LVL543
 15701 121c 9B000000 		.4byte	.LVL544-1
 15702 1220 0100     		.2byte	0x1
 15703 1222 50       		.byte	0x50
 15704 1223 9B000000 		.4byte	.LVL544-1
 15705 1227 C2000000 		.4byte	.LVL548
 15706 122b 0100     		.2byte	0x1
 15707 122d 57       		.byte	0x57
 15708 122e 00000000 		.4byte	0
 15709 1232 00000000 		.4byte	0
 15710              	.LLST142:
 15711 1236 E6000000 		.4byte	.LVL551
 15712 123a FC000000 		.4byte	.LVL552
 15713 123e 0100     		.2byte	0x1
 15714 1240 52       		.byte	0x52
 15715 1241 00000000 		.4byte	0
 15716 1245 00000000 		.4byte	0
 15717              	.LLST143:
ARM GAS  C:\Users\user\AppData\Local\Temp\ccoNEg7E.s 			page 307


 15718 1249 02010000 		.4byte	.LVL553
 15719 124d 18010000 		.4byte	.LVL554
 15720 1251 0100     		.2byte	0x1
 15721 1253 52       		.byte	0x52
 15722 1254 00000000 		.4byte	0
 15723 1258 00000000 		.4byte	0
 15724              	.LLST144:
 15725 125c 42010000 		.4byte	.LVL559
 15726 1260 58010000 		.4byte	.LVL560
 15727 1264 0100     		.2byte	0x1
 15728 1266 52       		.byte	0x52
 15729 1267 00000000 		.4byte	0
 15730 126b 00000000 		.4byte	0
 15731              	.LLST145:
 15732 126f 5E010000 		.4byte	.LVL561
 15733 1273 74010000 		.4byte	.LVL562
 15734 1277 0100     		.2byte	0x1
 15735 1279 52       		.byte	0x52
 15736 127a 00000000 		.4byte	0
 15737 127e 00000000 		.4byte	0
 15738              	.LLST146:
 15739 1282 00000000 		.4byte	.LVL567
 15740 1286 19000000 		.4byte	.LVL570-1
 15741 128a 0100     		.2byte	0x1
 15742 128c 50       		.byte	0x50
 15743 128d 19000000 		.4byte	.LVL570-1
 15744 1291 3C010000 		.4byte	.LVL607
 15745 1295 0100     		.2byte	0x1
 15746 1297 54       		.byte	0x54
 15747 1298 3C010000 		.4byte	.LVL607
 15748 129c 40010000 		.4byte	.LFE153
 15749 12a0 0400     		.2byte	0x4
 15750 12a2 F3       		.byte	0xf3
 15751 12a3 01       		.uleb128 0x1
 15752 12a4 50       		.byte	0x50
 15753 12a5 9F       		.byte	0x9f
 15754 12a6 00000000 		.4byte	0
 15755 12aa 00000000 		.4byte	0
 15756              	.LLST147:
 15757 12ae 00000000 		.4byte	.LVL567
 15758 12b2 16000000 		.4byte	.LVL569
 15759 12b6 0100     		.2byte	0x1
 15760 12b8 51       		.byte	0x51
 15761 12b9 16000000 		.4byte	.LVL569
 15762 12bd 2A000000 		.4byte	.LVL573
 15763 12c1 0100     		.2byte	0x1
 15764 12c3 58       		.byte	0x58
 15765 12c4 2A000000 		.4byte	.LVL573
 15766 12c8 40010000 		.4byte	.LFE153
 15767 12cc 0600     		.2byte	0x6
 15768 12ce F3       		.byte	0xf3
 15769 12cf 03       		.uleb128 0x3
 15770 12d0 F5       		.byte	0xf5
 15771 12d1 01       		.uleb128 0x1
 15772 12d2 25       		.uleb128 0x25
 15773 12d3 9F       		.byte	0x9f
 15774 12d4 00000000 		.4byte	0
ARM GAS  C:\Users\user\AppData\Local\Temp\ccoNEg7E.s 			page 308


 15775 12d8 00000000 		.4byte	0
 15776              	.LLST148:
 15777 12dc 00000000 		.4byte	.LVL567
 15778 12e0 19000000 		.4byte	.LVL570-1
 15779 12e4 0100     		.2byte	0x1
 15780 12e6 52       		.byte	0x52
 15781 12e7 19000000 		.4byte	.LVL570-1
 15782 12eb 40010000 		.4byte	.LFE153
 15783 12ef 0600     		.2byte	0x6
 15784 12f1 F3       		.byte	0xf3
 15785 12f2 03       		.uleb128 0x3
 15786 12f3 F5       		.byte	0xf5
 15787 12f4 02       		.uleb128 0x2
 15788 12f5 25       		.uleb128 0x25
 15789 12f6 9F       		.byte	0x9f
 15790 12f7 00000000 		.4byte	0
 15791 12fb 00000000 		.4byte	0
 15792              	.LLST149:
 15793 12ff 00000000 		.4byte	.LVL567
 15794 1303 19000000 		.4byte	.LVL570-1
 15795 1307 0100     		.2byte	0x1
 15796 1309 53       		.byte	0x53
 15797 130a 19000000 		.4byte	.LVL570-1
 15798 130e 3C010000 		.4byte	.LVL607
 15799 1312 0100     		.2byte	0x1
 15800 1314 57       		.byte	0x57
 15801 1315 3C010000 		.4byte	.LVL607
 15802 1319 40010000 		.4byte	.LFE153
 15803 131d 0600     		.2byte	0x6
 15804 131f F3       		.byte	0xf3
 15805 1320 03       		.uleb128 0x3
 15806 1321 F5       		.byte	0xf5
 15807 1322 03       		.uleb128 0x3
 15808 1323 25       		.uleb128 0x25
 15809 1324 9F       		.byte	0x9f
 15810 1325 00000000 		.4byte	0
 15811 1329 00000000 		.4byte	0
 15812              	.LLST150:
 15813 132d 10000000 		.4byte	.LVL568
 15814 1331 3C010000 		.4byte	.LVL607
 15815 1335 0100     		.2byte	0x1
 15816 1337 55       		.byte	0x55
 15817 1338 00000000 		.4byte	0
 15818 133c 00000000 		.4byte	0
 15819              	.LLST151:
 15820 1340 22000000 		.4byte	.LVL571
 15821 1344 27000000 		.4byte	.LVL572-1
 15822 1348 0100     		.2byte	0x1
 15823 134a 50       		.byte	0x50
 15824 134b 00000000 		.4byte	0
 15825 134f 00000000 		.4byte	0
 15826              	.LLST152:
 15827 1353 2A000000 		.4byte	.LVL573
 15828 1357 31000000 		.4byte	.LVL574-1
 15829 135b 0100     		.2byte	0x1
 15830 135d 50       		.byte	0x50
 15831 135e 31000000 		.4byte	.LVL574-1
ARM GAS  C:\Users\user\AppData\Local\Temp\ccoNEg7E.s 			page 309


 15832 1362 50000000 		.4byte	.LVL578
 15833 1366 0100     		.2byte	0x1
 15834 1368 58       		.byte	0x58
 15835 1369 52000000 		.4byte	.LVL579
 15836 136d 56000000 		.4byte	.LVL580
 15837 1371 0100     		.2byte	0x1
 15838 1373 58       		.byte	0x58
 15839 1374 58000000 		.4byte	.LVL581
 15840 1378 5C000000 		.4byte	.LVL582
 15841 137c 0100     		.2byte	0x1
 15842 137e 58       		.byte	0x58
 15843 137f 00000000 		.4byte	0
 15844 1383 00000000 		.4byte	0
 15845              	.LLST153:
 15846 1387 84000000 		.4byte	.LVL586
 15847 138b 8B000000 		.4byte	.LVL587-1
 15848 138f 0100     		.2byte	0x1
 15849 1391 50       		.byte	0x50
 15850 1392 8B000000 		.4byte	.LVL587-1
 15851 1396 B2000000 		.4byte	.LVL591
 15852 139a 0100     		.2byte	0x1
 15853 139c 56       		.byte	0x56
 15854 139d 00000000 		.4byte	0
 15855 13a1 00000000 		.4byte	0
 15856              	.LLST154:
 15857 13a5 C0000000 		.4byte	.LVL593
 15858 13a9 C7000000 		.4byte	.LVL594-1
 15859 13ad 0100     		.2byte	0x1
 15860 13af 50       		.byte	0x50
 15861 13b0 C7000000 		.4byte	.LVL594-1
 15862 13b4 EE000000 		.4byte	.LVL598
 15863 13b8 0100     		.2byte	0x1
 15864 13ba 56       		.byte	0x56
 15865 13bb 00000000 		.4byte	0
 15866 13bf 00000000 		.4byte	0
 15867              	.LLST155:
 15868 13c3 FE000000 		.4byte	.LVL599
 15869 13c7 05010000 		.4byte	.LVL600-1
 15870 13cb 0200     		.2byte	0x2
 15871 13cd 91       		.byte	0x91
 15872 13ce 54       		.sleb128 -44
 15873 13cf 00000000 		.4byte	0
 15874 13d3 00000000 		.4byte	0
 15875              	.LLST156:
 15876 13d7 1A010000 		.4byte	.LVL603
 15877 13db 21010000 		.4byte	.LVL604-1
 15878 13df 0200     		.2byte	0x2
 15879 13e1 91       		.byte	0x91
 15880 13e2 55       		.sleb128 -43
 15881 13e3 00000000 		.4byte	0
 15882 13e7 00000000 		.4byte	0
 15883              	.LLST157:
 15884 13eb 00000000 		.4byte	.LVL608
 15885 13ef 0F000000 		.4byte	.LVL610-1
 15886 13f3 0100     		.2byte	0x1
 15887 13f5 50       		.byte	0x50
 15888 13f6 0F000000 		.4byte	.LVL610-1
ARM GAS  C:\Users\user\AppData\Local\Temp\ccoNEg7E.s 			page 310


 15889 13fa 12000000 		.4byte	.LFE155
 15890 13fe 0400     		.2byte	0x4
 15891 1400 F3       		.byte	0xf3
 15892 1401 01       		.uleb128 0x1
 15893 1402 50       		.byte	0x50
 15894 1403 9F       		.byte	0x9f
 15895 1404 00000000 		.4byte	0
 15896 1408 00000000 		.4byte	0
 15897              	.LLST158:
 15898 140c 00000000 		.4byte	.LVL608
 15899 1410 0C000000 		.4byte	.LVL609
 15900 1414 0100     		.2byte	0x1
 15901 1416 51       		.byte	0x51
 15902 1417 0C000000 		.4byte	.LVL609
 15903 141b 0F000000 		.4byte	.LVL610-1
 15904 141f 0100     		.2byte	0x1
 15905 1421 52       		.byte	0x52
 15906 1422 0F000000 		.4byte	.LVL610-1
 15907 1426 12000000 		.4byte	.LFE155
 15908 142a 0600     		.2byte	0x6
 15909 142c F3       		.byte	0xf3
 15910 142d 03       		.uleb128 0x3
 15911 142e F5       		.byte	0xf5
 15912 142f 01       		.uleb128 0x1
 15913 1430 25       		.uleb128 0x25
 15914 1431 9F       		.byte	0x9f
 15915 1432 00000000 		.4byte	0
 15916 1436 00000000 		.4byte	0
 15917              	.LLST159:
 15918 143a 00000000 		.4byte	.LVL611
 15919 143e 10000000 		.4byte	.LVL613
 15920 1442 0100     		.2byte	0x1
 15921 1444 50       		.byte	0x50
 15922 1445 10000000 		.4byte	.LVL613
 15923 1449 D6000000 		.4byte	.LVL635
 15924 144d 0100     		.2byte	0x1
 15925 144f 54       		.byte	0x54
 15926 1450 D6000000 		.4byte	.LVL635
 15927 1454 38010000 		.4byte	.LFE152
 15928 1458 0400     		.2byte	0x4
 15929 145a F3       		.byte	0xf3
 15930 145b 01       		.uleb128 0x1
 15931 145c 50       		.byte	0x50
 15932 145d 9F       		.byte	0x9f
 15933 145e 00000000 		.4byte	0
 15934 1462 00000000 		.4byte	0
 15935              	.LLST160:
 15936 1466 0A000000 		.4byte	.LVL612
 15937 146a 34010000 		.4byte	.LVL646
 15938 146e 0100     		.2byte	0x1
 15939 1470 56       		.byte	0x56
 15940 1471 00000000 		.4byte	0
 15941 1475 00000000 		.4byte	0
 15942              	.LLST161:
 15943 1479 CE000000 		.4byte	.LVL633
 15944 147d D3000000 		.4byte	.LVL634-1
 15945 1481 0100     		.2byte	0x1
ARM GAS  C:\Users\user\AppData\Local\Temp\ccoNEg7E.s 			page 311


 15946 1483 50       		.byte	0x50
 15947 1484 00000000 		.4byte	0
 15948 1488 00000000 		.4byte	0
 15949              	.LLST162:
 15950 148c 16000000 		.4byte	.LVL615
 15951 1490 1D000000 		.4byte	.LVL616-1
 15952 1494 0100     		.2byte	0x1
 15953 1496 50       		.byte	0x50
 15954 1497 1D000000 		.4byte	.LVL616-1
 15955 149b 44000000 		.4byte	.LVL620
 15956 149f 0100     		.2byte	0x1
 15957 14a1 55       		.byte	0x55
 15958 14a2 00000000 		.4byte	0
 15959 14a6 00000000 		.4byte	0
 15960              	.LLST163:
 15961 14aa 54000000 		.4byte	.LVL622
 15962 14ae 5B000000 		.4byte	.LVL623-1
 15963 14b2 0100     		.2byte	0x1
 15964 14b4 50       		.byte	0x50
 15965 14b5 5B000000 		.4byte	.LVL623-1
 15966 14b9 82000000 		.4byte	.LVL627
 15967 14bd 0100     		.2byte	0x1
 15968 14bf 55       		.byte	0x55
 15969 14c0 00000000 		.4byte	0
 15970 14c4 00000000 		.4byte	0
 15971              	.LLST164:
 15972 14c8 9A000000 		.4byte	.LVL629
 15973 14cc B0000000 		.4byte	.LVL630
 15974 14d0 0100     		.2byte	0x1
 15975 14d2 53       		.byte	0x53
 15976 14d3 00000000 		.4byte	0
 15977 14d7 00000000 		.4byte	0
 15978              	.LLST165:
 15979 14db D6000000 		.4byte	.LVL635
 15980 14df DD000000 		.4byte	.LVL636-1
 15981 14e3 0100     		.2byte	0x1
 15982 14e5 50       		.byte	0x50
 15983 14e6 DD000000 		.4byte	.LVL636-1
 15984 14ea 04010000 		.4byte	.LVL640
 15985 14ee 0100     		.2byte	0x1
 15986 14f0 54       		.byte	0x54
 15987 14f1 00000000 		.4byte	0
 15988 14f5 00000000 		.4byte	0
 15989              	.LLST166:
 15990 14f9 06010000 		.4byte	.LVL641
 15991 14fd 1C010000 		.4byte	.LVL642
 15992 1501 0100     		.2byte	0x1
 15993 1503 53       		.byte	0x53
 15994 1504 00000000 		.4byte	0
 15995 1508 00000000 		.4byte	0
 15996              	.LLST167:
 15997 150c 00000000 		.4byte	.LVL647
 15998 1510 14000000 		.4byte	.LVL649
 15999 1514 0100     		.2byte	0x1
 16000 1516 50       		.byte	0x50
 16001 1517 14000000 		.4byte	.LVL649
 16002 151b 2A000000 		.4byte	.LFE132
ARM GAS  C:\Users\user\AppData\Local\Temp\ccoNEg7E.s 			page 312


 16003 151f 0100     		.2byte	0x1
 16004 1521 54       		.byte	0x54
 16005 1522 00000000 		.4byte	0
 16006 1526 00000000 		.4byte	0
 16007              	.LLST168:
 16008 152a 00000000 		.4byte	.LVL647
 16009 152e 17000000 		.4byte	.LVL650-1
 16010 1532 0100     		.2byte	0x1
 16011 1534 51       		.byte	0x51
 16012 1535 17000000 		.4byte	.LVL650-1
 16013 1539 2A000000 		.4byte	.LFE132
 16014 153d 0400     		.2byte	0x4
 16015 153f F3       		.byte	0xf3
 16016 1540 01       		.uleb128 0x1
 16017 1541 51       		.byte	0x51
 16018 1542 9F       		.byte	0x9f
 16019 1543 00000000 		.4byte	0
 16020 1547 00000000 		.4byte	0
 16021              	.LLST169:
 16022 154b 00000000 		.4byte	.LVL647
 16023 154f 0C000000 		.4byte	.LVL648
 16024 1553 0100     		.2byte	0x1
 16025 1555 52       		.byte	0x52
 16026 1556 0C000000 		.4byte	.LVL648
 16027 155a 2A000000 		.4byte	.LFE132
 16028 155e 0100     		.2byte	0x1
 16029 1560 55       		.byte	0x55
 16030 1561 00000000 		.4byte	0
 16031 1565 00000000 		.4byte	0
 16032              	.LLST170:
 16033 1569 00000000 		.4byte	.LVL653
 16034 156d 11000000 		.4byte	.LVL655-1
 16035 1571 0100     		.2byte	0x1
 16036 1573 50       		.byte	0x50
 16037 1574 11000000 		.4byte	.LVL655-1
 16038 1578 3A000000 		.4byte	.LFE136
 16039 157c 0100     		.2byte	0x1
 16040 157e 54       		.byte	0x54
 16041 157f 00000000 		.4byte	0
 16042 1583 00000000 		.4byte	0
 16043              	.LLST171:
 16044 1587 00000000 		.4byte	.LVL653
 16045 158b 0E000000 		.4byte	.LVL654
 16046 158f 0100     		.2byte	0x1
 16047 1591 51       		.byte	0x51
 16048 1592 0E000000 		.4byte	.LVL654
 16049 1596 3A000000 		.4byte	.LFE136
 16050 159a 0100     		.2byte	0x1
 16051 159c 56       		.byte	0x56
 16052 159d 00000000 		.4byte	0
 16053 15a1 00000000 		.4byte	0
 16054              	.LLST172:
 16055 15a5 00000000 		.4byte	.LVL653
 16056 15a9 11000000 		.4byte	.LVL655-1
 16057 15ad 0100     		.2byte	0x1
 16058 15af 52       		.byte	0x52
 16059 15b0 11000000 		.4byte	.LVL655-1
ARM GAS  C:\Users\user\AppData\Local\Temp\ccoNEg7E.s 			page 313


 16060 15b4 3A000000 		.4byte	.LFE136
 16061 15b8 0600     		.2byte	0x6
 16062 15ba F3       		.byte	0xf3
 16063 15bb 03       		.uleb128 0x3
 16064 15bc F5       		.byte	0xf5
 16065 15bd 02       		.uleb128 0x2
 16066 15be 25       		.uleb128 0x25
 16067 15bf 9F       		.byte	0x9f
 16068 15c0 00000000 		.4byte	0
 16069 15c4 00000000 		.4byte	0
 16070              	.LLST173:
 16071 15c8 1A000000 		.4byte	.LVL656
 16072 15cc 24000000 		.4byte	.LVL657
 16073 15d0 0100     		.2byte	0x1
 16074 15d2 50       		.byte	0x50
 16075 15d3 24000000 		.4byte	.LVL657
 16076 15d7 27000000 		.4byte	.LVL658-1
 16077 15db 0100     		.2byte	0x1
 16078 15dd 51       		.byte	0x51
 16079 15de 00000000 		.4byte	0
 16080 15e2 00000000 		.4byte	0
 16081              	.LLST174:
 16082 15e6 00000000 		.4byte	.LVL660
 16083 15ea 15000000 		.4byte	.LVL661-1
 16084 15ee 0100     		.2byte	0x1
 16085 15f0 50       		.byte	0x50
 16086 15f1 15000000 		.4byte	.LVL661-1
 16087 15f5 18000000 		.4byte	.LVL662
 16088 15f9 0400     		.2byte	0x4
 16089 15fb F3       		.byte	0xf3
 16090 15fc 01       		.uleb128 0x1
 16091 15fd 50       		.byte	0x50
 16092 15fe 9F       		.byte	0x9f
 16093 15ff 18000000 		.4byte	.LVL662
 16094 1603 1B000000 		.4byte	.LVL663-1
 16095 1607 0100     		.2byte	0x1
 16096 1609 50       		.byte	0x50
 16097 160a 1B000000 		.4byte	.LVL663-1
 16098 160e 1E000000 		.4byte	.LVL664
 16099 1612 0400     		.2byte	0x4
 16100 1614 F3       		.byte	0xf3
 16101 1615 01       		.uleb128 0x1
 16102 1616 50       		.byte	0x50
 16103 1617 9F       		.byte	0x9f
 16104 1618 1E000000 		.4byte	.LVL664
 16105 161c 21000000 		.4byte	.LVL665-1
 16106 1620 0100     		.2byte	0x1
 16107 1622 50       		.byte	0x50
 16108 1623 21000000 		.4byte	.LVL665-1
 16109 1627 24000000 		.4byte	.LVL666
 16110 162b 0400     		.2byte	0x4
 16111 162d F3       		.byte	0xf3
 16112 162e 01       		.uleb128 0x1
 16113 162f 50       		.byte	0x50
 16114 1630 9F       		.byte	0x9f
 16115 1631 24000000 		.4byte	.LVL666
 16116 1635 27000000 		.4byte	.LVL667-1
ARM GAS  C:\Users\user\AppData\Local\Temp\ccoNEg7E.s 			page 314


 16117 1639 0100     		.2byte	0x1
 16118 163b 50       		.byte	0x50
 16119 163c 27000000 		.4byte	.LVL667-1
 16120 1640 30000000 		.4byte	.LFE157
 16121 1644 0400     		.2byte	0x4
 16122 1646 F3       		.byte	0xf3
 16123 1647 01       		.uleb128 0x1
 16124 1648 50       		.byte	0x50
 16125 1649 9F       		.byte	0x9f
 16126 164a 00000000 		.4byte	0
 16127 164e 00000000 		.4byte	0
 16128              	.LLST175:
 16129 1652 00000000 		.4byte	.LVL660
 16130 1656 15000000 		.4byte	.LVL661-1
 16131 165a 0100     		.2byte	0x1
 16132 165c 51       		.byte	0x51
 16133 165d 15000000 		.4byte	.LVL661-1
 16134 1661 18000000 		.4byte	.LVL662
 16135 1665 0600     		.2byte	0x6
 16136 1667 F3       		.byte	0xf3
 16137 1668 03       		.uleb128 0x3
 16138 1669 F5       		.byte	0xf5
 16139 166a 01       		.uleb128 0x1
 16140 166b 25       		.uleb128 0x25
 16141 166c 9F       		.byte	0x9f
 16142 166d 18000000 		.4byte	.LVL662
 16143 1671 1B000000 		.4byte	.LVL663-1
 16144 1675 0100     		.2byte	0x1
 16145 1677 51       		.byte	0x51
 16146 1678 1B000000 		.4byte	.LVL663-1
 16147 167c 1E000000 		.4byte	.LVL664
 16148 1680 0600     		.2byte	0x6
 16149 1682 F3       		.byte	0xf3
 16150 1683 03       		.uleb128 0x3
 16151 1684 F5       		.byte	0xf5
 16152 1685 01       		.uleb128 0x1
 16153 1686 25       		.uleb128 0x25
 16154 1687 9F       		.byte	0x9f
 16155 1688 1E000000 		.4byte	.LVL664
 16156 168c 21000000 		.4byte	.LVL665-1
 16157 1690 0100     		.2byte	0x1
 16158 1692 51       		.byte	0x51
 16159 1693 21000000 		.4byte	.LVL665-1
 16160 1697 24000000 		.4byte	.LVL666
 16161 169b 0600     		.2byte	0x6
 16162 169d F3       		.byte	0xf3
 16163 169e 03       		.uleb128 0x3
 16164 169f F5       		.byte	0xf5
 16165 16a0 01       		.uleb128 0x1
 16166 16a1 25       		.uleb128 0x25
 16167 16a2 9F       		.byte	0x9f
 16168 16a3 24000000 		.4byte	.LVL666
 16169 16a7 27000000 		.4byte	.LVL667-1
 16170 16ab 0100     		.2byte	0x1
 16171 16ad 51       		.byte	0x51
 16172 16ae 27000000 		.4byte	.LVL667-1
 16173 16b2 30000000 		.4byte	.LFE157
ARM GAS  C:\Users\user\AppData\Local\Temp\ccoNEg7E.s 			page 315


 16174 16b6 0600     		.2byte	0x6
 16175 16b8 F3       		.byte	0xf3
 16176 16b9 03       		.uleb128 0x3
 16177 16ba F5       		.byte	0xf5
 16178 16bb 01       		.uleb128 0x1
 16179 16bc 25       		.uleb128 0x25
 16180 16bd 9F       		.byte	0x9f
 16181 16be 00000000 		.4byte	0
 16182 16c2 00000000 		.4byte	0
 16183              	.LLST176:
 16184 16c6 00000000 		.4byte	.LVL660
 16185 16ca 15000000 		.4byte	.LVL661-1
 16186 16ce 0100     		.2byte	0x1
 16187 16d0 52       		.byte	0x52
 16188 16d1 15000000 		.4byte	.LVL661-1
 16189 16d5 18000000 		.4byte	.LVL662
 16190 16d9 0600     		.2byte	0x6
 16191 16db F3       		.byte	0xf3
 16192 16dc 03       		.uleb128 0x3
 16193 16dd F5       		.byte	0xf5
 16194 16de 02       		.uleb128 0x2
 16195 16df 25       		.uleb128 0x25
 16196 16e0 9F       		.byte	0x9f
 16197 16e1 18000000 		.4byte	.LVL662
 16198 16e5 1B000000 		.4byte	.LVL663-1
 16199 16e9 0100     		.2byte	0x1
 16200 16eb 52       		.byte	0x52
 16201 16ec 1B000000 		.4byte	.LVL663-1
 16202 16f0 1E000000 		.4byte	.LVL664
 16203 16f4 0600     		.2byte	0x6
 16204 16f6 F3       		.byte	0xf3
 16205 16f7 03       		.uleb128 0x3
 16206 16f8 F5       		.byte	0xf5
 16207 16f9 02       		.uleb128 0x2
 16208 16fa 25       		.uleb128 0x25
 16209 16fb 9F       		.byte	0x9f
 16210 16fc 1E000000 		.4byte	.LVL664
 16211 1700 21000000 		.4byte	.LVL665-1
 16212 1704 0100     		.2byte	0x1
 16213 1706 52       		.byte	0x52
 16214 1707 21000000 		.4byte	.LVL665-1
 16215 170b 24000000 		.4byte	.LVL666
 16216 170f 0600     		.2byte	0x6
 16217 1711 F3       		.byte	0xf3
 16218 1712 03       		.uleb128 0x3
 16219 1713 F5       		.byte	0xf5
 16220 1714 02       		.uleb128 0x2
 16221 1715 25       		.uleb128 0x25
 16222 1716 9F       		.byte	0x9f
 16223 1717 24000000 		.4byte	.LVL666
 16224 171b 27000000 		.4byte	.LVL667-1
 16225 171f 0100     		.2byte	0x1
 16226 1721 52       		.byte	0x52
 16227 1722 27000000 		.4byte	.LVL667-1
 16228 1726 30000000 		.4byte	.LFE157
 16229 172a 0600     		.2byte	0x6
 16230 172c F3       		.byte	0xf3
ARM GAS  C:\Users\user\AppData\Local\Temp\ccoNEg7E.s 			page 316


 16231 172d 03       		.uleb128 0x3
 16232 172e F5       		.byte	0xf5
 16233 172f 02       		.uleb128 0x2
 16234 1730 25       		.uleb128 0x25
 16235 1731 9F       		.byte	0x9f
 16236 1732 00000000 		.4byte	0
 16237 1736 00000000 		.4byte	0
 16238              	.LLST177:
 16239 173a 00000000 		.4byte	.LVL668
 16240 173e 0E000000 		.4byte	.LVL670
 16241 1742 0100     		.2byte	0x1
 16242 1744 50       		.byte	0x50
 16243 1745 0E000000 		.4byte	.LVL670
 16244 1749 48000000 		.4byte	.LFE133
 16245 174d 0100     		.2byte	0x1
 16246 174f 55       		.byte	0x55
 16247 1750 00000000 		.4byte	0
 16248 1754 00000000 		.4byte	0
 16249              	.LLST178:
 16250 1758 00000000 		.4byte	.LVL668
 16251 175c 11000000 		.4byte	.LVL671-1
 16252 1760 0100     		.2byte	0x1
 16253 1762 51       		.byte	0x51
 16254 1763 11000000 		.4byte	.LVL671-1
 16255 1767 48000000 		.4byte	.LFE133
 16256 176b 0100     		.2byte	0x1
 16257 176d 57       		.byte	0x57
 16258 176e 00000000 		.4byte	0
 16259 1772 00000000 		.4byte	0
 16260              	.LLST179:
 16261 1776 00000000 		.4byte	.LVL668
 16262 177a 0C000000 		.4byte	.LVL669
 16263 177e 0100     		.2byte	0x1
 16264 1780 52       		.byte	0x52
 16265 1781 0C000000 		.4byte	.LVL669
 16266 1785 48000000 		.4byte	.LFE133
 16267 1789 0100     		.2byte	0x1
 16268 178b 56       		.byte	0x56
 16269 178c 00000000 		.4byte	0
 16270 1790 00000000 		.4byte	0
 16271              	.LLST180:
 16272 1794 00000000 		.4byte	.LVL668
 16273 1798 11000000 		.4byte	.LVL671-1
 16274 179c 0100     		.2byte	0x1
 16275 179e 53       		.byte	0x53
 16276 179f 11000000 		.4byte	.LVL671-1
 16277 17a3 48000000 		.4byte	.LFE133
 16278 17a7 0100     		.2byte	0x1
 16279 17a9 54       		.byte	0x54
 16280 17aa 00000000 		.4byte	0
 16281 17ae 00000000 		.4byte	0
 16282              	.LLST181:
 16283 17b2 00000000 		.4byte	.LVL677
 16284 17b6 13000000 		.4byte	.LVL679-1
 16285 17ba 0100     		.2byte	0x1
 16286 17bc 50       		.byte	0x50
 16287 17bd 13000000 		.4byte	.LVL679-1
ARM GAS  C:\Users\user\AppData\Local\Temp\ccoNEg7E.s 			page 317


 16288 17c1 48000000 		.4byte	.LFE135
 16289 17c5 0100     		.2byte	0x1
 16290 17c7 55       		.byte	0x55
 16291 17c8 00000000 		.4byte	0
 16292 17cc 00000000 		.4byte	0
 16293              	.LLST182:
 16294 17d0 00000000 		.4byte	.LVL677
 16295 17d4 10000000 		.4byte	.LVL678
 16296 17d8 0100     		.2byte	0x1
 16297 17da 51       		.byte	0x51
 16298 17db 10000000 		.4byte	.LVL678
 16299 17df 1E000000 		.4byte	.LVL681
 16300 17e3 0100     		.2byte	0x1
 16301 17e5 56       		.byte	0x56
 16302 17e6 1E000000 		.4byte	.LVL681
 16303 17ea 48000000 		.4byte	.LFE135
 16304 17ee 0600     		.2byte	0x6
 16305 17f0 F3       		.byte	0xf3
 16306 17f1 03       		.uleb128 0x3
 16307 17f2 F5       		.byte	0xf5
 16308 17f3 01       		.uleb128 0x1
 16309 17f4 25       		.uleb128 0x25
 16310 17f5 9F       		.byte	0x9f
 16311 17f6 00000000 		.4byte	0
 16312 17fa 00000000 		.4byte	0
 16313              	.LLST183:
 16314 17fe 00000000 		.4byte	.LVL677
 16315 1802 13000000 		.4byte	.LVL679-1
 16316 1806 0100     		.2byte	0x1
 16317 1808 52       		.byte	0x52
 16318 1809 13000000 		.4byte	.LVL679-1
 16319 180d 48000000 		.4byte	.LFE135
 16320 1811 0600     		.2byte	0x6
 16321 1813 F3       		.byte	0xf3
 16322 1814 03       		.uleb128 0x3
 16323 1815 F5       		.byte	0xf5
 16324 1816 02       		.uleb128 0x2
 16325 1817 25       		.uleb128 0x25
 16326 1818 9F       		.byte	0x9f
 16327 1819 00000000 		.4byte	0
 16328 181d 00000000 		.4byte	0
 16329              	.LLST184:
 16330 1821 00000000 		.4byte	.LVL677
 16331 1825 13000000 		.4byte	.LVL679-1
 16332 1829 0100     		.2byte	0x1
 16333 182b 53       		.byte	0x53
 16334 182c 13000000 		.4byte	.LVL679-1
 16335 1830 48000000 		.4byte	.LFE135
 16336 1834 0100     		.2byte	0x1
 16337 1836 57       		.byte	0x57
 16338 1837 00000000 		.4byte	0
 16339 183b 00000000 		.4byte	0
 16340              	.LLST185:
 16341 183f 1E000000 		.4byte	.LVL681
 16342 1843 26000000 		.4byte	.LVL682
 16343 1847 0100     		.2byte	0x1
 16344 1849 50       		.byte	0x50
ARM GAS  C:\Users\user\AppData\Local\Temp\ccoNEg7E.s 			page 318


 16345 184a 26000000 		.4byte	.LVL682
 16346 184e 48000000 		.4byte	.LFE135
 16347 1852 0100     		.2byte	0x1
 16348 1854 56       		.byte	0x56
 16349 1855 00000000 		.4byte	0
 16350 1859 00000000 		.4byte	0
 16351              	.LLST186:
 16352 185d 00000000 		.4byte	.LVL686
 16353 1861 15000000 		.4byte	.LVL687-1
 16354 1865 0100     		.2byte	0x1
 16355 1867 50       		.byte	0x50
 16356 1868 15000000 		.4byte	.LVL687-1
 16357 186c 18000000 		.4byte	.LVL688
 16358 1870 0400     		.2byte	0x4
 16359 1872 F3       		.byte	0xf3
 16360 1873 01       		.uleb128 0x1
 16361 1874 50       		.byte	0x50
 16362 1875 9F       		.byte	0x9f
 16363 1876 18000000 		.4byte	.LVL688
 16364 187a 1B000000 		.4byte	.LVL689-1
 16365 187e 0100     		.2byte	0x1
 16366 1880 50       		.byte	0x50
 16367 1881 1B000000 		.4byte	.LVL689-1
 16368 1885 1E000000 		.4byte	.LVL690
 16369 1889 0400     		.2byte	0x4
 16370 188b F3       		.byte	0xf3
 16371 188c 01       		.uleb128 0x1
 16372 188d 50       		.byte	0x50
 16373 188e 9F       		.byte	0x9f
 16374 188f 1E000000 		.4byte	.LVL690
 16375 1893 21000000 		.4byte	.LVL691-1
 16376 1897 0100     		.2byte	0x1
 16377 1899 50       		.byte	0x50
 16378 189a 21000000 		.4byte	.LVL691-1
 16379 189e 24000000 		.4byte	.LVL692
 16380 18a2 0400     		.2byte	0x4
 16381 18a4 F3       		.byte	0xf3
 16382 18a5 01       		.uleb128 0x1
 16383 18a6 50       		.byte	0x50
 16384 18a7 9F       		.byte	0x9f
 16385 18a8 24000000 		.4byte	.LVL692
 16386 18ac 27000000 		.4byte	.LVL693-1
 16387 18b0 0100     		.2byte	0x1
 16388 18b2 50       		.byte	0x50
 16389 18b3 27000000 		.4byte	.LVL693-1
 16390 18b7 30000000 		.4byte	.LFE156
 16391 18bb 0400     		.2byte	0x4
 16392 18bd F3       		.byte	0xf3
 16393 18be 01       		.uleb128 0x1
 16394 18bf 50       		.byte	0x50
 16395 18c0 9F       		.byte	0x9f
 16396 18c1 00000000 		.4byte	0
 16397 18c5 00000000 		.4byte	0
 16398              	.LLST187:
 16399 18c9 00000000 		.4byte	.LVL686
 16400 18cd 15000000 		.4byte	.LVL687-1
 16401 18d1 0100     		.2byte	0x1
ARM GAS  C:\Users\user\AppData\Local\Temp\ccoNEg7E.s 			page 319


 16402 18d3 51       		.byte	0x51
 16403 18d4 15000000 		.4byte	.LVL687-1
 16404 18d8 18000000 		.4byte	.LVL688
 16405 18dc 0600     		.2byte	0x6
 16406 18de F3       		.byte	0xf3
 16407 18df 03       		.uleb128 0x3
 16408 18e0 F5       		.byte	0xf5
 16409 18e1 01       		.uleb128 0x1
 16410 18e2 25       		.uleb128 0x25
 16411 18e3 9F       		.byte	0x9f
 16412 18e4 18000000 		.4byte	.LVL688
 16413 18e8 1B000000 		.4byte	.LVL689-1
 16414 18ec 0100     		.2byte	0x1
 16415 18ee 51       		.byte	0x51
 16416 18ef 1B000000 		.4byte	.LVL689-1
 16417 18f3 1E000000 		.4byte	.LVL690
 16418 18f7 0600     		.2byte	0x6
 16419 18f9 F3       		.byte	0xf3
 16420 18fa 03       		.uleb128 0x3
 16421 18fb F5       		.byte	0xf5
 16422 18fc 01       		.uleb128 0x1
 16423 18fd 25       		.uleb128 0x25
 16424 18fe 9F       		.byte	0x9f
 16425 18ff 1E000000 		.4byte	.LVL690
 16426 1903 21000000 		.4byte	.LVL691-1
 16427 1907 0100     		.2byte	0x1
 16428 1909 51       		.byte	0x51
 16429 190a 21000000 		.4byte	.LVL691-1
 16430 190e 24000000 		.4byte	.LVL692
 16431 1912 0600     		.2byte	0x6
 16432 1914 F3       		.byte	0xf3
 16433 1915 03       		.uleb128 0x3
 16434 1916 F5       		.byte	0xf5
 16435 1917 01       		.uleb128 0x1
 16436 1918 25       		.uleb128 0x25
 16437 1919 9F       		.byte	0x9f
 16438 191a 24000000 		.4byte	.LVL692
 16439 191e 27000000 		.4byte	.LVL693-1
 16440 1922 0100     		.2byte	0x1
 16441 1924 51       		.byte	0x51
 16442 1925 27000000 		.4byte	.LVL693-1
 16443 1929 30000000 		.4byte	.LFE156
 16444 192d 0600     		.2byte	0x6
 16445 192f F3       		.byte	0xf3
 16446 1930 03       		.uleb128 0x3
 16447 1931 F5       		.byte	0xf5
 16448 1932 01       		.uleb128 0x1
 16449 1933 25       		.uleb128 0x25
 16450 1934 9F       		.byte	0x9f
 16451 1935 00000000 		.4byte	0
 16452 1939 00000000 		.4byte	0
 16453              	.LLST188:
 16454 193d 00000000 		.4byte	.LVL686
 16455 1941 15000000 		.4byte	.LVL687-1
 16456 1945 0100     		.2byte	0x1
 16457 1947 52       		.byte	0x52
 16458 1948 15000000 		.4byte	.LVL687-1
ARM GAS  C:\Users\user\AppData\Local\Temp\ccoNEg7E.s 			page 320


 16459 194c 18000000 		.4byte	.LVL688
 16460 1950 0600     		.2byte	0x6
 16461 1952 F3       		.byte	0xf3
 16462 1953 03       		.uleb128 0x3
 16463 1954 F5       		.byte	0xf5
 16464 1955 02       		.uleb128 0x2
 16465 1956 25       		.uleb128 0x25
 16466 1957 9F       		.byte	0x9f
 16467 1958 18000000 		.4byte	.LVL688
 16468 195c 1B000000 		.4byte	.LVL689-1
 16469 1960 0100     		.2byte	0x1
 16470 1962 52       		.byte	0x52
 16471 1963 1B000000 		.4byte	.LVL689-1
 16472 1967 1E000000 		.4byte	.LVL690
 16473 196b 0600     		.2byte	0x6
 16474 196d F3       		.byte	0xf3
 16475 196e 03       		.uleb128 0x3
 16476 196f F5       		.byte	0xf5
 16477 1970 02       		.uleb128 0x2
 16478 1971 25       		.uleb128 0x25
 16479 1972 9F       		.byte	0x9f
 16480 1973 1E000000 		.4byte	.LVL690
 16481 1977 21000000 		.4byte	.LVL691-1
 16482 197b 0100     		.2byte	0x1
 16483 197d 52       		.byte	0x52
 16484 197e 21000000 		.4byte	.LVL691-1
 16485 1982 24000000 		.4byte	.LVL692
 16486 1986 0600     		.2byte	0x6
 16487 1988 F3       		.byte	0xf3
 16488 1989 03       		.uleb128 0x3
 16489 198a F5       		.byte	0xf5
 16490 198b 02       		.uleb128 0x2
 16491 198c 25       		.uleb128 0x25
 16492 198d 9F       		.byte	0x9f
 16493 198e 24000000 		.4byte	.LVL692
 16494 1992 27000000 		.4byte	.LVL693-1
 16495 1996 0100     		.2byte	0x1
 16496 1998 52       		.byte	0x52
 16497 1999 27000000 		.4byte	.LVL693-1
 16498 199d 30000000 		.4byte	.LFE156
 16499 19a1 0600     		.2byte	0x6
 16500 19a3 F3       		.byte	0xf3
 16501 19a4 03       		.uleb128 0x3
 16502 19a5 F5       		.byte	0xf5
 16503 19a6 02       		.uleb128 0x2
 16504 19a7 25       		.uleb128 0x25
 16505 19a8 9F       		.byte	0x9f
 16506 19a9 00000000 		.4byte	0
 16507 19ad 00000000 		.4byte	0
 16508              	.LLST189:
 16509 19b1 00000000 		.4byte	.LVL686
 16510 19b5 15000000 		.4byte	.LVL687-1
 16511 19b9 0100     		.2byte	0x1
 16512 19bb 53       		.byte	0x53
 16513 19bc 15000000 		.4byte	.LVL687-1
 16514 19c0 18000000 		.4byte	.LVL688
 16515 19c4 0600     		.2byte	0x6
ARM GAS  C:\Users\user\AppData\Local\Temp\ccoNEg7E.s 			page 321


 16516 19c6 F3       		.byte	0xf3
 16517 19c7 03       		.uleb128 0x3
 16518 19c8 F5       		.byte	0xf5
 16519 19c9 03       		.uleb128 0x3
 16520 19ca 25       		.uleb128 0x25
 16521 19cb 9F       		.byte	0x9f
 16522 19cc 18000000 		.4byte	.LVL688
 16523 19d0 1B000000 		.4byte	.LVL689-1
 16524 19d4 0100     		.2byte	0x1
 16525 19d6 53       		.byte	0x53
 16526 19d7 1B000000 		.4byte	.LVL689-1
 16527 19db 1E000000 		.4byte	.LVL690
 16528 19df 0600     		.2byte	0x6
 16529 19e1 F3       		.byte	0xf3
 16530 19e2 03       		.uleb128 0x3
 16531 19e3 F5       		.byte	0xf5
 16532 19e4 03       		.uleb128 0x3
 16533 19e5 25       		.uleb128 0x25
 16534 19e6 9F       		.byte	0x9f
 16535 19e7 1E000000 		.4byte	.LVL690
 16536 19eb 21000000 		.4byte	.LVL691-1
 16537 19ef 0100     		.2byte	0x1
 16538 19f1 53       		.byte	0x53
 16539 19f2 21000000 		.4byte	.LVL691-1
 16540 19f6 24000000 		.4byte	.LVL692
 16541 19fa 0600     		.2byte	0x6
 16542 19fc F3       		.byte	0xf3
 16543 19fd 03       		.uleb128 0x3
 16544 19fe F5       		.byte	0xf5
 16545 19ff 03       		.uleb128 0x3
 16546 1a00 25       		.uleb128 0x25
 16547 1a01 9F       		.byte	0x9f
 16548 1a02 24000000 		.4byte	.LVL692
 16549 1a06 27000000 		.4byte	.LVL693-1
 16550 1a0a 0100     		.2byte	0x1
 16551 1a0c 53       		.byte	0x53
 16552 1a0d 27000000 		.4byte	.LVL693-1
 16553 1a11 30000000 		.4byte	.LFE156
 16554 1a15 0600     		.2byte	0x6
 16555 1a17 F3       		.byte	0xf3
 16556 1a18 03       		.uleb128 0x3
 16557 1a19 F5       		.byte	0xf5
 16558 1a1a 03       		.uleb128 0x3
 16559 1a1b 25       		.uleb128 0x25
 16560 1a1c 9F       		.byte	0x9f
 16561 1a1d 00000000 		.4byte	0
 16562 1a21 00000000 		.4byte	0
 16563              	.LLST190:
 16564 1a25 00000000 		.4byte	.LVL694
 16565 1a29 0F000000 		.4byte	.LVL696-1
 16566 1a2d 0100     		.2byte	0x1
 16567 1a2f 50       		.byte	0x50
 16568 1a30 0F000000 		.4byte	.LVL696-1
 16569 1a34 12000000 		.4byte	.LFE137
 16570 1a38 0400     		.2byte	0x4
 16571 1a3a F3       		.byte	0xf3
 16572 1a3b 01       		.uleb128 0x1
ARM GAS  C:\Users\user\AppData\Local\Temp\ccoNEg7E.s 			page 322


 16573 1a3c 50       		.byte	0x50
 16574 1a3d 9F       		.byte	0x9f
 16575 1a3e 00000000 		.4byte	0
 16576 1a42 00000000 		.4byte	0
 16577              	.LLST191:
 16578 1a46 00000000 		.4byte	.LVL694
 16579 1a4a 0C000000 		.4byte	.LVL695
 16580 1a4e 0100     		.2byte	0x1
 16581 1a50 51       		.byte	0x51
 16582 1a51 0C000000 		.4byte	.LVL695
 16583 1a55 0F000000 		.4byte	.LVL696-1
 16584 1a59 0100     		.2byte	0x1
 16585 1a5b 52       		.byte	0x52
 16586 1a5c 0F000000 		.4byte	.LVL696-1
 16587 1a60 12000000 		.4byte	.LFE137
 16588 1a64 0600     		.2byte	0x6
 16589 1a66 F3       		.byte	0xf3
 16590 1a67 03       		.uleb128 0x3
 16591 1a68 F5       		.byte	0xf5
 16592 1a69 01       		.uleb128 0x1
 16593 1a6a 25       		.uleb128 0x25
 16594 1a6b 9F       		.byte	0x9f
 16595 1a6c 00000000 		.4byte	0
 16596 1a70 00000000 		.4byte	0
 16597              	.LLST192:
 16598 1a74 00000000 		.4byte	.LVL697
 16599 1a78 15000000 		.4byte	.LVL698-1
 16600 1a7c 0100     		.2byte	0x1
 16601 1a7e 50       		.byte	0x50
 16602 1a7f 15000000 		.4byte	.LVL698-1
 16603 1a83 18000000 		.4byte	.LVL699
 16604 1a87 0400     		.2byte	0x4
 16605 1a89 F3       		.byte	0xf3
 16606 1a8a 01       		.uleb128 0x1
 16607 1a8b 50       		.byte	0x50
 16608 1a8c 9F       		.byte	0x9f
 16609 1a8d 18000000 		.4byte	.LVL699
 16610 1a91 1B000000 		.4byte	.LVL700-1
 16611 1a95 0100     		.2byte	0x1
 16612 1a97 50       		.byte	0x50
 16613 1a98 1B000000 		.4byte	.LVL700-1
 16614 1a9c 1E000000 		.4byte	.LVL701
 16615 1aa0 0400     		.2byte	0x4
 16616 1aa2 F3       		.byte	0xf3
 16617 1aa3 01       		.uleb128 0x1
 16618 1aa4 50       		.byte	0x50
 16619 1aa5 9F       		.byte	0x9f
 16620 1aa6 1E000000 		.4byte	.LVL701
 16621 1aaa 21000000 		.4byte	.LVL702-1
 16622 1aae 0100     		.2byte	0x1
 16623 1ab0 50       		.byte	0x50
 16624 1ab1 21000000 		.4byte	.LVL702-1
 16625 1ab5 24000000 		.4byte	.LVL703
 16626 1ab9 0400     		.2byte	0x4
 16627 1abb F3       		.byte	0xf3
 16628 1abc 01       		.uleb128 0x1
 16629 1abd 50       		.byte	0x50
ARM GAS  C:\Users\user\AppData\Local\Temp\ccoNEg7E.s 			page 323


 16630 1abe 9F       		.byte	0x9f
 16631 1abf 24000000 		.4byte	.LVL703
 16632 1ac3 27000000 		.4byte	.LVL704-1
 16633 1ac7 0100     		.2byte	0x1
 16634 1ac9 50       		.byte	0x50
 16635 1aca 27000000 		.4byte	.LVL704-1
 16636 1ace 30000000 		.4byte	.LFE158
 16637 1ad2 0400     		.2byte	0x4
 16638 1ad4 F3       		.byte	0xf3
 16639 1ad5 01       		.uleb128 0x1
 16640 1ad6 50       		.byte	0x50
 16641 1ad7 9F       		.byte	0x9f
 16642 1ad8 00000000 		.4byte	0
 16643 1adc 00000000 		.4byte	0
 16644              	.LLST193:
 16645 1ae0 00000000 		.4byte	.LVL697
 16646 1ae4 15000000 		.4byte	.LVL698-1
 16647 1ae8 0100     		.2byte	0x1
 16648 1aea 51       		.byte	0x51
 16649 1aeb 15000000 		.4byte	.LVL698-1
 16650 1aef 18000000 		.4byte	.LVL699
 16651 1af3 0600     		.2byte	0x6
 16652 1af5 F3       		.byte	0xf3
 16653 1af6 03       		.uleb128 0x3
 16654 1af7 F5       		.byte	0xf5
 16655 1af8 01       		.uleb128 0x1
 16656 1af9 25       		.uleb128 0x25
 16657 1afa 9F       		.byte	0x9f
 16658 1afb 18000000 		.4byte	.LVL699
 16659 1aff 1B000000 		.4byte	.LVL700-1
 16660 1b03 0100     		.2byte	0x1
 16661 1b05 51       		.byte	0x51
 16662 1b06 1B000000 		.4byte	.LVL700-1
 16663 1b0a 1E000000 		.4byte	.LVL701
 16664 1b0e 0600     		.2byte	0x6
 16665 1b10 F3       		.byte	0xf3
 16666 1b11 03       		.uleb128 0x3
 16667 1b12 F5       		.byte	0xf5
 16668 1b13 01       		.uleb128 0x1
 16669 1b14 25       		.uleb128 0x25
 16670 1b15 9F       		.byte	0x9f
 16671 1b16 1E000000 		.4byte	.LVL701
 16672 1b1a 21000000 		.4byte	.LVL702-1
 16673 1b1e 0100     		.2byte	0x1
 16674 1b20 51       		.byte	0x51
 16675 1b21 21000000 		.4byte	.LVL702-1
 16676 1b25 24000000 		.4byte	.LVL703
 16677 1b29 0600     		.2byte	0x6
 16678 1b2b F3       		.byte	0xf3
 16679 1b2c 03       		.uleb128 0x3
 16680 1b2d F5       		.byte	0xf5
 16681 1b2e 01       		.uleb128 0x1
 16682 1b2f 25       		.uleb128 0x25
 16683 1b30 9F       		.byte	0x9f
 16684 1b31 24000000 		.4byte	.LVL703
 16685 1b35 27000000 		.4byte	.LVL704-1
 16686 1b39 0100     		.2byte	0x1
ARM GAS  C:\Users\user\AppData\Local\Temp\ccoNEg7E.s 			page 324


 16687 1b3b 51       		.byte	0x51
 16688 1b3c 27000000 		.4byte	.LVL704-1
 16689 1b40 30000000 		.4byte	.LFE158
 16690 1b44 0600     		.2byte	0x6
 16691 1b46 F3       		.byte	0xf3
 16692 1b47 03       		.uleb128 0x3
 16693 1b48 F5       		.byte	0xf5
 16694 1b49 01       		.uleb128 0x1
 16695 1b4a 25       		.uleb128 0x25
 16696 1b4b 9F       		.byte	0x9f
 16697 1b4c 00000000 		.4byte	0
 16698 1b50 00000000 		.4byte	0
 16699              	.LLST194:
 16700 1b54 00000000 		.4byte	.LVL705
 16701 1b58 16000000 		.4byte	.LVL706
 16702 1b5c 0100     		.2byte	0x1
 16703 1b5e 50       		.byte	0x50
 16704 1b5f 16000000 		.4byte	.LVL706
 16705 1b63 42000000 		.4byte	.LFE134
 16706 1b67 0100     		.2byte	0x1
 16707 1b69 54       		.byte	0x54
 16708 1b6a 00000000 		.4byte	0
 16709 1b6e 00000000 		.4byte	0
 16710              	.LLST195:
 16711 1b72 38000000 		.4byte	.LVL710
 16712 1b76 3D000000 		.4byte	.LVL711-1
 16713 1b7a 0100     		.2byte	0x1
 16714 1b7c 50       		.byte	0x50
 16715 1b7d 00000000 		.4byte	0
 16716 1b81 00000000 		.4byte	0
 16717              	.LLST196:
 16718 1b85 00000000 		.4byte	.LVL712
 16719 1b89 15000000 		.4byte	.LVL713-1
 16720 1b8d 0100     		.2byte	0x1
 16721 1b8f 50       		.byte	0x50
 16722 1b90 15000000 		.4byte	.LVL713-1
 16723 1b94 18000000 		.4byte	.LVL714
 16724 1b98 0400     		.2byte	0x4
 16725 1b9a F3       		.byte	0xf3
 16726 1b9b 01       		.uleb128 0x1
 16727 1b9c 50       		.byte	0x50
 16728 1b9d 9F       		.byte	0x9f
 16729 1b9e 18000000 		.4byte	.LVL714
 16730 1ba2 1B000000 		.4byte	.LVL715-1
 16731 1ba6 0100     		.2byte	0x1
 16732 1ba8 50       		.byte	0x50
 16733 1ba9 1B000000 		.4byte	.LVL715-1
 16734 1bad 1E000000 		.4byte	.LVL716
 16735 1bb1 0400     		.2byte	0x4
 16736 1bb3 F3       		.byte	0xf3
 16737 1bb4 01       		.uleb128 0x1
 16738 1bb5 50       		.byte	0x50
 16739 1bb6 9F       		.byte	0x9f
 16740 1bb7 1E000000 		.4byte	.LVL716
 16741 1bbb 21000000 		.4byte	.LVL717-1
 16742 1bbf 0100     		.2byte	0x1
 16743 1bc1 50       		.byte	0x50
ARM GAS  C:\Users\user\AppData\Local\Temp\ccoNEg7E.s 			page 325


 16744 1bc2 21000000 		.4byte	.LVL717-1
 16745 1bc6 24000000 		.4byte	.LVL718
 16746 1bca 0400     		.2byte	0x4
 16747 1bcc F3       		.byte	0xf3
 16748 1bcd 01       		.uleb128 0x1
 16749 1bce 50       		.byte	0x50
 16750 1bcf 9F       		.byte	0x9f
 16751 1bd0 24000000 		.4byte	.LVL718
 16752 1bd4 27000000 		.4byte	.LVL719-1
 16753 1bd8 0100     		.2byte	0x1
 16754 1bda 50       		.byte	0x50
 16755 1bdb 27000000 		.4byte	.LVL719-1
 16756 1bdf 30000000 		.4byte	.LFE159
 16757 1be3 0400     		.2byte	0x4
 16758 1be5 F3       		.byte	0xf3
 16759 1be6 01       		.uleb128 0x1
 16760 1be7 50       		.byte	0x50
 16761 1be8 9F       		.byte	0x9f
 16762 1be9 00000000 		.4byte	0
 16763 1bed 00000000 		.4byte	0
 16764              	.LLST197:
 16765 1bf1 00000000 		.4byte	.LVL720
 16766 1bf5 0E000000 		.4byte	.LVL723
 16767 1bf9 0100     		.2byte	0x1
 16768 1bfb 50       		.byte	0x50
 16769 1bfc 0E000000 		.4byte	.LVL723
 16770 1c00 D8010000 		.4byte	.LVL781
 16771 1c04 0100     		.2byte	0x1
 16772 1c06 54       		.byte	0x54
 16773 1c07 D8010000 		.4byte	.LVL781
 16774 1c0b F4010000 		.4byte	.LFE160
 16775 1c0f 0400     		.2byte	0x4
 16776 1c11 F3       		.byte	0xf3
 16777 1c12 01       		.uleb128 0x1
 16778 1c13 50       		.byte	0x50
 16779 1c14 9F       		.byte	0x9f
 16780 1c15 00000000 		.4byte	0
 16781 1c19 00000000 		.4byte	0
 16782              	.LLST198:
 16783 1c1d 00000000 		.4byte	.LVL720
 16784 1c21 2B000000 		.4byte	.LVL724-1
 16785 1c25 0100     		.2byte	0x1
 16786 1c27 51       		.byte	0x51
 16787 1c28 2B000000 		.4byte	.LVL724-1
 16788 1c2c 4C000000 		.4byte	.LVL728
 16789 1c30 0100     		.2byte	0x1
 16790 1c32 56       		.byte	0x56
 16791 1c33 4C000000 		.4byte	.LVL728
 16792 1c37 4F000000 		.4byte	.LVL729-1
 16793 1c3b 0100     		.2byte	0x1
 16794 1c3d 51       		.byte	0x51
 16795 1c3e 4F000000 		.4byte	.LVL729-1
 16796 1c42 0A010000 		.4byte	.LVL752
 16797 1c46 0100     		.2byte	0x1
 16798 1c48 56       		.byte	0x56
 16799 1c49 0A010000 		.4byte	.LVL752
 16800 1c4d 11010000 		.4byte	.LVL753-1
ARM GAS  C:\Users\user\AppData\Local\Temp\ccoNEg7E.s 			page 326


 16801 1c51 0100     		.2byte	0x1
 16802 1c53 51       		.byte	0x51
 16803 1c54 11010000 		.4byte	.LVL753-1
 16804 1c58 3E010000 		.4byte	.LVL759
 16805 1c5c 0100     		.2byte	0x1
 16806 1c5e 56       		.byte	0x56
 16807 1c5f 3E010000 		.4byte	.LVL759
 16808 1c63 C8010000 		.4byte	.LVL777
 16809 1c67 0600     		.2byte	0x6
 16810 1c69 F3       		.byte	0xf3
 16811 1c6a 03       		.uleb128 0x3
 16812 1c6b F5       		.byte	0xf5
 16813 1c6c 01       		.uleb128 0x1
 16814 1c6d 25       		.uleb128 0x25
 16815 1c6e 9F       		.byte	0x9f
 16816 1c6f C8010000 		.4byte	.LVL777
 16817 1c73 D0010000 		.4byte	.LVL780
 16818 1c77 0100     		.2byte	0x1
 16819 1c79 51       		.byte	0x51
 16820 1c7a D0010000 		.4byte	.LVL780
 16821 1c7e D8010000 		.4byte	.LVL781
 16822 1c82 0100     		.2byte	0x1
 16823 1c84 56       		.byte	0x56
 16824 1c85 D8010000 		.4byte	.LVL781
 16825 1c89 F4010000 		.4byte	.LFE160
 16826 1c8d 0600     		.2byte	0x6
 16827 1c8f F3       		.byte	0xf3
 16828 1c90 03       		.uleb128 0x3
 16829 1c91 F5       		.byte	0xf5
 16830 1c92 01       		.uleb128 0x1
 16831 1c93 25       		.uleb128 0x25
 16832 1c94 9F       		.byte	0x9f
 16833 1c95 00000000 		.4byte	0
 16834 1c99 00000000 		.4byte	0
 16835              	.LLST199:
 16836 1c9d 08000000 		.4byte	.LVL721
 16837 1ca1 4A000000 		.4byte	.LVL727
 16838 1ca5 0600     		.2byte	0x6
 16839 1ca7 9E       		.byte	0x9e
 16840 1ca8 04       		.uleb128 0x4
 16841 1ca9 00000000 		.4byte	0
 16842 1cad 4A000000 		.4byte	.LVL727
 16843 1cb1 4C000000 		.4byte	.LVL728
 16844 1cb5 0100     		.2byte	0x1
 16845 1cb7 50       		.byte	0x50
 16846 1cb8 4C000000 		.4byte	.LVL728
 16847 1cbc 72000000 		.4byte	.LVL733
 16848 1cc0 0600     		.2byte	0x6
 16849 1cc2 9E       		.byte	0x9e
 16850 1cc3 04       		.uleb128 0x4
 16851 1cc4 00000000 		.4byte	0
 16852 1cc8 72000000 		.4byte	.LVL733
 16853 1ccc A2000000 		.4byte	.LVL738
 16854 1cd0 0100     		.2byte	0x1
 16855 1cd2 50       		.byte	0x50
 16856 1cd3 A2000000 		.4byte	.LVL738
 16857 1cd7 0A010000 		.4byte	.LVL752
ARM GAS  C:\Users\user\AppData\Local\Temp\ccoNEg7E.s 			page 327


 16858 1cdb 0100     		.2byte	0x1
 16859 1cdd 55       		.byte	0x55
 16860 1cde 0A010000 		.4byte	.LVL752
 16861 1ce2 3A010000 		.4byte	.LVL758
 16862 1ce6 0600     		.2byte	0x6
 16863 1ce8 9E       		.byte	0x9e
 16864 1ce9 04       		.uleb128 0x4
 16865 1cea 00000000 		.4byte	0
 16866 1cee 3A010000 		.4byte	.LVL758
 16867 1cf2 66010000 		.4byte	.LVL763
 16868 1cf6 0100     		.2byte	0x1
 16869 1cf8 50       		.byte	0x50
 16870 1cf9 66010000 		.4byte	.LVL763
 16871 1cfd C8010000 		.4byte	.LVL777
 16872 1d01 0100     		.2byte	0x1
 16873 1d03 55       		.byte	0x55
 16874 1d04 C8010000 		.4byte	.LVL777
 16875 1d08 CC010000 		.4byte	.LVL778
 16876 1d0c 0600     		.2byte	0x6
 16877 1d0e 9E       		.byte	0x9e
 16878 1d0f 04       		.uleb128 0x4
 16879 1d10 00000000 		.4byte	0
 16880 1d14 CC010000 		.4byte	.LVL778
 16881 1d18 CE010000 		.4byte	.LVL779
 16882 1d1c 0100     		.2byte	0x1
 16883 1d1e 50       		.byte	0x50
 16884 1d1f CE010000 		.4byte	.LVL779
 16885 1d23 D0010000 		.4byte	.LVL780
 16886 1d27 0600     		.2byte	0x6
 16887 1d29 9E       		.byte	0x9e
 16888 1d2a 04       		.uleb128 0x4
 16889 1d2b 00000000 		.4byte	0
 16890 1d2f D0010000 		.4byte	.LVL780
 16891 1d33 F4010000 		.4byte	.LFE160
 16892 1d37 0100     		.2byte	0x1
 16893 1d39 50       		.byte	0x50
 16894 1d3a 00000000 		.4byte	0
 16895 1d3e 00000000 		.4byte	0
 16896              	.LLST200:
 16897 1d42 0C000000 		.4byte	.LVL722
 16898 1d46 40010000 		.4byte	.LVL760
 16899 1d4a 0100     		.2byte	0x1
 16900 1d4c 57       		.byte	0x57
 16901 1d4d C8010000 		.4byte	.LVL777
 16902 1d51 D8010000 		.4byte	.LVL781
 16903 1d55 0100     		.2byte	0x1
 16904 1d57 57       		.byte	0x57
 16905 1d58 00000000 		.4byte	0
 16906 1d5c 00000000 		.4byte	0
 16907              	.LLST201:
 16908 1d60 C2000000 		.4byte	.LVL744
 16909 1d64 C4000000 		.4byte	.LVL745
 16910 1d68 0100     		.2byte	0x1
 16911 1d6a 50       		.byte	0x50
 16912 1d6b C4000000 		.4byte	.LVL745
 16913 1d6f 0A010000 		.4byte	.LVL752
 16914 1d73 0100     		.2byte	0x1
ARM GAS  C:\Users\user\AppData\Local\Temp\ccoNEg7E.s 			page 328


 16915 1d75 58       		.byte	0x58
 16916 1d76 86010000 		.4byte	.LVL769
 16917 1d7a 88010000 		.4byte	.LVL770
 16918 1d7e 0100     		.2byte	0x1
 16919 1d80 50       		.byte	0x50
 16920 1d81 88010000 		.4byte	.LVL770
 16921 1d85 C8010000 		.4byte	.LVL777
 16922 1d89 0100     		.2byte	0x1
 16923 1d8b 56       		.byte	0x56
 16924 1d8c 00000000 		.4byte	0
 16925 1d90 00000000 		.4byte	0
 16926              	.LLST202:
 16927 1d94 78000000 		.4byte	.LVL734
 16928 1d98 C2000000 		.4byte	.LVL744
 16929 1d9c 0100     		.2byte	0x1
 16930 1d9e 58       		.byte	0x58
 16931 1d9f 00000000 		.4byte	0
 16932 1da3 00000000 		.4byte	0
 16933              	.LLST203:
 16934 1da7 7C000000 		.4byte	.LVL735
 16935 1dab C2000000 		.4byte	.LVL744
 16936 1daf 0100     		.2byte	0x1
 16937 1db1 59       		.byte	0x59
 16938 1db2 00000000 		.4byte	0
 16939 1db6 00000000 		.4byte	0
 16940              	.LLST204:
 16941 1dba 82000000 		.4byte	.LVL736
 16942 1dbe B6000000 		.4byte	.LVL742
 16943 1dc2 0600     		.2byte	0x6
 16944 1dc4 F2       		.byte	0xf2
 16945 1dc5 83260000 		.4byte	.Ldebug_info0+9859
 16946 1dc9 00       		.sleb128 0
 16947 1dca 00000000 		.4byte	0
 16948 1dce 00000000 		.4byte	0
 16949              	.LLST205:
 16950 1dd2 82000000 		.4byte	.LVL736
 16951 1dd6 B6000000 		.4byte	.LVL742
 16952 1dda 0600     		.2byte	0x6
 16953 1ddc F2       		.byte	0xf2
 16954 1ddd 74260000 		.4byte	.Ldebug_info0+9844
 16955 1de1 00       		.sleb128 0
 16956 1de2 00000000 		.4byte	0
 16957 1de6 00000000 		.4byte	0
 16958              	.LLST206:
 16959 1dea 9E000000 		.4byte	.LVL737
 16960 1dee B6000000 		.4byte	.LVL742
 16961 1df2 0100     		.2byte	0x1
 16962 1df4 5A       		.byte	0x5a
 16963 1df5 00000000 		.4byte	0
 16964 1df9 00000000 		.4byte	0
 16965              	.LLST207:
 16966 1dfd 9E000000 		.4byte	.LVL737
 16967 1e01 B6000000 		.4byte	.LVL742
 16968 1e05 0100     		.2byte	0x1
 16969 1e07 5B       		.byte	0x5b
 16970 1e08 00000000 		.4byte	0
 16971 1e0c 00000000 		.4byte	0
ARM GAS  C:\Users\user\AppData\Local\Temp\ccoNEg7E.s 			page 329


 16972              	.LLST208:
 16973 1e10 3E010000 		.4byte	.LVL759
 16974 1e14 86010000 		.4byte	.LVL769
 16975 1e18 0100     		.2byte	0x1
 16976 1e1a 56       		.byte	0x56
 16977 1e1b 00000000 		.4byte	0
 16978 1e1f 00000000 		.4byte	0
 16979              	.LLST209:
 16980 1e23 40010000 		.4byte	.LVL760
 16981 1e27 86010000 		.4byte	.LVL769
 16982 1e2b 0100     		.2byte	0x1
 16983 1e2d 57       		.byte	0x57
 16984 1e2e 00000000 		.4byte	0
 16985 1e32 00000000 		.4byte	0
 16986              	.LLST210:
 16987 1e36 46010000 		.4byte	.LVL761
 16988 1e3a 7A010000 		.4byte	.LVL767
 16989 1e3e 0600     		.2byte	0x6
 16990 1e40 F2       		.byte	0xf2
 16991 1e41 11270000 		.4byte	.Ldebug_info0+10001
 16992 1e45 00       		.sleb128 0
 16993 1e46 00000000 		.4byte	0
 16994 1e4a 00000000 		.4byte	0
 16995              	.LLST211:
 16996 1e4e 46010000 		.4byte	.LVL761
 16997 1e52 7A010000 		.4byte	.LVL767
 16998 1e56 0600     		.2byte	0x6
 16999 1e58 F2       		.byte	0xf2
 17000 1e59 02270000 		.4byte	.Ldebug_info0+9986
 17001 1e5d 00       		.sleb128 0
 17002 1e5e 00000000 		.4byte	0
 17003 1e62 00000000 		.4byte	0
 17004              	.LLST212:
 17005 1e66 62010000 		.4byte	.LVL762
 17006 1e6a 7A010000 		.4byte	.LVL767
 17007 1e6e 0100     		.2byte	0x1
 17008 1e70 58       		.byte	0x58
 17009 1e71 00000000 		.4byte	0
 17010 1e75 00000000 		.4byte	0
 17011              	.LLST213:
 17012 1e79 62010000 		.4byte	.LVL762
 17013 1e7d 7A010000 		.4byte	.LVL767
 17014 1e81 0100     		.2byte	0x1
 17015 1e83 59       		.byte	0x59
 17016 1e84 00000000 		.4byte	0
 17017 1e88 00000000 		.4byte	0
 17018              	.LLST214:
 17019 1e8c 0E000000 		.4byte	.LVL782
 17020 1e90 12000000 		.4byte	.LVL783
 17021 1e94 0200     		.2byte	0x2
 17022 1e96 30       		.byte	0x30
 17023 1e97 9F       		.byte	0x9f
 17024 1e98 12000000 		.4byte	.LVL783
 17025 1e9c 36000000 		.4byte	.LVL784
 17026 1ea0 0100     		.2byte	0x1
 17027 1ea2 53       		.byte	0x53
 17028 1ea3 38000000 		.4byte	.LVL785
ARM GAS  C:\Users\user\AppData\Local\Temp\ccoNEg7E.s 			page 330


 17029 1ea7 3E000000 		.4byte	.LVL786
 17030 1eab 0100     		.2byte	0x1
 17031 1ead 53       		.byte	0x53
 17032 1eae 00000000 		.4byte	0
 17033 1eb2 00000000 		.4byte	0
 17034              	.LLST215:
 17035 1eb6 00000000 		.4byte	.LVL787
 17036 1eba 14000000 		.4byte	.LVL789
 17037 1ebe 0100     		.2byte	0x1
 17038 1ec0 50       		.byte	0x50
 17039 1ec1 14000000 		.4byte	.LVL789
 17040 1ec5 1C000000 		.4byte	.LFE162
 17041 1ec9 0400     		.2byte	0x4
 17042 1ecb F3       		.byte	0xf3
 17043 1ecc 01       		.uleb128 0x1
 17044 1ecd 50       		.byte	0x50
 17045 1ece 9F       		.byte	0x9f
 17046 1ecf 00000000 		.4byte	0
 17047 1ed3 00000000 		.4byte	0
 17048              	.LLST216:
 17049 1ed7 00000000 		.4byte	.LVL787
 17050 1edb 0A000000 		.4byte	.LVL788
 17051 1edf 0100     		.2byte	0x1
 17052 1ee1 51       		.byte	0x51
 17053 1ee2 0A000000 		.4byte	.LVL788
 17054 1ee6 1C000000 		.4byte	.LFE162
 17055 1eea 0100     		.2byte	0x1
 17056 1eec 51       		.byte	0x51
 17057 1eed 00000000 		.4byte	0
 17058 1ef1 00000000 		.4byte	0
 17059              	.LLST217:
 17060 1ef5 00000000 		.4byte	.LVL790
 17061 1ef9 26000000 		.4byte	.LVL793
 17062 1efd 0100     		.2byte	0x1
 17063 1eff 50       		.byte	0x50
 17064 1f00 26000000 		.4byte	.LVL793
 17065 1f04 DC040000 		.4byte	.LVL885
 17066 1f08 0400     		.2byte	0x4
 17067 1f0a F3       		.byte	0xf3
 17068 1f0b 01       		.uleb128 0x1
 17069 1f0c 50       		.byte	0x50
 17070 1f0d 9F       		.byte	0x9f
 17071 1f0e DC040000 		.4byte	.LVL885
 17072 1f12 EC040000 		.4byte	.LFE163
 17073 1f16 0100     		.2byte	0x1
 17074 1f18 50       		.byte	0x50
 17075 1f19 00000000 		.4byte	0
 17076 1f1d 00000000 		.4byte	0
 17077              	.LLST218:
 17078 1f21 00000000 		.4byte	.LVL790
 17079 1f25 24000000 		.4byte	.LVL792
 17080 1f29 0100     		.2byte	0x1
 17081 1f2b 51       		.byte	0x51
 17082 1f2c 24000000 		.4byte	.LVL792
 17083 1f30 34010000 		.4byte	.LVL817
 17084 1f34 0100     		.2byte	0x1
 17085 1f36 57       		.byte	0x57
ARM GAS  C:\Users\user\AppData\Local\Temp\ccoNEg7E.s 			page 331


 17086 1f37 34010000 		.4byte	.LVL817
 17087 1f3b 54010000 		.4byte	.LVL821
 17088 1f3f 0400     		.2byte	0x4
 17089 1f41 F3       		.byte	0xf3
 17090 1f42 01       		.uleb128 0x1
 17091 1f43 51       		.byte	0x51
 17092 1f44 9F       		.byte	0x9f
 17093 1f45 54010000 		.4byte	.LVL821
 17094 1f49 56010000 		.4byte	.LVL822
 17095 1f4d 0100     		.2byte	0x1
 17096 1f4f 57       		.byte	0x57
 17097 1f50 56010000 		.4byte	.LVL822
 17098 1f54 AE010000 		.4byte	.LVL830
 17099 1f58 0400     		.2byte	0x4
 17100 1f5a F3       		.byte	0xf3
 17101 1f5b 01       		.uleb128 0x1
 17102 1f5c 51       		.byte	0x51
 17103 1f5d 9F       		.byte	0x9f
 17104 1f5e AE010000 		.4byte	.LVL830
 17105 1f62 64020000 		.4byte	.LVL834
 17106 1f66 0100     		.2byte	0x1
 17107 1f68 57       		.byte	0x57
 17108 1f69 64020000 		.4byte	.LVL834
 17109 1f6d DC040000 		.4byte	.LVL885
 17110 1f71 0400     		.2byte	0x4
 17111 1f73 F3       		.byte	0xf3
 17112 1f74 01       		.uleb128 0x1
 17113 1f75 51       		.byte	0x51
 17114 1f76 9F       		.byte	0x9f
 17115 1f77 DC040000 		.4byte	.LVL885
 17116 1f7b EC040000 		.4byte	.LFE163
 17117 1f7f 0100     		.2byte	0x1
 17118 1f81 51       		.byte	0x51
 17119 1f82 00000000 		.4byte	0
 17120 1f86 00000000 		.4byte	0
 17121              	.LLST219:
 17122 1f8a 00000000 		.4byte	.LVL790
 17123 1f8e 29000000 		.4byte	.LVL794-1
 17124 1f92 0100     		.2byte	0x1
 17125 1f94 52       		.byte	0x52
 17126 1f95 29000000 		.4byte	.LVL794-1
 17127 1f99 DC040000 		.4byte	.LVL885
 17128 1f9d 0400     		.2byte	0x4
 17129 1f9f F3       		.byte	0xf3
 17130 1fa0 01       		.uleb128 0x1
 17131 1fa1 52       		.byte	0x52
 17132 1fa2 9F       		.byte	0x9f
 17133 1fa3 DC040000 		.4byte	.LVL885
 17134 1fa7 EC040000 		.4byte	.LFE163
 17135 1fab 0100     		.2byte	0x1
 17136 1fad 52       		.byte	0x52
 17137 1fae 00000000 		.4byte	0
 17138 1fb2 00000000 		.4byte	0
 17139              	.LLST220:
 17140 1fb6 20000000 		.4byte	.LVL791
 17141 1fba 26000000 		.4byte	.LVL793
 17142 1fbe 0D00     		.2byte	0xd
ARM GAS  C:\Users\user\AppData\Local\Temp\ccoNEg7E.s 			page 332


 17143 1fc0 70       		.byte	0x70
 17144 1fc1 00       		.sleb128 0
 17145 1fc2 0A       		.byte	0xa
 17146 1fc3 0C01     		.2byte	0x10c
 17147 1fc5 1E       		.byte	0x1e
 17148 1fc6 03       		.byte	0x3
 17149 1fc7 04000000 		.4byte	g_lp
 17150 1fcb 22       		.byte	0x22
 17151 1fcc 9F       		.byte	0x9f
 17152 1fcd 26000000 		.4byte	.LVL793
 17153 1fd1 9A010000 		.4byte	.LVL829
 17154 1fd5 0D00     		.2byte	0xd
 17155 1fd7 74       		.byte	0x74
 17156 1fd8 00       		.sleb128 0
 17157 1fd9 0A       		.byte	0xa
 17158 1fda 0C01     		.2byte	0x10c
 17159 1fdc 1E       		.byte	0x1e
 17160 1fdd 03       		.byte	0x3
 17161 1fde 04000000 		.4byte	g_lp
 17162 1fe2 22       		.byte	0x22
 17163 1fe3 9F       		.byte	0x9f
 17164 1fe4 9A010000 		.4byte	.LVL829
 17165 1fe8 AE010000 		.4byte	.LVL830
 17166 1fec 0D00     		.2byte	0xd
 17167 1fee 75       		.byte	0x75
 17168 1fef 00       		.sleb128 0
 17169 1ff0 0A       		.byte	0xa
 17170 1ff1 0C01     		.2byte	0x10c
 17171 1ff3 1E       		.byte	0x1e
 17172 1ff4 03       		.byte	0x3
 17173 1ff5 04000000 		.4byte	g_lp
 17174 1ff9 22       		.byte	0x22
 17175 1ffa 9F       		.byte	0x9f
 17176 1ffb AE010000 		.4byte	.LVL830
 17177 1fff D2040000 		.4byte	.LVL884
 17178 2003 0D00     		.2byte	0xd
 17179 2005 74       		.byte	0x74
 17180 2006 00       		.sleb128 0
 17181 2007 0A       		.byte	0xa
 17182 2008 0C01     		.2byte	0x10c
 17183 200a 1E       		.byte	0x1e
 17184 200b 03       		.byte	0x3
 17185 200c 04000000 		.4byte	g_lp
 17186 2010 22       		.byte	0x22
 17187 2011 9F       		.byte	0x9f
 17188 2012 00000000 		.4byte	0
 17189 2016 00000000 		.4byte	0
 17190              	.LLST221:
 17191 201a 2E000000 		.4byte	.LVL795
 17192 201e 34000000 		.4byte	.LVL796
 17193 2022 0100     		.2byte	0x1
 17194 2024 50       		.byte	0x50
 17195 2025 34000000 		.4byte	.LVL796
 17196 2029 4F000000 		.4byte	.LVL798-1
 17197 202d 0100     		.2byte	0x1
 17198 202f 52       		.byte	0x52
 17199 2030 00000000 		.4byte	0
ARM GAS  C:\Users\user\AppData\Local\Temp\ccoNEg7E.s 			page 333


 17200 2034 00000000 		.4byte	0
 17201              	.LLST222:
 17202 2038 46000000 		.4byte	.LVL797
 17203 203c 92000000 		.4byte	.LVL806
 17204 2040 0100     		.2byte	0x1
 17205 2042 58       		.byte	0x58
 17206 2043 00000000 		.4byte	0
 17207 2047 00000000 		.4byte	0
 17208              	.LLST223:
 17209 204b 76000000 		.4byte	.LVL802
 17210 204f 7E000000 		.4byte	.LVL804
 17211 2053 0100     		.2byte	0x1
 17212 2055 50       		.byte	0x50
 17213 2056 7E000000 		.4byte	.LVL804
 17214 205a 8A000000 		.4byte	.LVL805
 17215 205e 0300     		.2byte	0x3
 17216 2060 70       		.byte	0x70
 17217 2061 01       		.sleb128 1
 17218 2062 9F       		.byte	0x9f
 17219 2063 00000000 		.4byte	0
 17220 2067 00000000 		.4byte	0
 17221              	.LLST224:
 17222 206b DC000000 		.4byte	.LVL808
 17223 206f 02010000 		.4byte	.LVL809
 17224 2073 0100     		.2byte	0x1
 17225 2075 51       		.byte	0x51
 17226 2076 04010000 		.4byte	.LVL810
 17227 207a 06010000 		.4byte	.LVL811
 17228 207e 0100     		.2byte	0x1
 17229 2080 51       		.byte	0x51
 17230 2081 08010000 		.4byte	.LVL812
 17231 2085 1C010000 		.4byte	.LVL814
 17232 2089 0100     		.2byte	0x1
 17233 208b 51       		.byte	0x51
 17234 208c 00000000 		.4byte	0
 17235 2090 00000000 		.4byte	0
 17236              	.LLST225:
 17237 2094 1A010000 		.4byte	.LVL813
 17238 2098 AE010000 		.4byte	.LVL830
 17239 209c 0100     		.2byte	0x1
 17240 209e 58       		.byte	0x58
 17241 209f 00000000 		.4byte	0
 17242 20a3 00000000 		.4byte	0
 17243              	.LLST226:
 17244 20a7 34010000 		.4byte	.LVL817
 17245 20ab 50010000 		.4byte	.LVL819
 17246 20af 0100     		.2byte	0x1
 17247 20b1 57       		.byte	0x57
 17248 20b2 52010000 		.4byte	.LVL820
 17249 20b6 54010000 		.4byte	.LVL821
 17250 20ba 0100     		.2byte	0x1
 17251 20bc 57       		.byte	0x57
 17252 20bd 56010000 		.4byte	.LVL822
 17253 20c1 5C010000 		.4byte	.LVL823
 17254 20c5 0100     		.2byte	0x1
 17255 20c7 57       		.byte	0x57
 17256 20c8 5E010000 		.4byte	.LVL824
ARM GAS  C:\Users\user\AppData\Local\Temp\ccoNEg7E.s 			page 334


 17257 20cc 7C010000 		.4byte	.LVL826
 17258 20d0 0100     		.2byte	0x1
 17259 20d2 57       		.byte	0x57
 17260 20d3 7E010000 		.4byte	.LVL827
 17261 20d7 92010000 		.4byte	.LVL828
 17262 20db 0100     		.2byte	0x1
 17263 20dd 57       		.byte	0x57
 17264 20de 00000000 		.4byte	0
 17265 20e2 00000000 		.4byte	0
 17266              	.LLST227:
 17267 20e6 A8020000 		.4byte	.LVL838
 17268 20ea D8020000 		.4byte	.LVL843
 17269 20ee 0100     		.2byte	0x1
 17270 20f0 55       		.byte	0x55
 17271 20f1 00000000 		.4byte	0
 17272 20f5 00000000 		.4byte	0
 17273              	.LLST228:
 17274 20f9 EA020000 		.4byte	.LVL844
 17275 20fd 34030000 		.4byte	.LVL849
 17276 2101 0100     		.2byte	0x1
 17277 2103 55       		.byte	0x55
 17278 2104 00000000 		.4byte	0
 17279 2108 00000000 		.4byte	0
 17280              	.LLST229:
 17281 210c 8E030000 		.4byte	.LVL855
 17282 2110 BE030000 		.4byte	.LVL860
 17283 2114 0100     		.2byte	0x1
 17284 2116 55       		.byte	0x55
 17285 2117 00000000 		.4byte	0
 17286 211b 00000000 		.4byte	0
 17287              	.LLST230:
 17288 211f D0030000 		.4byte	.LVL861
 17289 2123 00040000 		.4byte	.LVL866
 17290 2127 0100     		.2byte	0x1
 17291 2129 55       		.byte	0x55
 17292 212a 00000000 		.4byte	0
 17293 212e 00000000 		.4byte	0
 17294              	.LLST231:
 17295 2132 56040000 		.4byte	.LVL872
 17296 2136 86040000 		.4byte	.LVL877
 17297 213a 0100     		.2byte	0x1
 17298 213c 55       		.byte	0x55
 17299 213d 00000000 		.4byte	0
 17300 2141 00000000 		.4byte	0
 17301              	.LLST232:
 17302 2145 98040000 		.4byte	.LVL878
 17303 2149 C8040000 		.4byte	.LVL883
 17304 214d 0100     		.2byte	0x1
 17305 214f 55       		.byte	0x55
 17306 2150 00000000 		.4byte	0
 17307 2154 00000000 		.4byte	0
 17308              	.LLST233:
 17309 2158 00000000 		.4byte	.LVL886
 17310 215c 06000000 		.4byte	.LVL887
 17311 2160 0100     		.2byte	0x1
 17312 2162 50       		.byte	0x50
 17313 2163 06000000 		.4byte	.LVL887
ARM GAS  C:\Users\user\AppData\Local\Temp\ccoNEg7E.s 			page 335


 17314 2167 10000000 		.4byte	.LFE164
 17315 216b 0100     		.2byte	0x1
 17316 216d 50       		.byte	0x50
 17317 216e 00000000 		.4byte	0
 17318 2172 00000000 		.4byte	0
 17319              	.LLST234:
 17320 2176 00000000 		.4byte	.LVL888
 17321 217a 5F000000 		.4byte	.LVL893-1
 17322 217e 0100     		.2byte	0x1
 17323 2180 50       		.byte	0x50
 17324 2181 5F000000 		.4byte	.LVL893-1
 17325 2185 80000000 		.4byte	.LFE166
 17326 2189 0600     		.2byte	0x6
 17327 218b F3       		.byte	0xf3
 17328 218c 03       		.uleb128 0x3
 17329 218d F5       		.byte	0xf5
 17330 218e 00       		.uleb128 0
 17331 218f 25       		.uleb128 0x25
 17332 2190 9F       		.byte	0x9f
 17333 2191 00000000 		.4byte	0
 17334 2195 00000000 		.4byte	0
 17335              	.LLST235:
 17336 2199 02000000 		.4byte	.LVL889
 17337 219d 06000000 		.4byte	.LVL890
 17338 21a1 0200     		.2byte	0x2
 17339 21a3 30       		.byte	0x30
 17340 21a4 9F       		.byte	0x9f
 17341 21a5 06000000 		.4byte	.LVL890
 17342 21a9 4A000000 		.4byte	.LVL891
 17343 21ad 0100     		.2byte	0x1
 17344 21af 51       		.byte	0x51
 17345 21b0 4C000000 		.4byte	.LVL892
 17346 21b4 5F000000 		.4byte	.LVL893-1
 17347 21b8 0100     		.2byte	0x1
 17348 21ba 51       		.byte	0x51
 17349 21bb 00000000 		.4byte	0
 17350 21bf 00000000 		.4byte	0
 17351              	.LLST236:
 17352 21c3 06000000 		.4byte	.LVL890
 17353 21c7 4A000000 		.4byte	.LVL891
 17354 21cb 0D00     		.2byte	0xd
 17355 21cd 71       		.byte	0x71
 17356 21ce 00       		.sleb128 0
 17357 21cf 0A       		.byte	0xa
 17358 21d0 0C01     		.2byte	0x10c
 17359 21d2 1E       		.byte	0x1e
 17360 21d3 03       		.byte	0x3
 17361 21d4 04000000 		.4byte	g_lp
 17362 21d8 22       		.byte	0x22
 17363 21d9 9F       		.byte	0x9f
 17364 21da 4A000000 		.4byte	.LVL891
 17365 21de 4C000000 		.4byte	.LVL892
 17366 21e2 0D00     		.2byte	0xd
 17367 21e4 71       		.byte	0x71
 17368 21e5 7F       		.sleb128 -1
 17369 21e6 0A       		.byte	0xa
 17370 21e7 0C01     		.2byte	0x10c
ARM GAS  C:\Users\user\AppData\Local\Temp\ccoNEg7E.s 			page 336


 17371 21e9 1E       		.byte	0x1e
 17372 21ea 03       		.byte	0x3
 17373 21eb 04000000 		.4byte	g_lp
 17374 21ef 22       		.byte	0x22
 17375 21f0 9F       		.byte	0x9f
 17376 21f1 00000000 		.4byte	0
 17377 21f5 00000000 		.4byte	0
 17378              	.LLST237:
 17379 21f9 00000000 		.4byte	.LVL896
 17380 21fd 0B000000 		.4byte	.LVL898-1
 17381 2201 0100     		.2byte	0x1
 17382 2203 50       		.byte	0x50
 17383 2204 0B000000 		.4byte	.LVL898-1
 17384 2208 10000000 		.4byte	.LVL899
 17385 220c 0100     		.2byte	0x1
 17386 220e 55       		.byte	0x55
 17387 220f 10000000 		.4byte	.LVL899
 17388 2213 48000000 		.4byte	.LFE169
 17389 2217 0600     		.2byte	0x6
 17390 2219 F3       		.byte	0xf3
 17391 221a 03       		.uleb128 0x3
 17392 221b F5       		.byte	0xf5
 17393 221c 00       		.uleb128 0
 17394 221d 25       		.uleb128 0x25
 17395 221e 9F       		.byte	0x9f
 17396 221f 00000000 		.4byte	0
 17397 2223 00000000 		.4byte	0
 17398              	.LLST238:
 17399 2227 00000000 		.4byte	.LVL896
 17400 222b 08000000 		.4byte	.LVL897
 17401 222f 0100     		.2byte	0x1
 17402 2231 51       		.byte	0x51
 17403 2232 08000000 		.4byte	.LVL897
 17404 2236 3C000000 		.4byte	.LVL902
 17405 223a 0100     		.2byte	0x1
 17406 223c 54       		.byte	0x54
 17407 223d 3C000000 		.4byte	.LVL902
 17408 2241 48000000 		.4byte	.LFE169
 17409 2245 0600     		.2byte	0x6
 17410 2247 F3       		.byte	0xf3
 17411 2248 03       		.uleb128 0x3
 17412 2249 F5       		.byte	0xf5
 17413 224a 01       		.uleb128 0x1
 17414 224b 25       		.uleb128 0x25
 17415 224c 9F       		.byte	0x9f
 17416 224d 00000000 		.4byte	0
 17417 2251 00000000 		.4byte	0
 17418              	.LLST239:
 17419 2255 34000000 		.4byte	.LVL908
 17420 2259 3C000000 		.4byte	.LVL909
 17421 225d 0100     		.2byte	0x1
 17422 225f 50       		.byte	0x50
 17423 2260 3C000000 		.4byte	.LVL909
 17424 2264 54000000 		.4byte	.LVL913
 17425 2268 0100     		.2byte	0x1
 17426 226a 56       		.byte	0x56
 17427 226b 00000000 		.4byte	0
ARM GAS  C:\Users\user\AppData\Local\Temp\ccoNEg7E.s 			page 337


 17428 226f 00000000 		.4byte	0
 17429              	.LLST240:
 17430 2273 58000000 		.4byte	.LVL914
 17431 2277 5A000000 		.4byte	.LVL915
 17432 227b 0100     		.2byte	0x1
 17433 227d 50       		.byte	0x50
 17434 227e 5A000000 		.4byte	.LVL915
 17435 2282 DE010000 		.4byte	.LVL952
 17436 2286 0100     		.2byte	0x1
 17437 2288 56       		.byte	0x56
 17438 2289 00000000 		.4byte	0
 17439 228d 00000000 		.4byte	0
 17440              	.LLST241:
 17441 2291 66000000 		.4byte	.LVL918
 17442 2295 6C000000 		.4byte	.LVL919
 17443 2299 0100     		.2byte	0x1
 17444 229b 50       		.byte	0x50
 17445 229c 6C000000 		.4byte	.LVL919
 17446 22a0 34010000 		.4byte	.LVL945
 17447 22a4 0100     		.2byte	0x1
 17448 22a6 57       		.byte	0x57
 17449 22a7 00000000 		.4byte	0
 17450 22ab 00000000 		.4byte	0
 17451              	.LLST242:
 17452 22af 88000000 		.4byte	.LVL923
 17453 22b3 8C000000 		.4byte	.LVL924
 17454 22b7 0100     		.2byte	0x1
 17455 22b9 50       		.byte	0x50
 17456 22ba 8C000000 		.4byte	.LVL924
 17457 22be DE010000 		.4byte	.LVL952
 17458 22c2 0100     		.2byte	0x1
 17459 22c4 55       		.byte	0x55
 17460 22c5 00000000 		.4byte	0
 17461 22c9 00000000 		.4byte	0
 17462              	.LLST243:
 17463 22cd 88000000 		.4byte	.LVL923
 17464 22d1 DE010000 		.4byte	.LVL952
 17465 22d5 0600     		.2byte	0x6
 17466 22d7 03       		.byte	0x3
 17467 22d8 04000000 		.4byte	g_lp
 17468 22dc 9F       		.byte	0x9f
 17469 22dd 00000000 		.4byte	0
 17470 22e1 00000000 		.4byte	0
 17471              	.LLST244:
 17472 22e5 88000000 		.4byte	.LVL923
 17473 22e9 DE010000 		.4byte	.LVL952
 17474 22ed 0600     		.2byte	0x6
 17475 22ef 03       		.byte	0x3
 17476 22f0 10010000 		.4byte	g_lp+268
 17477 22f4 9F       		.byte	0x9f
 17478 22f5 00000000 		.4byte	0
 17479 22f9 00000000 		.4byte	0
 17480              	.LLST245:
 17481 22fd 88000000 		.4byte	.LVL923
 17482 2301 D4000000 		.4byte	.LVL929
 17483 2305 0600     		.2byte	0x6
 17484 2307 9E       		.byte	0x9e
ARM GAS  C:\Users\user\AppData\Local\Temp\ccoNEg7E.s 			page 338


 17485 2308 04       		.uleb128 0x4
 17486 2309 00000000 		.4byte	0
 17487 230d D4000000 		.4byte	.LVL929
 17488 2311 E7000000 		.4byte	.LVL930-1
 17489 2315 0100     		.2byte	0x1
 17490 2317 50       		.byte	0x50
 17491 2318 E7000000 		.4byte	.LVL930-1
 17492 231c F2000000 		.4byte	.LVL933
 17493 2320 0100     		.2byte	0x1
 17494 2322 54       		.byte	0x54
 17495 2323 F2000000 		.4byte	.LVL933
 17496 2327 FB000000 		.4byte	.LVL934-1
 17497 232b 0100     		.2byte	0x1
 17498 232d 50       		.byte	0x50
 17499 232e FB000000 		.4byte	.LVL934-1
 17500 2332 08010000 		.4byte	.LVL937
 17501 2336 0100     		.2byte	0x1
 17502 2338 54       		.byte	0x54
 17503 2339 08010000 		.4byte	.LVL937
 17504 233d 1E010000 		.4byte	.LVL939
 17505 2341 0600     		.2byte	0x6
 17506 2343 9E       		.byte	0x9e
 17507 2344 04       		.uleb128 0x4
 17508 2345 00000000 		.4byte	0
 17509 2349 1E010000 		.4byte	.LVL939
 17510 234d 21010000 		.4byte	.LVL940-1
 17511 2351 0100     		.2byte	0x1
 17512 2353 50       		.byte	0x50
 17513 2354 21010000 		.4byte	.LVL940-1
 17514 2358 2A010000 		.4byte	.LVL942
 17515 235c 0100     		.2byte	0x1
 17516 235e 54       		.byte	0x54
 17517 235f 2A010000 		.4byte	.LVL942
 17518 2363 30010000 		.4byte	.LVL944
 17519 2367 0600     		.2byte	0x6
 17520 2369 9E       		.byte	0x9e
 17521 236a 04       		.uleb128 0x4
 17522 236b 00000000 		.4byte	0
 17523 236f 30010000 		.4byte	.LVL944
 17524 2373 DE010000 		.4byte	.LVL952
 17525 2377 0100     		.2byte	0x1
 17526 2379 54       		.byte	0x54
 17527 237a 00000000 		.4byte	0
 17528 237e 00000000 		.4byte	0
 17529              	.LLST246:
 17530 2382 8C000000 		.4byte	.LVL924
 17531 2386 B4000000 		.4byte	.LVL925
 17532 238a 0100     		.2byte	0x1
 17533 238c 50       		.byte	0x50
 17534 238d B4000000 		.4byte	.LVL925
 17535 2391 B7000000 		.4byte	.LVL926-1
 17536 2395 0500     		.2byte	0x5
 17537 2397 03       		.byte	0x3
 17538 2398 AC010000 		.4byte	g_lp+424
 17539 239c B8000000 		.4byte	.LVL926
 17540 23a0 CE000000 		.4byte	.LVL927
 17541 23a4 0100     		.2byte	0x1
ARM GAS  C:\Users\user\AppData\Local\Temp\ccoNEg7E.s 			page 339


 17542 23a6 50       		.byte	0x50
 17543 23a7 08010000 		.4byte	.LVL937
 17544 23ab 1B010000 		.4byte	.LVL938-1
 17545 23af 0100     		.2byte	0x1
 17546 23b1 50       		.byte	0x50
 17547 23b2 2A010000 		.4byte	.LVL942
 17548 23b6 2D010000 		.4byte	.LVL943-1
 17549 23ba 0100     		.2byte	0x1
 17550 23bc 50       		.byte	0x50
 17551 23bd 00000000 		.4byte	0
 17552 23c1 00000000 		.4byte	0
 17553              	.LLST247:
 17554 23c5 3C010000 		.4byte	.LVL946
 17555 23c9 DE010000 		.4byte	.LVL952
 17556 23cd 0100     		.2byte	0x1
 17557 23cf 57       		.byte	0x57
 17558 23d0 00000000 		.4byte	0
 17559 23d4 00000000 		.4byte	0
 17560              	.LLST248:
 17561 23d8 4E010000 		.4byte	.LVL948
 17562 23dc 53010000 		.4byte	.LVL949-1
 17563 23e0 0100     		.2byte	0x1
 17564 23e2 50       		.byte	0x50
 17565 23e3 00000000 		.4byte	0
 17566 23e7 00000000 		.4byte	0
 17567              	.LLST249:
 17568 23eb 8A010000 		.4byte	.LVL951
 17569 23ef DD010000 		.4byte	.LVL952-1
 17570 23f3 0100     		.2byte	0x1
 17571 23f5 50       		.byte	0x50
 17572 23f6 00000000 		.4byte	0
 17573 23fa 00000000 		.4byte	0
 17574              		.section	.debug_aranges,"",%progbits
 17575 0000 6C010000 		.4byte	0x16c
 17576 0004 0200     		.2byte	0x2
 17577 0006 00000000 		.4byte	.Ldebug_info0
 17578 000a 04       		.byte	0x4
 17579 000b 00       		.byte	0
 17580 000c 0000     		.2byte	0
 17581 000e 0000     		.2byte	0
 17582 0010 00000000 		.4byte	.LFB119
 17583 0014 26000000 		.4byte	.LFE119-.LFB119
 17584 0018 00000000 		.4byte	.LFB120
 17585 001c 0E000000 		.4byte	.LFE120-.LFB120
 17586 0020 00000000 		.4byte	.LFB121
 17587 0024 0E000000 		.4byte	.LFE121-.LFB121
 17588 0028 00000000 		.4byte	.LFB131
 17589 002c CC000000 		.4byte	.LFE131-.LFB131
 17590 0030 00000000 		.4byte	.LFB138
 17591 0034 3C010000 		.4byte	.LFE138-.LFB138
 17592 0038 00000000 		.4byte	.LFB142
 17593 003c 24010000 		.4byte	.LFE142-.LFB142
 17594 0040 00000000 		.4byte	.LFB139
 17595 0044 94010000 		.4byte	.LFE139-.LFB139
 17596 0048 00000000 		.4byte	.LFB141
 17597 004c 38010000 		.4byte	.LFE141-.LFB141
 17598 0050 00000000 		.4byte	.LFB143
ARM GAS  C:\Users\user\AppData\Local\Temp\ccoNEg7E.s 			page 340


 17599 0054 12000000 		.4byte	.LFE143-.LFB143
 17600 0058 00000000 		.4byte	.LFB140
 17601 005c 38010000 		.4byte	.LFE140-.LFB140
 17602 0060 00000000 		.4byte	.LFB144
 17603 0064 50010000 		.4byte	.LFE144-.LFB144
 17604 0068 00000000 		.4byte	.LFB148
 17605 006c 30010000 		.4byte	.LFE148-.LFB148
 17606 0070 00000000 		.4byte	.LFB145
 17607 0074 A8010000 		.4byte	.LFE145-.LFB145
 17608 0078 00000000 		.4byte	.LFB147
 17609 007c 44010000 		.4byte	.LFE147-.LFB147
 17610 0080 00000000 		.4byte	.LFB149
 17611 0084 12000000 		.4byte	.LFE149-.LFB149
 17612 0088 00000000 		.4byte	.LFB146
 17613 008c 44010000 		.4byte	.LFE146-.LFB146
 17614 0090 00000000 		.4byte	.LFB150
 17615 0094 44010000 		.4byte	.LFE150-.LFB150
 17616 0098 00000000 		.4byte	.LFB154
 17617 009c 2C010000 		.4byte	.LFE154-.LFB154
 17618 00a0 00000000 		.4byte	.LFB151
 17619 00a4 94010000 		.4byte	.LFE151-.LFB151
 17620 00a8 00000000 		.4byte	.LFB153
 17621 00ac 40010000 		.4byte	.LFE153-.LFB153
 17622 00b0 00000000 		.4byte	.LFB155
 17623 00b4 12000000 		.4byte	.LFE155-.LFB155
 17624 00b8 00000000 		.4byte	.LFB152
 17625 00bc 38010000 		.4byte	.LFE152-.LFB152
 17626 00c0 00000000 		.4byte	.LFB132
 17627 00c4 2A000000 		.4byte	.LFE132-.LFB132
 17628 00c8 00000000 		.4byte	.LFB136
 17629 00cc 3A000000 		.4byte	.LFE136-.LFB136
 17630 00d0 00000000 		.4byte	.LFB157
 17631 00d4 30000000 		.4byte	.LFE157-.LFB157
 17632 00d8 00000000 		.4byte	.LFB133
 17633 00dc 48000000 		.4byte	.LFE133-.LFB133
 17634 00e0 00000000 		.4byte	.LFB135
 17635 00e4 48000000 		.4byte	.LFE135-.LFB135
 17636 00e8 00000000 		.4byte	.LFB156
 17637 00ec 30000000 		.4byte	.LFE156-.LFB156
 17638 00f0 00000000 		.4byte	.LFB137
 17639 00f4 12000000 		.4byte	.LFE137-.LFB137
 17640 00f8 00000000 		.4byte	.LFB158
 17641 00fc 30000000 		.4byte	.LFE158-.LFB158
 17642 0100 00000000 		.4byte	.LFB134
 17643 0104 42000000 		.4byte	.LFE134-.LFB134
 17644 0108 00000000 		.4byte	.LFB159
 17645 010c 30000000 		.4byte	.LFE159-.LFB159
 17646 0110 00000000 		.4byte	.LFB160
 17647 0114 F4010000 		.4byte	.LFE160-.LFB160
 17648 0118 00000000 		.4byte	.LFB161
 17649 011c 64000000 		.4byte	.LFE161-.LFB161
 17650 0120 00000000 		.4byte	.LFB162
 17651 0124 1C000000 		.4byte	.LFE162-.LFB162
 17652 0128 00000000 		.4byte	.LFB163
 17653 012c EC040000 		.4byte	.LFE163-.LFB163
 17654 0130 00000000 		.4byte	.LFB164
 17655 0134 10000000 		.4byte	.LFE164-.LFB164
ARM GAS  C:\Users\user\AppData\Local\Temp\ccoNEg7E.s 			page 341


 17656 0138 00000000 		.4byte	.LFB165
 17657 013c 0C000000 		.4byte	.LFE165-.LFB165
 17658 0140 00000000 		.4byte	.LFB166
 17659 0144 80000000 		.4byte	.LFE166-.LFB166
 17660 0148 00000000 		.4byte	.LFB167
 17661 014c 14000000 		.4byte	.LFE167-.LFB167
 17662 0150 00000000 		.4byte	.LFB168
 17663 0154 0C000000 		.4byte	.LFE168-.LFB168
 17664 0158 00000000 		.4byte	.LFB169
 17665 015c 48000000 		.4byte	.LFE169-.LFB169
 17666 0160 00000000 		.4byte	.LFB170
 17667 0164 10020000 		.4byte	.LFE170-.LFB170
 17668 0168 00000000 		.4byte	0
 17669 016c 00000000 		.4byte	0
 17670              		.section	.debug_ranges,"",%progbits
 17671              	.Ldebug_ranges0:
 17672 0000 DC000000 		.4byte	.LBB396
 17673 0004 06010000 		.4byte	.LBE396
 17674 0008 08010000 		.4byte	.LBB399
 17675 000c AC010000 		.4byte	.LBE399
 17676 0010 00000000 		.4byte	0
 17677 0014 00000000 		.4byte	0
 17678 0018 34010000 		.4byte	.LBB397
 17679 001c 54010000 		.4byte	.LBE397
 17680 0020 56010000 		.4byte	.LBB398
 17681 0024 92010000 		.4byte	.LBE398
 17682 0028 00000000 		.4byte	0
 17683 002c 00000000 		.4byte	0
 17684 0030 00000000 		.4byte	.LFB119
 17685 0034 26000000 		.4byte	.LFE119
 17686 0038 00000000 		.4byte	.LFB120
 17687 003c 0E000000 		.4byte	.LFE120
 17688 0040 00000000 		.4byte	.LFB121
 17689 0044 0E000000 		.4byte	.LFE121
 17690 0048 00000000 		.4byte	.LFB131
 17691 004c CC000000 		.4byte	.LFE131
 17692 0050 00000000 		.4byte	.LFB138
 17693 0054 3C010000 		.4byte	.LFE138
 17694 0058 00000000 		.4byte	.LFB142
 17695 005c 24010000 		.4byte	.LFE142
 17696 0060 00000000 		.4byte	.LFB139
 17697 0064 94010000 		.4byte	.LFE139
 17698 0068 00000000 		.4byte	.LFB141
 17699 006c 38010000 		.4byte	.LFE141
 17700 0070 00000000 		.4byte	.LFB143
 17701 0074 12000000 		.4byte	.LFE143
 17702 0078 00000000 		.4byte	.LFB140
 17703 007c 38010000 		.4byte	.LFE140
 17704 0080 00000000 		.4byte	.LFB144
 17705 0084 50010000 		.4byte	.LFE144
 17706 0088 00000000 		.4byte	.LFB148
 17707 008c 30010000 		.4byte	.LFE148
 17708 0090 00000000 		.4byte	.LFB145
 17709 0094 A8010000 		.4byte	.LFE145
 17710 0098 00000000 		.4byte	.LFB147
 17711 009c 44010000 		.4byte	.LFE147
 17712 00a0 00000000 		.4byte	.LFB149
ARM GAS  C:\Users\user\AppData\Local\Temp\ccoNEg7E.s 			page 342


 17713 00a4 12000000 		.4byte	.LFE149
 17714 00a8 00000000 		.4byte	.LFB146
 17715 00ac 44010000 		.4byte	.LFE146
 17716 00b0 00000000 		.4byte	.LFB150
 17717 00b4 44010000 		.4byte	.LFE150
 17718 00b8 00000000 		.4byte	.LFB154
 17719 00bc 2C010000 		.4byte	.LFE154
 17720 00c0 00000000 		.4byte	.LFB151
 17721 00c4 94010000 		.4byte	.LFE151
 17722 00c8 00000000 		.4byte	.LFB153
 17723 00cc 40010000 		.4byte	.LFE153
 17724 00d0 00000000 		.4byte	.LFB155
 17725 00d4 12000000 		.4byte	.LFE155
 17726 00d8 00000000 		.4byte	.LFB152
 17727 00dc 38010000 		.4byte	.LFE152
 17728 00e0 00000000 		.4byte	.LFB132
 17729 00e4 2A000000 		.4byte	.LFE132
 17730 00e8 00000000 		.4byte	.LFB136
 17731 00ec 3A000000 		.4byte	.LFE136
 17732 00f0 00000000 		.4byte	.LFB157
 17733 00f4 30000000 		.4byte	.LFE157
 17734 00f8 00000000 		.4byte	.LFB133
 17735 00fc 48000000 		.4byte	.LFE133
 17736 0100 00000000 		.4byte	.LFB135
 17737 0104 48000000 		.4byte	.LFE135
 17738 0108 00000000 		.4byte	.LFB156
 17739 010c 30000000 		.4byte	.LFE156
 17740 0110 00000000 		.4byte	.LFB137
 17741 0114 12000000 		.4byte	.LFE137
 17742 0118 00000000 		.4byte	.LFB158
 17743 011c 30000000 		.4byte	.LFE158
 17744 0120 00000000 		.4byte	.LFB134
 17745 0124 42000000 		.4byte	.LFE134
 17746 0128 00000000 		.4byte	.LFB159
 17747 012c 30000000 		.4byte	.LFE159
 17748 0130 00000000 		.4byte	.LFB160
 17749 0134 F4010000 		.4byte	.LFE160
 17750 0138 00000000 		.4byte	.LFB161
 17751 013c 64000000 		.4byte	.LFE161
 17752 0140 00000000 		.4byte	.LFB162
 17753 0144 1C000000 		.4byte	.LFE162
 17754 0148 00000000 		.4byte	.LFB163
 17755 014c EC040000 		.4byte	.LFE163
 17756 0150 00000000 		.4byte	.LFB164
 17757 0154 10000000 		.4byte	.LFE164
 17758 0158 00000000 		.4byte	.LFB165
 17759 015c 0C000000 		.4byte	.LFE165
 17760 0160 00000000 		.4byte	.LFB166
 17761 0164 80000000 		.4byte	.LFE166
 17762 0168 00000000 		.4byte	.LFB167
 17763 016c 14000000 		.4byte	.LFE167
 17764 0170 00000000 		.4byte	.LFB168
 17765 0174 0C000000 		.4byte	.LFE168
 17766 0178 00000000 		.4byte	.LFB169
 17767 017c 48000000 		.4byte	.LFE169
 17768 0180 00000000 		.4byte	.LFB170
 17769 0184 10020000 		.4byte	.LFE170
ARM GAS  C:\Users\user\AppData\Local\Temp\ccoNEg7E.s 			page 343


 17770 0188 00000000 		.4byte	0
 17771 018c 00000000 		.4byte	0
 17772              		.section	.debug_line,"",%progbits
 17773              	.Ldebug_line0:
 17774 0000 E60A0000 		.section	.debug_str,"MS",%progbits,1
 17774      02006601 
 17774      00000201 
 17774      FB0E0D00 
 17774      01010101 
 17775              	.LASF98:
 17776 0000 73735F6F 		.ascii	"ss_obs_act_predict_q7\000"
 17776      62735F61 
 17776      63745F70 
 17776      72656469 
 17776      63745F71 
 17777              	.LASF93:
 17778 0016 73735F79 		.ascii	"ss_yhat_q7\000"
 17778      6861745F 
 17778      713700
 17779              	.LASF178:
 17780 0021 43794578 		.ascii	"CyExitCriticalSection\000"
 17780      69744372 
 17780      69746963 
 17780      616C5365 
 17780      6374696F 
 17781              	.LASF52:
 17782 0037 714B3135 		.ascii	"qK15\000"
 17782      00
 17783              	.LASF87:
 17784 003c 73735F79 		.ascii	"ss_yhat_q15\000"
 17784      6861745F 
 17784      71313500 
 17785              	.LASF25:
 17786 0048 7136335F 		.ascii	"q63_t\000"
 17786      7400
 17787              	.LASF112:
 17788 004e 755F7361 		.ascii	"u_sat\000"
 17788      7400
 17789              	.LASF69:
 17790 0054 73617466 		.ascii	"satf\000"
 17790      00
 17791              	.LASF130:
 17792 0059 79315F72 		.ascii	"y1_raw\000"
 17792      617700
 17793              	.LASF106:
 17794 0060 73735F6F 		.ascii	"ss_obs_act_predict_f32\000"
 17794      62735F61 
 17794      63745F70 
 17794      72656469 
 17794      63745F66 
 17795              	.LASF70:
 17796 0077 6D6F6465 		.ascii	"mode_ss\000"
 17796      5F737300 
 17797              	.LASF126:
 17798 007f 7361745F 		.ascii	"sat_max\000"
 17798      6D617800 
 17799              	.LASF55:
ARM GAS  C:\Users\user\AppData\Local\Temp\ccoNEg7E.s 			page 344


 17800 0087 714B7831 		.ascii	"qKx15\000"
 17800      3500
 17801              	.LASF65:
 17802 008d 71736174 		.ascii	"qsat7\000"
 17802      3700
 17803              	.LASF117:
 17804 0093 70657269 		.ascii	"period\000"
 17804      6F6400
 17805              	.LASF184:
 17806 009a 443A5C50 		.ascii	"D:\\PSoc\\Auto\\TPF\\TPF_PenduloInvertido\\4 - Pend"
 17806      536F635C 
 17806      4175746F 
 17806      5C545046 
 17806      5C545046 
 17807 00c8 756C6F2E 		.ascii	"ulo.cydsn\000"
 17807      63796473 
 17807      6E00
 17808              	.LASF42:
 17809 00d2 71413331 		.ascii	"qA31\000"
 17809      00
 17810              	.LASF12:
 17811 00d7 6C6F6E67 		.ascii	"long long unsigned int\000"
 17811      206C6F6E 
 17811      6720756E 
 17811      7369676E 
 17811      65642069 
 17812              	.LASF46:
 17813 00ee 714C3331 		.ascii	"qL31\000"
 17813      00
 17814              	.LASF164:
 17815 00f3 61726D5F 		.ascii	"arm_scale_q15\000"
 17815      7363616C 
 17815      655F7131 
 17815      3500
 17816              	.LASF10:
 17817 0101 5F5F696E 		.ascii	"__int64_t\000"
 17817      7436345F 
 17817      7400
 17818              	.LASF145:
 17819 010b 675F7361 		.ascii	"g_sat_max\000"
 17819      745F6D61 
 17819      7800
 17820              	.LASF150:
 17821 0115 6374726C 		.ascii	"ctrl_telem_u2\000"
 17821      5F74656C 
 17821      656D5F75 
 17821      3200
 17822              	.LASF3:
 17823 0123 5F5F696E 		.ascii	"__int8_t\000"
 17823      74385F74 
 17823      00
 17824              	.LASF146:
 17825 012c 49544D5F 		.ascii	"ITM_RxBuffer\000"
 17825      52784275 
 17825      66666572 
 17825      00
 17826              	.LASF128:
ARM GAS  C:\Users\user\AppData\Local\Temp\ccoNEg7E.s 			page 345


 17827 0139 74686574 		.ascii	"theta_cnt\000"
 17827      615F636E 
 17827      7400
 17828              	.LASF140:
 17829 0143 675F7275 		.ascii	"g_running\000"
 17829      6E6E696E 
 17829      6700
 17830              	.LASF94:
 17831 014d 646F7437 		.ascii	"dot7\000"
 17831      00
 17832              	.LASF15:
 17833 0152 696E7431 		.ascii	"int16_t\000"
 17833      365F7400 
 17834              	.LASF152:
 17835 015a 6374726C 		.ascii	"ctrl_telem_x1i\000"
 17835      5F74656C 
 17835      656D5F78 
 17835      316900
 17836              	.LASF144:
 17837 0169 675F7361 		.ascii	"g_sat_min\000"
 17837      745F6D69 
 17837      6E00
 17838              	.LASF1:
 17839 0173 7369676E 		.ascii	"signed char\000"
 17839      65642063 
 17839      68617200 
 17840              	.LASF159:
 17841 017f 675F7265 		.ascii	"g_ref_in_volts\000"
 17841      665F696E 
 17841      5F766F6C 
 17841      747300
 17842              	.LASF154:
 17843 018e 6374726C 		.ascii	"ctrl_telem_x1o\000"
 17843      5F74656C 
 17843      656D5F78 
 17843      316F00
 17844              	.LASF39:
 17845 019d 4E626172 		.ascii	"Nbar\000"
 17845      00
 17846              	.LASF81:
 17847 01a2 73735F70 		.ascii	"ss_predict_q31\000"
 17847      72656469 
 17847      63745F71 
 17847      333100
 17848              	.LASF101:
 17849 01b1 73735F6F 		.ascii	"ss_obs_act_correct_f32\000"
 17849      62735F61 
 17849      63745F63 
 17849      6F727265 
 17849      63745F66 
 17850              	.LASF129:
 17851 01c8 64656C74 		.ascii	"delta_om_cnt\000"
 17851      615F6F6D 
 17851      5F636E74 
 17851      00
 17852              	.LASF80:
 17853 01d5 73735F6F 		.ascii	"ss_obs_act_correct_q31\000"
ARM GAS  C:\Users\user\AppData\Local\Temp\ccoNEg7E.s 			page 346


 17853      62735F61 
 17853      63745F63 
 17853      6F727265 
 17853      63745F71 
 17854              	.LASF125:
 17855 01ec 7361745F 		.ascii	"sat_min\000"
 17855      6D696E00 
 17856              	.LASF183:
 17857 01f4 6374726C 		.ascii	"ctrl_pend.c\000"
 17857      5F70656E 
 17857      642E6300 
 17858              	.LASF59:
 17859 0200 71736174 		.ascii	"qsat31\000"
 17859      333100
 17860              	.LASF114:
 17861 0207 6374726C 		.ascii	"ctrl_set_mode\000"
 17861      5F736574 
 17861      5F6D6F64 
 17861      6500
 17862              	.LASF8:
 17863 0215 6C6F6E67 		.ascii	"long int\000"
 17863      20696E74 
 17863      00
 17864              	.LASF173:
 17865 021e 61726D5F 		.ascii	"arm_float_to_q15\000"
 17865      666C6F61 
 17865      745F746F 
 17865      5F713135 
 17865      00
 17866              	.LASF165:
 17867 022f 61726D5F 		.ascii	"arm_add_q15\000"
 17867      6164645F 
 17867      71313500 
 17868              	.LASF141:
 17869 023b 675F6E75 		.ascii	"g_num_type\000"
 17869      6D5F7479 
 17869      706500
 17870              	.LASF158:
 17871 0246 6374726C 		.ascii	"ctrl_period_ticks\000"
 17871      5F706572 
 17871      696F645F 
 17871      7469636B 
 17871      7300
 17872              	.LASF23:
 17873 0258 7131355F 		.ascii	"q15_t\000"
 17873      7400
 17874              	.LASF11:
 17875 025e 6C6F6E67 		.ascii	"long long int\000"
 17875      206C6F6E 
 17875      6720696E 
 17875      7400
 17876              	.LASF21:
 17877 026c 646F7562 		.ascii	"double\000"
 17877      6C6500
 17878              	.LASF139:
 17879 0273 675F5473 		.ascii	"g_Ts\000"
 17879      00
ARM GAS  C:\Users\user\AppData\Local\Temp\ccoNEg7E.s 			page 347


 17880              	.LASF169:
 17881 0278 61726D5F 		.ascii	"arm_dot_prod_f32\000"
 17881      646F745F 
 17881      70726F64 
 17881      5F663332 
 17881      00
 17882              	.LASF160:
 17883 0289 61726D5F 		.ascii	"arm_dot_prod_q31\000"
 17883      646F745F 
 17883      70726F64 
 17883      5F713331 
 17883      00
 17884              	.LASF85:
 17885 029a 65787472 		.ascii	"extra_f\000"
 17885      615F6600 
 17886              	.LASF33:
 17887 02a2 74665F62 		.ascii	"tf_b\000"
 17887      00
 17888              	.LASF29:
 17889 02a7 75696E74 		.ascii	"uint32\000"
 17889      333200
 17890              	.LASF100:
 17891 02ae 73735F79 		.ascii	"ss_yhat_f32\000"
 17891      6861745F 
 17891      66333200 
 17892              	.LASF153:
 17893 02ba 6374726C 		.ascii	"ctrl_telem_x2i\000"
 17893      5F74656C 
 17893      656D5F78 
 17893      326900
 17894              	.LASF86:
 17895 02c9 65787472 		.ascii	"extra_q\000"
 17895      615F7100 
 17896              	.LASF45:
 17897 02d1 714B3331 		.ascii	"qK31\000"
 17897      00
 17898              	.LASF73:
 17899 02d6 73735F79 		.ascii	"ss_yhat_q31\000"
 17899      6861745F 
 17899      71333100 
 17900              	.LASF176:
 17901 02e2 4D6F746F 		.ascii	"Motor_Free\000"
 17901      725F4672 
 17901      656500
 17902              	.LASF155:
 17903 02ed 6374726C 		.ascii	"ctrl_telem_x2o\000"
 17903      5F74656C 
 17903      656D5F78 
 17903      326F00
 17904              	.LASF64:
 17905 02fc 71375F74 		.ascii	"q7_to_flt\000"
 17905      6F5F666C 
 17905      7400
 17906              	.LASF54:
 17907 0306 71443135 		.ascii	"qD15\000"
 17907      00
 17908              	.LASF75:
ARM GAS  C:\Users\user\AppData\Local\Temp\ccoNEg7E.s 			page 348


 17909 030b 696E6E6F 		.ascii	"innov\000"
 17909      7600
 17910              	.LASF35:
 17911 0311 74665F77 		.ascii	"tf_w\000"
 17911      00
 17912              	.LASF31:
 17913 0316 696E7433 		.ascii	"int32\000"
 17913      3200
 17914              	.LASF142:
 17915 031c 675F7931 		.ascii	"g_y1_filt\000"
 17915      5F66696C 
 17915      7400
 17916              	.LASF185:
 17917 0326 696E6E65 		.ascii	"inner_phys_limits\000"
 17917      725F7068 
 17917      79735F6C 
 17917      696D6974 
 17917      7300
 17918              	.LASF13:
 17919 0338 756E7369 		.ascii	"unsigned int\000"
 17919      676E6564 
 17919      20696E74 
 17919      00
 17920              	.LASF72:
 17921 0345 74665F73 		.ascii	"tf_step\000"
 17921      74657000 
 17922              	.LASF61:
 17923 034d 7131355F 		.ascii	"q15_to_flt\000"
 17923      746F5F66 
 17923      6C7400
 17924              	.LASF170:
 17925 0358 61726D5F 		.ascii	"arm_scale_f32\000"
 17925      7363616C 
 17925      655F6633 
 17925      3200
 17926              	.LASF9:
 17927 0366 6C6F6E67 		.ascii	"long unsigned int\000"
 17927      20756E73 
 17927      69676E65 
 17927      6420696E 
 17927      7400
 17928              	.LASF161:
 17929 0378 61726D5F 		.ascii	"arm_scale_q31\000"
 17929      7363616C 
 17929      655F7133 
 17929      3100
 17930              	.LASF113:
 17931 0386 6374726C 		.ascii	"ctrl_init\000"
 17931      5F696E69 
 17931      7400
 17932              	.LASF175:
 17933 0390 70656E64 		.ascii	"pendulo_resync_motor\000"
 17933      756C6F5F 
 17933      72657379 
 17933      6E635F6D 
 17933      6F746F72 
 17934              	.LASF177:
ARM GAS  C:\Users\user\AppData\Local\Temp\ccoNEg7E.s 			page 349


 17935 03a5 4379456E 		.ascii	"CyEnterCriticalSection\000"
 17935      74657243 
 17935      72697469 
 17935      63616C53 
 17935      65637469 
 17936              	.LASF56:
 17937 03bc 714B7837 		.ascii	"qKx7\000"
 17937      00
 17938              	.LASF27:
 17939 03c1 75696E74 		.ascii	"uint8\000"
 17939      3800
 17940              	.LASF127:
 17941 03c7 6374726C 		.ascii	"ctrl_step\000"
 17941      5F737465 
 17941      7000
 17942              	.LASF40:
 17943 03d1 755F6F75 		.ascii	"u_out\000"
 17943      7400
 17944              	.LASF138:
 17945 03d7 675F6C70 		.ascii	"g_lp\000"
 17945      00
 17946              	.LASF136:
 17947 03dc 755F6162 		.ascii	"u_abs\000"
 17947      7300
 17948              	.LASF135:
 17949 03e2 645F6162 		.ascii	"d_abs\000"
 17949      7300
 17950              	.LASF143:
 17951 03e8 675F7932 		.ascii	"g_y2_filt\000"
 17951      5F66696C 
 17951      7400
 17952              	.LASF78:
 17953 03f2 7A686174 		.ascii	"zhat_q\000"
 17953      5F7100
 17954              	.LASF68:
 17955 03f9 706D6178 		.ascii	"pmax\000"
 17955      00
 17956              	.LASF82:
 17957 03fe 73735F6F 		.ascii	"ss_obs_pred_q31\000"
 17957      62735F70 
 17957      7265645F 
 17957      71333100 
 17958              	.LASF171:
 17959 040e 61726D5F 		.ascii	"arm_add_f32\000"
 17959      6164645F 
 17959      66333200 
 17960              	.LASF172:
 17961 041a 61726D5F 		.ascii	"arm_float_to_q31\000"
 17961      666C6F61 
 17961      745F746F 
 17961      5F713331 
 17961      00
 17962              	.LASF162:
 17963 042b 61726D5F 		.ascii	"arm_add_q31\000"
 17963      6164645F 
 17963      71333100 
 17964              	.LASF83:
ARM GAS  C:\Users\user\AppData\Local\Temp\ccoNEg7E.s 			page 350


 17965 0437 73735F6F 		.ascii	"ss_obs_act_predict_q31\000"
 17965      62735F61 
 17965      63745F70 
 17965      72656469 
 17965      63745F71 
 17966              	.LASF147:
 17967 044e 6374726C 		.ascii	"ctrl_stall_flag\000"
 17967      5F737461 
 17967      6C6C5F66 
 17967      6C616700 
 17968              	.LASF51:
 17969 045e 71433135 		.ascii	"qC15\000"
 17969      00
 17970              	.LASF67:
 17971 0463 706D696E 		.ascii	"pmin\000"
 17971      00
 17972              	.LASF110:
 17973 0468 755F636D 		.ascii	"u_cmd\000"
 17973      6400
 17974              	.LASF48:
 17975 046e 714B7833 		.ascii	"qKx31\000"
 17975      3100
 17976              	.LASF19:
 17977 0474 73697A65 		.ascii	"sizetype\000"
 17977      74797065 
 17977      00
 17978              	.LASF103:
 17979 047d 73735F70 		.ascii	"ss_predict_f32\000"
 17979      72656469 
 17979      63745F66 
 17979      333200
 17980              	.LASF38:
 17981 048c 76696E74 		.ascii	"vint\000"
 17981      00
 17982              	.LASF108:
 17983 0491 73735F75 		.ascii	"ss_u_cmd_f32\000"
 17983      5F636D64 
 17983      5F663332 
 17983      00
 17984              	.LASF137:
 17985 049e 696E7472 		.ascii	"intr\000"
 17985      00
 17986              	.LASF84:
 17987 04a3 73735F75 		.ascii	"ss_u_cmd_q31\000"
 17987      5F636D64 
 17987      5F713331 
 17987      00
 17988              	.LASF37:
 17989 04b0 7A686174 		.ascii	"zhat\000"
 17989      00
 17990              	.LASF47:
 17991 04b5 71443331 		.ascii	"qD31\000"
 17991      00
 17992              	.LASF174:
 17993 04ba 61726D5F 		.ascii	"arm_float_to_q7\000"
 17993      666C6F61 
 17993      745F746F 
ARM GAS  C:\Users\user\AppData\Local\Temp\ccoNEg7E.s 			page 351


 17993      5F713700 
 17994              	.LASF181:
 17995 04ca 4D6F746F 		.ascii	"Motor_Control\000"
 17995      725F436F 
 17995      6E74726F 
 17995      6C00
 17996              	.LASF186:
 17997 04d8 6374726C 		.ascii	"ctrl_get_num_type\000"
 17997      5F676574 
 17997      5F6E756D 
 17997      5F747970 
 17997      6500
 17998              	.LASF28:
 17999 04ea 75696E74 		.ascii	"uint16\000"
 17999      313600
 18000              	.LASF111:
 18001 04f1 72756E5F 		.ascii	"run_step\000"
 18001      73746570 
 18001      00
 18002              	.LASF99:
 18003 04fa 73735F75 		.ascii	"ss_u_cmd_q7\000"
 18003      5F636D64 
 18003      5F713700 
 18004              	.LASF123:
 18005 0506 6374726C 		.ascii	"ctrl_update_ref\000"
 18005      5F757064 
 18005      6174655F 
 18005      72656600 
 18006              	.LASF0:
 18007 0516 666C6F61 		.ascii	"float\000"
 18007      7400
 18008              	.LASF134:
 18009 051c 7374616C 		.ascii	"stall_cnt\000"
 18009      6C5F636E 
 18009      7400
 18010              	.LASF124:
 18011 0526 6374726C 		.ascii	"ctrl_set_sat\000"
 18011      5F736574 
 18011      5F736174 
 18011      00
 18012              	.LASF119:
 18013 0533 6E756D5F 		.ascii	"num_type\000"
 18013      74797065 
 18013      00
 18014              	.LASF157:
 18015 053c 6374726C 		.ascii	"ctrl_period_pending\000"
 18015      5F706572 
 18015      696F645F 
 18015      70656E64 
 18015      696E6700 
 18016              	.LASF149:
 18017 0550 6374726C 		.ascii	"ctrl_telem_y1\000"
 18017      5F74656C 
 18017      656D5F79 
 18017      3100
 18018              	.LASF97:
 18019 055e 73735F6F 		.ascii	"ss_obs_pred_q7\000"
ARM GAS  C:\Users\user\AppData\Local\Temp\ccoNEg7E.s 			page 352


 18019      62735F70 
 18019      7265645F 
 18019      713700
 18020              	.LASF105:
 18021 056d 6F62735F 		.ascii	"obs_pred\000"
 18021      70726564 
 18021      00
 18022              	.LASF16:
 18023 0576 696E7433 		.ascii	"int32_t\000"
 18023      325F7400 
 18024              	.LASF2:
 18025 057e 756E7369 		.ascii	"unsigned char\000"
 18025      676E6564 
 18025      20636861 
 18025      7200
 18026              	.LASF79:
 18027 058c 78686174 		.ascii	"xhat_q\000"
 18027      5F7100
 18028              	.LASF50:
 18029 0593 71423135 		.ascii	"qB15\000"
 18029      00
 18030              	.LASF156:
 18031 0598 6374726C 		.ascii	"ctrl_telem_ready\000"
 18031      5F74656C 
 18031      656D5F72 
 18031      65616479 
 18031      00
 18032              	.LASF168:
 18033 05a9 61726D5F 		.ascii	"arm_add_q7\000"
 18033      6164645F 
 18033      713700
 18034              	.LASF5:
 18035 05b4 73686F72 		.ascii	"short int\000"
 18035      7420696E 
 18035      7400
 18036              	.LASF131:
 18037 05be 79325F72 		.ascii	"y2_raw\000"
 18037      617700
 18038              	.LASF179:
 18039 05c5 70656E64 		.ascii	"pendulo_read\000"
 18039      756C6F5F 
 18039      72656164 
 18039      00
 18040              	.LASF182:
 18041 05d2 474E5520 		.ascii	"GNU C11 5.4.1 20160609 (release) [ARM/embedded-5-br"
 18041      43313120 
 18041      352E342E 
 18041      31203230 
 18041      31363036 
 18042 0605 616E6368 		.ascii	"anch revision 237715] -mcpu=cortex-m3 -mthumb -g -O"
 18042      20726576 
 18042      6973696F 
 18042      6E203233 
 18042      37373135 
 18043 0638 67202D66 		.ascii	"g -ffunction-sections -ffat-lto-objects\000"
 18043      66756E63 
 18043      74696F6E 
ARM GAS  C:\Users\user\AppData\Local\Temp\ccoNEg7E.s 			page 353


 18043      2D736563 
 18043      74696F6E 
 18044              	.LASF180:
 18045 0660 50574D5F 		.ascii	"PWM_Desde_Voltaje\000"
 18045      44657364 
 18045      655F566F 
 18045      6C74616A 
 18045      6500
 18046              	.LASF118:
 18047 0672 6374726C 		.ascii	"ctrl_set_num_type\000"
 18047      5F736574 
 18047      5F6E756D 
 18047      5F747970 
 18047      6500
 18048              	.LASF24:
 18049 0684 7133315F 		.ascii	"q31_t\000"
 18049      7400
 18050              	.LASF44:
 18051 068a 71433331 		.ascii	"qC31\000"
 18051      00
 18052              	.LASF163:
 18053 068f 61726D5F 		.ascii	"arm_dot_prod_q15\000"
 18053      646F745F 
 18053      70726F64 
 18053      5F713135 
 18053      00
 18054              	.LASF92:
 18055 06a0 73735F75 		.ascii	"ss_u_cmd_q15\000"
 18055      5F636D64 
 18055      5F713135 
 18055      00
 18056              	.LASF148:
 18057 06ad 6374726C 		.ascii	"ctrl_telem_u1\000"
 18057      5F74656C 
 18057      656D5F75 
 18057      3100
 18058              	.LASF41:
 18059 06bb 715F7363 		.ascii	"q_scale\000"
 18059      616C6500 
 18060              	.LASF18:
 18061 06c3 6C6F6E67 		.ascii	"long double\000"
 18061      20646F75 
 18061      626C6500 
 18062              	.LASF36:
 18063 06cf 78686174 		.ascii	"xhat\000"
 18063      00
 18064              	.LASF20:
 18065 06d4 63686172 		.ascii	"char\000"
 18065      00
 18066              	.LASF32:
 18067 06d9 6D6F6465 		.ascii	"mode\000"
 18067      00
 18068              	.LASF120:
 18069 06de 6374726C 		.ascii	"ctrl_start\000"
 18069      5F737461 
 18069      727400
 18070              	.LASF121:
ARM GAS  C:\Users\user\AppData\Local\Temp\ccoNEg7E.s 			page 354


 18071 06e9 7265665F 		.ascii	"ref_inner\000"
 18071      696E6E65 
 18071      7200
 18072              	.LASF63:
 18073 06f3 666C745F 		.ascii	"flt_to_q15n\000"
 18073      746F5F71 
 18073      31356E00 
 18074              	.LASF66:
 18075 06ff 666C745F 		.ascii	"flt_to_q7n\000"
 18075      746F5F71 
 18075      376E00
 18076              	.LASF57:
 18077 070a 4374726C 		.ascii	"CtrlLoop\000"
 18077      4C6F6F70 
 18077      00
 18078              	.LASF7:
 18079 0713 5F5F696E 		.ascii	"__int32_t\000"
 18079      7433325F 
 18079      7400
 18080              	.LASF151:
 18081 071d 6374726C 		.ascii	"ctrl_telem_y2\000"
 18081      5F74656C 
 18081      656D5F79 
 18081      3200
 18082              	.LASF116:
 18083 072b 6374726C 		.ascii	"ctrl_apply_coeffs\000"
 18083      5F617070 
 18083      6C795F63 
 18083      6F656666 
 18083      7300
 18084              	.LASF26:
 18085 073d 666C6F61 		.ascii	"float32_t\000"
 18085      7433325F 
 18085      7400
 18086              	.LASF4:
 18087 0747 5F5F696E 		.ascii	"__int16_t\000"
 18087      7431365F 
 18087      7400
 18088              	.LASF22:
 18089 0751 71375F74 		.ascii	"q7_t\000"
 18089      00
 18090              	.LASF6:
 18091 0756 73686F72 		.ascii	"short unsigned int\000"
 18091      7420756E 
 18091      7369676E 
 18091      65642069 
 18091      6E7400
 18092              	.LASF77:
 18093 0769 4C696E76 		.ascii	"Linv\000"
 18093      00
 18094              	.LASF49:
 18095 076e 71413135 		.ascii	"qA15\000"
 18095      00
 18096              	.LASF74:
 18097 0773 755F7072 		.ascii	"u_prev\000"
 18097      657600
 18098              	.LASF14:
ARM GAS  C:\Users\user\AppData\Local\Temp\ccoNEg7E.s 			page 355


 18099 077a 696E7438 		.ascii	"int8_t\000"
 18099      5F7400
 18100              	.LASF53:
 18101 0781 714C3135 		.ascii	"qL15\000"
 18101      00
 18102              	.LASF58:
 18103 0786 7133315F 		.ascii	"q31_to_flt\000"
 18103      746F5F66 
 18103      6C7400
 18104              	.LASF167:
 18105 0791 61726D5F 		.ascii	"arm_scale_q7\000"
 18105      7363616C 
 18105      655F7137 
 18105      00
 18106              	.LASF90:
 18107 079e 73735F6F 		.ascii	"ss_obs_pred_q15\000"
 18107      62735F70 
 18107      7265645F 
 18107      71313500 
 18108              	.LASF60:
 18109 07ae 666C745F 		.ascii	"flt_to_q31n\000"
 18109      746F5F71 
 18109      33316E00 
 18110              	.LASF187:
 18111 07ba 6D656D73 		.ascii	"memset\000"
 18111      657400
 18112              	.LASF91:
 18113 07c1 73735F6F 		.ascii	"ss_obs_act_predict_q15\000"
 18113      62735F61 
 18113      63745F70 
 18113      72656469 
 18113      63745F71 
 18114              	.LASF133:
 18115 07d8 6F757465 		.ascii	"outer\000"
 18115      7200
 18116              	.LASF71:
 18117 07de 6D6F6465 		.ascii	"mode_has_i\000"
 18117      5F686173 
 18117      5F6900
 18118              	.LASF95:
 18119 07e9 73735F6F 		.ascii	"ss_obs_act_correct_q7\000"
 18119      62735F61 
 18119      63745F63 
 18119      6F727265 
 18119      63745F71 
 18120              	.LASF89:
 18121 07ff 73735F70 		.ascii	"ss_predict_q15\000"
 18121      72656469 
 18121      63745F71 
 18121      313500
 18122              	.LASF43:
 18123 080e 71423331 		.ascii	"qB31\000"
 18123      00
 18124              	.LASF88:
 18125 0813 73735F6F 		.ascii	"ss_obs_act_correct_q15\000"
 18125      62735F61 
 18125      63745F63 
ARM GAS  C:\Users\user\AppData\Local\Temp\ccoNEg7E.s 			page 356


 18125      6F727265 
 18125      63745F71 
 18126              	.LASF30:
 18127 082a 696E7431 		.ascii	"int16\000"
 18127      3600
 18128              	.LASF115:
 18129 0830 706C616E 		.ascii	"plant_id\000"
 18129      745F6964 
 18129      00
 18130              	.LASF62:
 18131 0839 71736174 		.ascii	"qsat15\000"
 18131      313500
 18132              	.LASF109:
 18133 0840 65787472 		.ascii	"extra\000"
 18133      6100
 18134              	.LASF17:
 18135 0846 696E7436 		.ascii	"int64_t\000"
 18135      345F7400 
 18136              	.LASF96:
 18137 084e 73735F70 		.ascii	"ss_predict_q7\000"
 18137      72656469 
 18137      63745F71 
 18137      3700
 18138              	.LASF122:
 18139 085c 6374726C 		.ascii	"ctrl_stop\000"
 18139      5F73746F 
 18139      7000
 18140              	.LASF132:
 18141 0866 696E6E65 		.ascii	"inner\000"
 18141      7200
 18142              	.LASF104:
 18143 086c 73735F6F 		.ascii	"ss_obs_pred_f32\000"
 18143      62735F70 
 18143      7265645F 
 18143      66333200 
 18144              	.LASF34:
 18145 087c 74665F61 		.ascii	"tf_a\000"
 18145      00
 18146              	.LASF76:
 18147 0881 696E6E6F 		.ascii	"innov_q\000"
 18147      765F7100 
 18148              	.LASF166:
 18149 0889 61726D5F 		.ascii	"arm_dot_prod_q7\000"
 18149      646F745F 
 18149      70726F64 
 18149      5F713700 
 18150              	.LASF102:
 18151 0899 6F62735F 		.ascii	"obs_act_correct\000"
 18151      6163745F 
 18151      636F7272 
 18151      65637400 
 18152              	.LASF107:
 18153 08a9 6F62735F 		.ascii	"obs_act_predict\000"
 18153      6163745F 
 18153      70726564 
 18153      69637400 
 18154              		.ident	"GCC: (GNU Tools for ARM Embedded Processors) 5.4.1 20160609 (release) [ARM/embedded-5-bran
ARM GAS  C:\Users\user\AppData\Local\Temp\ccoNEg7E.s 			page 357


