ARM GAS  C:\Users\user\AppData\Local\Temp\ccTkiMNg.s 			page 1


   1              		.syntax unified
   2              		.cpu cortex-m3
   3              		.fpu softvfp
   4              		.eabi_attribute 20, 1
   5              		.eabi_attribute 21, 1
   6              		.eabi_attribute 23, 3
   7              		.eabi_attribute 24, 1
   8              		.eabi_attribute 25, 1
   9              		.eabi_attribute 26, 1
  10              		.eabi_attribute 30, 1
  11              		.eabi_attribute 34, 1
  12              		.eabi_attribute 18, 4
  13              		.thumb
  14              		.syntax unified
  15              		.file	"uartp_pend.c"
  16              		.text
  17              	.Ltext0:
  18              		.cfi_sections	.debug_frame
  19              		.section	.text.ll_wait_byte,"ax",%progbits
  20              		.align	2
  21              		.thumb
  22              		.thumb_func
  23              		.type	ll_wait_byte, %function
  24              	ll_wait_byte:
  25              	.LFB64:
  26              		.file 1 "uartp_pend.c"
   1:uartp_pend.c  **** /* ============================================================
   2:uartp_pend.c  ****    uartp_pend.c — Protocolo UART PSoC ↔ MATLAB v6.2
   3:uartp_pend.c  ****    Proyecto: Péndulo Invertido — PSoC 5LP (control en PSoC)
   4:uartp_pend.c  **** 
   5:uartp_pend.c  ****    v6.2: isr_2 conectado a UART_1 rx_interrupt.
   6:uartp_pend.c  ****          UARTP_Rx_ISR() maneja 's'/'u' en STREAM mode sin polling.
   7:uartp_pend.c  ****    ============================================================ */
   8:uartp_pend.c  **** #include "uartp_pend.h"
   9:uartp_pend.c  **** /* isr_1 e isr_2 incluidos via project.h — no se importan explícitamente */
  10:uartp_pend.c  **** #include "pendulo.h"
  11:uartp_pend.c  **** #include "motor.h"
  12:uartp_pend.c  **** #include "ctrl_pend.h"
  13:uartp_pend.c  **** #include <string.h>
  14:uartp_pend.c  **** 
  15:uartp_pend.c  **** /* ============================================================
  16:uartp_pend.c  ****    Estado global del protocolo
  17:uartp_pend.c  ****    ============================================================ */
  18:uartp_pend.c  **** volatile uartp_sys_mode_t UARTP_SysMode  = UARTP_SYS_COMMAND;
  19:uartp_pend.c  **** volatile float            UARTP_PendingRef = 0.0f;
  20:uartp_pend.c  **** volatile uint8            g_ref_in_volts   = 0u;   /* 0=sin conversión (TF/SS: rad/s, OL: PWM dire
  21:uartp_pend.c  **** 
  22:uartp_pend.c  **** /* ============================================================
  23:uartp_pend.c  ****    RX state machine en modo STREAM
  24:uartp_pend.c  ****    RX_IDLE    → espera 's' o 'u'
  25:uartp_pend.c  ****    RX_GOT_U   → recibiendo 4 bytes del nuevo ref_inner
  26:uartp_pend.c  ****    ============================================================ */
  27:uartp_pend.c  **** #define RX_IDLE  0u
  28:uartp_pend.c  **** #define RX_GOT_U 1u
  29:uartp_pend.c  **** static uint8 s_rx_state   = RX_IDLE;
  30:uartp_pend.c  **** static uint8 s_rx_ubuf[4];
  31:uartp_pend.c  **** static uint8 s_rx_ucnt    = 0u;
ARM GAS  C:\Users\user\AppData\Local\Temp\ccTkiMNg.s 			page 2


  32:uartp_pend.c  **** 
  33:uartp_pend.c  **** /* ============================================================
  34:uartp_pend.c  ****    Tamaño del payload del comando 'p'
  35:uartp_pend.c  ****    ============================================================ */
  36:uartp_pend.c  **** #define P_PAYLOAD_SZ  216u
  37:uartp_pend.c  **** static uint8 s_p_buf[P_PAYLOAD_SZ];
  38:uartp_pend.c  **** 
  39:uartp_pend.c  **** /* ============================================================
  40:uartp_pend.c  ****    LL helpers
  41:uartp_pend.c  ****    ============================================================ */
  42:uartp_pend.c  **** #define WORD_TIMEOUT_MS  500u
  43:uartp_pend.c  **** #define MAX_RETRIES      50u
  44:uartp_pend.c  **** 
  45:uartp_pend.c  **** static void ll_putchar(uint8 c)
  46:uartp_pend.c  **** {
  47:uartp_pend.c  ****     UART_1_WriteTxData(c);
  48:uartp_pend.c  **** }
  49:uartp_pend.c  **** 
  50:uartp_pend.c  **** /* Espera un byte en RX con timeout (devuelve 0xFE si timeout). */
  51:uartp_pend.c  **** static uint8 ll_wait_byte(uint32 timeout_ms)
  52:uartp_pend.c  **** {
  27              		.loc 1 52 0
  28              		.cfi_startproc
  29              		@ args = 0, pretend = 0, frame = 0
  30              		@ frame_needed = 0, uses_anonymous_args = 0
  31              	.LVL0:
  32 0000 38B5     		push	{r3, r4, r5, lr}
  33              		.cfi_def_cfa_offset 16
  34              		.cfi_offset 3, -16
  35              		.cfi_offset 4, -12
  36              		.cfi_offset 5, -8
  37              		.cfi_offset 14, -4
  38 0002 0546     		mov	r5, r0
  39              	.LVL1:
  53:uartp_pend.c  ****     uint32 cnt = 0u;
  40              		.loc 1 53 0
  41 0004 0024     		movs	r4, #0
  54:uartp_pend.c  ****     while (UART_1_GetRxBufferSize() == 0u)
  42              		.loc 1 54 0
  43 0006 05E0     		b	.L2
  44              	.LVL2:
  45              	.L4:
  55:uartp_pend.c  ****     {
  56:uartp_pend.c  ****         CyDelay(1u);
  46              		.loc 1 56 0
  47 0008 0120     		movs	r0, #1
  48 000a FFF7FEFF 		bl	CyDelay
  49              	.LVL3:
  57:uartp_pend.c  ****         if (++cnt >= timeout_ms) return 0xFEu;   /* 0xFE = timeout sentinel */
  50              		.loc 1 57 0
  51 000e 0134     		adds	r4, r4, #1
  52              	.LVL4:
  53 0010 AC42     		cmp	r4, r5
  54 0012 06D2     		bcs	.L5
  55              	.LVL5:
  56              	.L2:
  54:uartp_pend.c  ****     while (UART_1_GetRxBufferSize() == 0u)
ARM GAS  C:\Users\user\AppData\Local\Temp\ccTkiMNg.s 			page 3


  57              		.loc 1 54 0
  58 0014 FFF7FEFF 		bl	UART_1_GetRxBufferSize
  59              	.LVL6:
  60 0018 0028     		cmp	r0, #0
  61 001a F5D0     		beq	.L4
  58:uartp_pend.c  ****     }
  59:uartp_pend.c  ****     return UART_1_ReadRxData();
  62              		.loc 1 59 0
  63 001c FFF7FEFF 		bl	UART_1_ReadRxData
  64              	.LVL7:
  65 0020 38BD     		pop	{r3, r4, r5, pc}
  66              	.LVL8:
  67              	.L5:
  57:uartp_pend.c  ****         if (++cnt >= timeout_ms) return 0xFEu;   /* 0xFE = timeout sentinel */
  68              		.loc 1 57 0
  69 0022 FE20     		movs	r0, #254
  60:uartp_pend.c  **** }
  70              		.loc 1 60 0
  71 0024 38BD     		pop	{r3, r4, r5, pc}
  72              		.cfi_endproc
  73              	.LFE64:
  74              		.size	ll_wait_byte, .-ll_wait_byte
  75 0026 00BF     		.section	.text.ll_putchar,"ax",%progbits
  76              		.align	2
  77              		.thumb
  78              		.thumb_func
  79              		.type	ll_putchar, %function
  80              	ll_putchar:
  81              	.LFB63:
  46:uartp_pend.c  ****     UART_1_WriteTxData(c);
  82              		.loc 1 46 0
  83              		.cfi_startproc
  84              		@ args = 0, pretend = 0, frame = 0
  85              		@ frame_needed = 0, uses_anonymous_args = 0
  86              	.LVL9:
  87 0000 08B5     		push	{r3, lr}
  88              		.cfi_def_cfa_offset 8
  89              		.cfi_offset 3, -8
  90              		.cfi_offset 14, -4
  47:uartp_pend.c  **** }
  91              		.loc 1 47 0
  92 0002 FFF7FEFF 		bl	UART_1_WriteTxData
  93              	.LVL10:
  94 0006 08BD     		pop	{r3, pc}
  95              		.cfi_endproc
  96              	.LFE63:
  97              		.size	ll_putchar, .-ll_putchar
  98              		.section	.text.ll_recv_word4,"ax",%progbits
  99              		.align	2
 100              		.thumb
 101              		.thumb_func
 102              		.type	ll_recv_word4, %function
 103              	ll_recv_word4:
 104              	.LFB65:
  61:uartp_pend.c  **** 
  62:uartp_pend.c  **** /* Recibe una word de 4 bytes con eco-confirmación (para comando 'f'). */
  63:uartp_pend.c  **** static uint8 ll_recv_word4(uint8 *out4)
ARM GAS  C:\Users\user\AppData\Local\Temp\ccTkiMNg.s 			page 4


  64:uartp_pend.c  **** {
 105              		.loc 1 64 0
 106              		.cfi_startproc
 107              		@ args = 0, pretend = 0, frame = 8
 108              		@ frame_needed = 0, uses_anonymous_args = 0
 109              	.LVL11:
 110 0000 70B5     		push	{r4, r5, r6, lr}
 111              		.cfi_def_cfa_offset 16
 112              		.cfi_offset 4, -16
 113              		.cfi_offset 5, -12
 114              		.cfi_offset 6, -8
 115              		.cfi_offset 14, -4
 116 0002 82B0     		sub	sp, sp, #8
 117              		.cfi_def_cfa_offset 24
 118 0004 0646     		mov	r6, r0
 119              	.LVL12:
  65:uartp_pend.c  ****     uint8 i, w[4], ctl;
  66:uartp_pend.c  ****     uint8 tries = 0u;
 120              		.loc 1 66 0
 121 0006 0025     		movs	r5, #0
 122              	.LVL13:
 123              	.L16:
  67:uartp_pend.c  **** 
  68:uartp_pend.c  ****     for (;;)
  69:uartp_pend.c  ****     {
  70:uartp_pend.c  ****         if (++tries > MAX_RETRIES) return 0u;
 124              		.loc 1 70 0
 125 0008 0135     		adds	r5, r5, #1
 126              	.LVL14:
 127 000a EDB2     		uxtb	r5, r5
 128              	.LVL15:
 129 000c 322D     		cmp	r5, #50
 130 000e 37D8     		bhi	.L17
 131 0010 0024     		movs	r4, #0
 132 0012 0BE0     		b	.L11
 133              	.LVL16:
 134              	.L12:
  71:uartp_pend.c  ****         for (i = 0u; i < 4u; i++) {
  72:uartp_pend.c  ****             w[i] = ll_wait_byte(WORD_TIMEOUT_MS);
 135              		.loc 1 72 0
 136 0014 4FF4FA70 		mov	r0, #500
 137 0018 FFF7FEFF 		bl	ll_wait_byte
 138              	.LVL17:
 139 001c 02AB     		add	r3, sp, #8
 140 001e 2344     		add	r3, r3, r4
 141 0020 03F8040C 		strb	r0, [r3, #-4]
  73:uartp_pend.c  ****             if (w[i] == 0xFEu) return 0u;
 142              		.loc 1 73 0
 143 0024 FE28     		cmp	r0, #254
 144 0026 2DD0     		beq	.L18
  71:uartp_pend.c  ****         for (i = 0u; i < 4u; i++) {
 145              		.loc 1 71 0 discriminator 2
 146 0028 0134     		adds	r4, r4, #1
 147              	.LVL18:
 148 002a E4B2     		uxtb	r4, r4
 149              	.LVL19:
 150              	.L11:
ARM GAS  C:\Users\user\AppData\Local\Temp\ccTkiMNg.s 			page 5


  71:uartp_pend.c  ****         for (i = 0u; i < 4u; i++) {
 151              		.loc 1 71 0 is_stmt 0 discriminator 1
 152 002c 032C     		cmp	r4, #3
 153 002e F1D9     		bls	.L12
 154 0030 0024     		movs	r4, #0
 155              	.LVL20:
 156 0032 07E0     		b	.L13
 157              	.LVL21:
 158              	.L14:
  74:uartp_pend.c  ****         }
  75:uartp_pend.c  ****         for (i = 0u; i < 4u; i++) ll_putchar(w[i]);
 159              		.loc 1 75 0 is_stmt 1 discriminator 3
 160 0034 02AB     		add	r3, sp, #8
 161 0036 2344     		add	r3, r3, r4
 162 0038 13F8040C 		ldrb	r0, [r3, #-4]	@ zero_extendqisi2
 163 003c FFF7FEFF 		bl	ll_putchar
 164              	.LVL22:
 165 0040 0134     		adds	r4, r4, #1
 166              	.LVL23:
 167 0042 E4B2     		uxtb	r4, r4
 168              	.LVL24:
 169              	.L13:
 170              		.loc 1 75 0 is_stmt 0 discriminator 1
 171 0044 032C     		cmp	r4, #3
 172 0046 F5D9     		bls	.L14
  76:uartp_pend.c  ****         ctl = ll_wait_byte(WORD_TIMEOUT_MS);
 173              		.loc 1 76 0 is_stmt 1
 174 0048 4FF4FA70 		mov	r0, #500
 175 004c FFF7FEFF 		bl	ll_wait_byte
 176              	.LVL25:
  77:uartp_pend.c  ****         if (ctl == 0xFEu) return 0u;
 177              		.loc 1 77 0
 178 0050 FE28     		cmp	r0, #254
 179 0052 19D0     		beq	.L19
  78:uartp_pend.c  ****         if (ctl == (uint8)'A') {
 180              		.loc 1 78 0
 181 0054 4128     		cmp	r0, #65
 182 0056 0FD1     		bne	.L15
  79:uartp_pend.c  ****             ll_putchar((uint8)'A');
 183              		.loc 1 79 0
 184 0058 FFF7FEFF 		bl	ll_putchar
 185              	.LVL26:
  80:uartp_pend.c  ****             out4[0]=w[0]; out4[1]=w[1]; out4[2]=w[2]; out4[3]=w[3];
 186              		.loc 1 80 0
 187 005c 9DF80430 		ldrb	r3, [sp, #4]	@ zero_extendqisi2
 188 0060 3370     		strb	r3, [r6]
 189 0062 9DF80530 		ldrb	r3, [sp, #5]	@ zero_extendqisi2
 190 0066 7370     		strb	r3, [r6, #1]
 191 0068 9DF80630 		ldrb	r3, [sp, #6]	@ zero_extendqisi2
 192 006c B370     		strb	r3, [r6, #2]
 193 006e 9DF80730 		ldrb	r3, [sp, #7]	@ zero_extendqisi2
 194 0072 F370     		strb	r3, [r6, #3]
  81:uartp_pend.c  ****             return 1u;
 195              		.loc 1 81 0
 196 0074 0120     		movs	r0, #1
 197 0076 08E0     		b	.L10
 198              	.LVL27:
ARM GAS  C:\Users\user\AppData\Local\Temp\ccTkiMNg.s 			page 6


 199              	.L15:
  82:uartp_pend.c  ****         } else {
  83:uartp_pend.c  ****             ll_putchar((uint8)'N');
 200              		.loc 1 83 0
 201 0078 4E20     		movs	r0, #78
 202              	.LVL28:
 203 007a FFF7FEFF 		bl	ll_putchar
 204              	.LVL29:
  84:uartp_pend.c  ****         }
  85:uartp_pend.c  ****     }
 205              		.loc 1 85 0
 206 007e C3E7     		b	.L16
 207              	.LVL30:
 208              	.L17:
  70:uartp_pend.c  ****         for (i = 0u; i < 4u; i++) {
 209              		.loc 1 70 0
 210 0080 0020     		movs	r0, #0
 211 0082 02E0     		b	.L10
 212              	.LVL31:
 213              	.L18:
  73:uartp_pend.c  ****         }
 214              		.loc 1 73 0
 215 0084 0020     		movs	r0, #0
 216 0086 00E0     		b	.L10
 217              	.LVL32:
 218              	.L19:
  77:uartp_pend.c  ****         if (ctl == (uint8)'A') {
 219              		.loc 1 77 0
 220 0088 0020     		movs	r0, #0
 221              	.LVL33:
 222              	.L10:
  86:uartp_pend.c  **** }
 223              		.loc 1 86 0
 224 008a 02B0     		add	sp, sp, #8
 225              		.cfi_def_cfa_offset 16
 226              		@ sp needed
 227 008c 70BD     		pop	{r4, r5, r6, pc}
 228              		.cfi_endproc
 229              	.LFE65:
 230              		.size	ll_recv_word4, .-ll_recv_word4
 231              		.global	__aeabi_i2f
 232 008e 00BF     		.section	.text.handle_cmd_p,"ax",%progbits
 233              		.align	2
 234              		.thumb
 235              		.thumb_func
 236              		.type	handle_cmd_p, %function
 237              	handle_cmd_p:
 238              	.LFB66:
  87:uartp_pend.c  **** 
  88:uartp_pend.c  **** /* ============================================================
  89:uartp_pend.c  ****    handle_cmd_p()
  90:uartp_pend.c  ****    Recibe y procesa el payload del comando 'p'.
  91:uartp_pend.c  ****    Formato: [len_lo][len_hi][216 bytes payload][1 byte xsum XOR]
  92:uartp_pend.c  ****    ============================================================ */
  93:uartp_pend.c  **** static void handle_cmd_p(void)
  94:uartp_pend.c  **** {
 239              		.loc 1 94 0
ARM GAS  C:\Users\user\AppData\Local\Temp\ccTkiMNg.s 			page 7


 240              		.cfi_startproc
 241              		@ args = 0, pretend = 0, frame = 104
 242              		@ frame_needed = 0, uses_anonymous_args = 0
 243 0000 70B5     		push	{r4, r5, r6, lr}
 244              		.cfi_def_cfa_offset 16
 245              		.cfi_offset 4, -16
 246              		.cfi_offset 5, -12
 247              		.cfi_offset 6, -8
 248              		.cfi_offset 14, -4
 249 0002 9AB0     		sub	sp, sp, #104
 250              		.cfi_def_cfa_offset 120
 251              	.LVL34:
  95:uartp_pend.c  ****     uint16 i;
  96:uartp_pend.c  ****     uint8  b_lo, b_hi;
  97:uartp_pend.c  ****     uint16 len;
  98:uartp_pend.c  ****     uint8  xsum_calc = 0u;
  99:uartp_pend.c  ****     uint8  xsum_recv;
 100:uartp_pend.c  ****     float  tmp_f;
 101:uartp_pend.c  ****     uint8  *pf = (uint8*)&tmp_f;
 102:uartp_pend.c  ****     float  coeffs[CTRL_COEF_COUNT];
 103:uartp_pend.c  ****     float  ref_inner, sat_min, sat_max;
 104:uartp_pend.c  ****     uint8  mode_inner, mode_outer;
 105:uartp_pend.c  **** 
 106:uartp_pend.c  ****     /* --- Leer longitud (2B LE) --- */
 107:uartp_pend.c  ****     b_lo = ll_wait_byte(WORD_TIMEOUT_MS);
 252              		.loc 1 107 0
 253 0004 4FF4FA70 		mov	r0, #500
 254 0008 FFF7FEFF 		bl	ll_wait_byte
 255              	.LVL35:
 256 000c 0446     		mov	r4, r0
 257              	.LVL36:
 108:uartp_pend.c  ****     b_hi = ll_wait_byte(WORD_TIMEOUT_MS);
 258              		.loc 1 108 0
 259 000e 4FF4FA70 		mov	r0, #500
 260 0012 FFF7FEFF 		bl	ll_wait_byte
 261              	.LVL37:
 109:uartp_pend.c  ****     if (b_lo == 0xFEu || b_hi == 0xFEu) { ll_putchar((uint8)'E'); return; }
 262              		.loc 1 109 0
 263 0016 FE2C     		cmp	r4, #254
 264 0018 01D0     		beq	.L22
 265              		.loc 1 109 0 is_stmt 0 discriminator 2
 266 001a FE28     		cmp	r0, #254
 267 001c 03D1     		bne	.L23
 268              	.L22:
 269              		.loc 1 109 0 discriminator 3
 270 001e 4520     		movs	r0, #69
 271              	.LVL38:
 272 0020 FFF7FEFF 		bl	ll_putchar
 273              	.LVL39:
 274 0024 CCE0     		b	.L21
 275              	.LVL40:
 276              	.L23:
 110:uartp_pend.c  **** 
 111:uartp_pend.c  ****     len = (uint16)b_lo | ((uint16)b_hi << 8u);
 277              		.loc 1 111 0 is_stmt 1
 278 0026 44EA0025 		orr	r5, r4, r0, lsl #8
 279 002a ADB2     		uxth	r5, r5
ARM GAS  C:\Users\user\AppData\Local\Temp\ccTkiMNg.s 			page 8


 280              	.LVL41:
 112:uartp_pend.c  ****     if (len != P_PAYLOAD_SZ) {
 281              		.loc 1 112 0
 282 002c D82D     		cmp	r5, #216
 283 002e 08D1     		bne	.L36
 284 0030 0025     		movs	r5, #0
 285              	.LVL42:
 286 0032 2C46     		mov	r4, r5
 287              	.LVL43:
 288 0034 16E0     		b	.L26
 289              	.LVL44:
 290              	.L27:
 113:uartp_pend.c  ****         /* Drainear y rechazar */
 114:uartp_pend.c  ****         for (i = 0u; i < len + 1u; i++) ll_wait_byte(50u);
 291              		.loc 1 114 0 discriminator 3
 292 0036 3220     		movs	r0, #50
 293 0038 FFF7FEFF 		bl	ll_wait_byte
 294              	.LVL45:
 295 003c 0134     		adds	r4, r4, #1
 296              	.LVL46:
 297 003e A4B2     		uxth	r4, r4
 298              	.LVL47:
 299 0040 00E0     		b	.L25
 300              	.LVL48:
 301              	.L36:
 302 0042 0024     		movs	r4, #0
 303              	.LVL49:
 304              	.L25:
 305              		.loc 1 114 0 is_stmt 0 discriminator 1
 306 0044 6B1C     		adds	r3, r5, #1
 307 0046 9C42     		cmp	r4, r3
 308 0048 F5D3     		bcc	.L27
 115:uartp_pend.c  ****         ll_putchar((uint8)'E');
 309              		.loc 1 115 0 is_stmt 1
 310 004a 4520     		movs	r0, #69
 311 004c FFF7FEFF 		bl	ll_putchar
 312              	.LVL50:
 116:uartp_pend.c  ****         return;
 313              		.loc 1 116 0
 314 0050 B6E0     		b	.L21
 315              	.LVL51:
 316              	.L28:
 117:uartp_pend.c  ****     }
 118:uartp_pend.c  **** 
 119:uartp_pend.c  ****     /* --- Leer payload con checksum XOR acumulado --- */
 120:uartp_pend.c  ****     for (i = 0u; i < P_PAYLOAD_SZ; i++) {
 121:uartp_pend.c  ****         s_p_buf[i] = ll_wait_byte(WORD_TIMEOUT_MS);
 317              		.loc 1 121 0 discriminator 3
 318 0052 4FF4FA70 		mov	r0, #500
 319 0056 FFF7FEFF 		bl	ll_wait_byte
 320              	.LVL52:
 321 005a 5A4B     		ldr	r3, .L39
 322 005c 1855     		strb	r0, [r3, r4]
 122:uartp_pend.c  ****         xsum_calc ^= s_p_buf[i];
 323              		.loc 1 122 0 discriminator 3
 324 005e 4540     		eors	r5, r5, r0
 325              	.LVL53:
ARM GAS  C:\Users\user\AppData\Local\Temp\ccTkiMNg.s 			page 9


 120:uartp_pend.c  ****         s_p_buf[i] = ll_wait_byte(WORD_TIMEOUT_MS);
 326              		.loc 1 120 0 discriminator 3
 327 0060 0134     		adds	r4, r4, #1
 328              	.LVL54:
 329 0062 A4B2     		uxth	r4, r4
 330              	.LVL55:
 331              	.L26:
 120:uartp_pend.c  ****         s_p_buf[i] = ll_wait_byte(WORD_TIMEOUT_MS);
 332              		.loc 1 120 0 is_stmt 0 discriminator 1
 333 0064 D72C     		cmp	r4, #215
 334 0066 F4D9     		bls	.L28
 123:uartp_pend.c  ****     }
 124:uartp_pend.c  **** 
 125:uartp_pend.c  ****     /* --- Verificar checksum --- */
 126:uartp_pend.c  ****     xsum_recv = ll_wait_byte(WORD_TIMEOUT_MS);
 335              		.loc 1 126 0 is_stmt 1
 336 0068 4FF4FA70 		mov	r0, #500
 337 006c FFF7FEFF 		bl	ll_wait_byte
 338              	.LVL56:
 127:uartp_pend.c  ****     if (xsum_recv != xsum_calc) {
 339              		.loc 1 127 0
 340 0070 8542     		cmp	r5, r0
 341 0072 03D0     		beq	.L29
 128:uartp_pend.c  ****         ll_putchar((uint8)'E');
 342              		.loc 1 128 0
 343 0074 4520     		movs	r0, #69
 344              	.LVL57:
 345 0076 FFF7FEFF 		bl	ll_putchar
 346              	.LVL58:
 129:uartp_pend.c  ****         return;
 347              		.loc 1 129 0
 348 007a A1E0     		b	.L21
 349              	.LVL59:
 350              	.L29:
 130:uartp_pend.c  ****     }
 131:uartp_pend.c  **** 
 132:uartp_pend.c  ****     /* --- Parsear modos, tipo numérico y flag de unidad de referencia --- */
 133:uartp_pend.c  ****     mode_inner = s_p_buf[0];
 351              		.loc 1 133 0
 352 007c 514D     		ldr	r5, .L39
 353              	.LVL60:
 354 007e 2E78     		ldrb	r6, [r5]	@ zero_extendqisi2
 355              	.LVL61:
 134:uartp_pend.c  ****     mode_outer = s_p_buf[1];
 356              		.loc 1 134 0
 357 0080 6C78     		ldrb	r4, [r5, #1]	@ zero_extendqisi2
 358              	.LVL62:
 135:uartp_pend.c  ****     ctrl_set_num_type(s_p_buf[2]);   /* byte[2]: CTRL_NUM_F32/F64/Q31/Q15/Q7 */
 359              		.loc 1 135 0
 360 0082 A878     		ldrb	r0, [r5, #2]	@ zero_extendqisi2
 361              	.LVL63:
 362 0084 FFF7FEFF 		bl	ctrl_set_num_type
 363              	.LVL64:
 136:uartp_pend.c  ****     g_ref_in_volts = s_p_buf[3];     /* byte[3] bitmask: bit0=ref en V->PWM, bit1=salida en V->PWM 
 364              		.loc 1 136 0
 365 0088 EB78     		ldrb	r3, [r5, #3]	@ zero_extendqisi2
 366 008a 85F8D830 		strb	r3, [r5, #216]
ARM GAS  C:\Users\user\AppData\Local\Temp\ccTkiMNg.s 			page 10


 137:uartp_pend.c  **** 
 138:uartp_pend.c  ****     /* --- Aplicar inner (bytes 4..103 = 25 float32) --- */
 139:uartp_pend.c  ****     ctrl_set_mode(PLANT_INNER, mode_inner);
 367              		.loc 1 139 0
 368 008e 3146     		mov	r1, r6
 369 0090 0020     		movs	r0, #0
 370 0092 FFF7FEFF 		bl	ctrl_set_mode
 371              	.LVL65:
 140:uartp_pend.c  ****     for (i = 0u; i < CTRL_COEF_COUNT; i++) {
 372              		.loc 1 140 0
 373 0096 0023     		movs	r3, #0
 374 0098 18E0     		b	.L30
 375              	.LVL66:
 376              	.L31:
 141:uartp_pend.c  ****         pf[0] = s_p_buf[4u  + i*4u];
 377              		.loc 1 141 0 discriminator 3
 378 009a 591C     		adds	r1, r3, #1
 379 009c 494A     		ldr	r2, .L39
 380 009e 12F82100 		ldrb	r0, [r2, r1, lsl #2]	@ zero_extendqisi2
 381 00a2 8DF86400 		strb	r0, [sp, #100]
 142:uartp_pend.c  ****         pf[1] = s_p_buf[5u  + i*4u];
 382              		.loc 1 142 0 discriminator 3
 383 00a6 9B00     		lsls	r3, r3, #2
 384              	.LVL67:
 385 00a8 581D     		adds	r0, r3, #5
 386 00aa 105C     		ldrb	r0, [r2, r0]	@ zero_extendqisi2
 387 00ac 8DF86500 		strb	r0, [sp, #101]
 143:uartp_pend.c  ****         pf[2] = s_p_buf[6u  + i*4u];
 388              		.loc 1 143 0 discriminator 3
 389 00b0 981D     		adds	r0, r3, #6
 390 00b2 105C     		ldrb	r0, [r2, r0]	@ zero_extendqisi2
 391 00b4 8DF86600 		strb	r0, [sp, #102]
 144:uartp_pend.c  ****         pf[3] = s_p_buf[7u  + i*4u];
 392              		.loc 1 144 0 discriminator 3
 393 00b8 D81D     		adds	r0, r3, #7
 394 00ba 125C     		ldrb	r2, [r2, r0]	@ zero_extendqisi2
 395 00bc 8DF86720 		strb	r2, [sp, #103]
 145:uartp_pend.c  ****         coeffs[i] = tmp_f;
 396              		.loc 1 145 0 discriminator 3
 397 00c0 1AAA     		add	r2, sp, #104
 398 00c2 1344     		add	r3, r3, r2
 399 00c4 199A     		ldr	r2, [sp, #100]	@ float
 400 00c6 43F8682C 		str	r2, [r3, #-104]	@ float
 140:uartp_pend.c  ****         pf[0] = s_p_buf[4u  + i*4u];
 401              		.loc 1 140 0 discriminator 3
 402 00ca 8BB2     		uxth	r3, r1
 403              	.LVL68:
 404              	.L30:
 140:uartp_pend.c  ****         pf[0] = s_p_buf[4u  + i*4u];
 405              		.loc 1 140 0 is_stmt 0 discriminator 1
 406 00cc 182B     		cmp	r3, #24
 407 00ce E4D9     		bls	.L31
 146:uartp_pend.c  ****     }
 147:uartp_pend.c  ****     ctrl_apply_coeffs(PLANT_INNER, coeffs, CTRL_COEF_COUNT);
 408              		.loc 1 147 0 is_stmt 1
 409 00d0 1922     		movs	r2, #25
 410 00d2 6946     		mov	r1, sp
ARM GAS  C:\Users\user\AppData\Local\Temp\ccTkiMNg.s 			page 11


 411 00d4 0020     		movs	r0, #0
 412 00d6 FFF7FEFF 		bl	ctrl_apply_coeffs
 413              	.LVL69:
 148:uartp_pend.c  **** 
 149:uartp_pend.c  ****     /* --- Aplicar outer (bytes 104..203 = 25 float32) --- */
 150:uartp_pend.c  ****     ctrl_set_mode(PLANT_OUTER, mode_outer);
 414              		.loc 1 150 0
 415 00da 2146     		mov	r1, r4
 416 00dc 0120     		movs	r0, #1
 417 00de FFF7FEFF 		bl	ctrl_set_mode
 418              	.LVL70:
 151:uartp_pend.c  ****     for (i = 0u; i < CTRL_COEF_COUNT; i++) {
 419              		.loc 1 151 0
 420 00e2 0023     		movs	r3, #0
 421 00e4 1DE0     		b	.L32
 422              	.LVL71:
 423              	.L33:
 152:uartp_pend.c  ****         pf[0] = s_p_buf[104u + i*4u];
 424              		.loc 1 152 0 discriminator 3
 425 00e6 03F11A02 		add	r2, r3, #26
 426 00ea 3649     		ldr	r1, .L39
 427 00ec 11F82220 		ldrb	r2, [r1, r2, lsl #2]	@ zero_extendqisi2
 428 00f0 8DF86420 		strb	r2, [sp, #100]
 153:uartp_pend.c  ****         pf[1] = s_p_buf[105u + i*4u];
 429              		.loc 1 153 0 discriminator 3
 430 00f4 9A00     		lsls	r2, r3, #2
 431 00f6 02F16900 		add	r0, r2, #105
 432 00fa 085C     		ldrb	r0, [r1, r0]	@ zero_extendqisi2
 433 00fc 8DF86500 		strb	r0, [sp, #101]
 154:uartp_pend.c  ****         pf[2] = s_p_buf[106u + i*4u];
 434              		.loc 1 154 0 discriminator 3
 435 0100 02F16A00 		add	r0, r2, #106
 436 0104 085C     		ldrb	r0, [r1, r0]	@ zero_extendqisi2
 437 0106 8DF86600 		strb	r0, [sp, #102]
 155:uartp_pend.c  ****         pf[3] = s_p_buf[107u + i*4u];
 438              		.loc 1 155 0 discriminator 3
 439 010a 02F16B00 		add	r0, r2, #107
 440 010e 095C     		ldrb	r1, [r1, r0]	@ zero_extendqisi2
 441 0110 8DF86710 		strb	r1, [sp, #103]
 156:uartp_pend.c  ****         coeffs[i] = tmp_f;
 442              		.loc 1 156 0 discriminator 3
 443 0114 1AA9     		add	r1, sp, #104
 444 0116 0A44     		add	r2, r2, r1
 445 0118 1999     		ldr	r1, [sp, #100]	@ float
 446 011a 42F8681C 		str	r1, [r2, #-104]	@ float
 151:uartp_pend.c  ****         pf[0] = s_p_buf[104u + i*4u];
 447              		.loc 1 151 0 discriminator 3
 448 011e 0133     		adds	r3, r3, #1
 449              	.LVL72:
 450 0120 9BB2     		uxth	r3, r3
 451              	.LVL73:
 452              	.L32:
 151:uartp_pend.c  ****         pf[0] = s_p_buf[104u + i*4u];
 453              		.loc 1 151 0 is_stmt 0 discriminator 1
 454 0122 182B     		cmp	r3, #24
 455 0124 DFD9     		bls	.L33
 157:uartp_pend.c  ****     }
ARM GAS  C:\Users\user\AppData\Local\Temp\ccTkiMNg.s 			page 12


 158:uartp_pend.c  ****     ctrl_apply_coeffs(PLANT_OUTER, coeffs, CTRL_COEF_COUNT);
 456              		.loc 1 158 0 is_stmt 1
 457 0126 1922     		movs	r2, #25
 458 0128 6946     		mov	r1, sp
 459 012a 0120     		movs	r0, #1
 460 012c FFF7FEFF 		bl	ctrl_apply_coeffs
 461              	.LVL74:
 159:uartp_pend.c  **** 
 160:uartp_pend.c  ****     /* --- ref_inner (bytes 204..207) --- */
 161:uartp_pend.c  ****     pf[0]=s_p_buf[204]; pf[1]=s_p_buf[205]; pf[2]=s_p_buf[206]; pf[3]=s_p_buf[207];
 462              		.loc 1 161 0
 463 0130 244C     		ldr	r4, .L39
 464              	.LVL75:
 465 0132 94F8CC30 		ldrb	r3, [r4, #204]	@ zero_extendqisi2
 466 0136 8DF86430 		strb	r3, [sp, #100]
 467 013a 94F8CD30 		ldrb	r3, [r4, #205]	@ zero_extendqisi2
 468 013e 8DF86530 		strb	r3, [sp, #101]
 469 0142 94F8CE30 		ldrb	r3, [r4, #206]	@ zero_extendqisi2
 470 0146 8DF86630 		strb	r3, [sp, #102]
 471 014a 94F8CF30 		ldrb	r3, [r4, #207]	@ zero_extendqisi2
 472 014e 8DF86730 		strb	r3, [sp, #103]
 162:uartp_pend.c  ****     ref_inner = tmp_f;
 473              		.loc 1 162 0
 474 0152 199D     		ldr	r5, [sp, #100]	@ float
 475              	.LVL76:
 163:uartp_pend.c  **** 
 164:uartp_pend.c  ****     /* --- sat_min (bytes 208..211) --- */
 165:uartp_pend.c  ****     pf[0]=s_p_buf[208]; pf[1]=s_p_buf[209]; pf[2]=s_p_buf[210]; pf[3]=s_p_buf[211];
 476              		.loc 1 165 0
 477 0154 94F8D030 		ldrb	r3, [r4, #208]	@ zero_extendqisi2
 478 0158 8DF86430 		strb	r3, [sp, #100]
 479 015c 94F8D130 		ldrb	r3, [r4, #209]	@ zero_extendqisi2
 480 0160 8DF86530 		strb	r3, [sp, #101]
 481 0164 94F8D230 		ldrb	r3, [r4, #210]	@ zero_extendqisi2
 482 0168 8DF86630 		strb	r3, [sp, #102]
 483 016c 94F8D330 		ldrb	r3, [r4, #211]	@ zero_extendqisi2
 484 0170 8DF86730 		strb	r3, [sp, #103]
 166:uartp_pend.c  ****     sat_min = tmp_f;
 485              		.loc 1 166 0
 486 0174 1998     		ldr	r0, [sp, #100]	@ float
 487              	.LVL77:
 167:uartp_pend.c  **** 
 168:uartp_pend.c  ****     /* --- sat_max (bytes 212..215) --- */
 169:uartp_pend.c  ****     pf[0]=s_p_buf[212]; pf[1]=s_p_buf[213]; pf[2]=s_p_buf[214]; pf[3]=s_p_buf[215];
 488              		.loc 1 169 0
 489 0176 94F8D430 		ldrb	r3, [r4, #212]	@ zero_extendqisi2
 490 017a 8DF86430 		strb	r3, [sp, #100]
 491 017e 94F8D530 		ldrb	r3, [r4, #213]	@ zero_extendqisi2
 492 0182 8DF86530 		strb	r3, [sp, #101]
 493 0186 94F8D630 		ldrb	r3, [r4, #214]	@ zero_extendqisi2
 494 018a 8DF86630 		strb	r3, [sp, #102]
 495 018e 94F8D730 		ldrb	r3, [r4, #215]	@ zero_extendqisi2
 496 0192 8DF86730 		strb	r3, [sp, #103]
 497              	.LVL78:
 170:uartp_pend.c  ****     sat_max = tmp_f;
 171:uartp_pend.c  **** 
 172:uartp_pend.c  ****     /* --- Aplicar saturación y guardar ref para ctrl_start() --- */
ARM GAS  C:\Users\user\AppData\Local\Temp\ccTkiMNg.s 			page 13


 173:uartp_pend.c  ****     ctrl_set_sat(sat_min, sat_max);
 498              		.loc 1 173 0
 499 0196 1999     		ldr	r1, [sp, #100]	@ float
 500 0198 FFF7FEFF 		bl	ctrl_set_sat
 501              	.LVL79:
 174:uartp_pend.c  ****     /* Convertir ref si bit0 activo (ref enviada en Voltios) */
 175:uartp_pend.c  ****     UARTP_PendingRef = (g_ref_in_volts & 0x01u) ?
 502              		.loc 1 175 0
 503 019c 94F8D830 		ldrb	r3, [r4, #216]	@ zero_extendqisi2
 176:uartp_pend.c  ****                        (float)PWM_Desde_Voltaje(ref_inner) :
 504              		.loc 1 176 0
 505 01a0 13F0010F 		tst	r3, #1
 506 01a4 05D0     		beq	.L37
 507              		.loc 1 176 0 is_stmt 0 discriminator 1
 508 01a6 2846     		mov	r0, r5
 509 01a8 FFF7FEFF 		bl	PWM_Desde_Voltaje
 510              	.LVL80:
 511 01ac FFF7FEFF 		bl	__aeabi_i2f
 512              	.LVL81:
 513 01b0 00E0     		b	.L34
 514              	.L37:
 515              		.loc 1 176 0
 516 01b2 2846     		mov	r0, r5
 517              	.L34:
 175:uartp_pend.c  ****                        (float)PWM_Desde_Voltaje(ref_inner) :
 518              		.loc 1 175 0 is_stmt 1
 519 01b4 034B     		ldr	r3, .L39
 520 01b6 C3F8DC00 		str	r0, [r3, #220]	@ float
 177:uartp_pend.c  ****                        ref_inner;
 178:uartp_pend.c  **** 
 179:uartp_pend.c  ****     ll_putchar((uint8)'K');
 521              		.loc 1 179 0
 522 01ba 4B20     		movs	r0, #75
 523 01bc FFF7FEFF 		bl	ll_putchar
 524              	.LVL82:
 525              	.L21:
 180:uartp_pend.c  **** }
 526              		.loc 1 180 0
 527 01c0 1AB0     		add	sp, sp, #104
 528              		.cfi_def_cfa_offset 16
 529              		@ sp needed
 530 01c2 70BD     		pop	{r4, r5, r6, pc}
 531              	.LVL83:
 532              	.L40:
 533              		.align	2
 534              	.L39:
 535 01c4 00000000 		.word	.LANCHOR0
 536              		.cfi_endproc
 537              	.LFE66:
 538              		.size	handle_cmd_p, .-handle_cmd_p
 539              		.section	.text.UARTP_Rx_ISR,"ax",%progbits
 540              		.align	2
 541              		.global	UARTP_Rx_ISR
 542              		.thumb
 543              		.thumb_func
 544              		.type	UARTP_Rx_ISR, %function
 545              	UARTP_Rx_ISR:
ARM GAS  C:\Users\user\AppData\Local\Temp\ccTkiMNg.s 			page 14


 546              	.LFB69:
 181:uartp_pend.c  **** 
 182:uartp_pend.c  **** /* ============================================================
 183:uartp_pend.c  ****    UARTP_Init()
 184:uartp_pend.c  ****    ============================================================ */
 185:uartp_pend.c  **** void UARTP_Init(void)
 186:uartp_pend.c  **** {
 187:uartp_pend.c  ****     UART_1_Start();
 188:uartp_pend.c  ****     isr_2_StartEx(UARTP_Rx_ISR);    /* conectar ISR al rx_interrupt de UART_1 */
 189:uartp_pend.c  ****     UARTP_SysMode  = UARTP_SYS_COMMAND;
 190:uartp_pend.c  ****     s_rx_state     = RX_IDLE;
 191:uartp_pend.c  ****     s_rx_ucnt      = 0u;
 192:uartp_pend.c  **** }
 193:uartp_pend.c  **** 
 194:uartp_pend.c  **** /* ============================================================
 195:uartp_pend.c  ****    UARTP_ProcessCommand()
 196:uartp_pend.c  ****    Procesa UN comando en modo COMMAND.
 197:uartp_pend.c  ****    Llamar repetidamente desde el loop principal.
 198:uartp_pend.c  ****    ============================================================ */
 199:uartp_pend.c  **** void UARTP_ProcessCommand(void)
 200:uartp_pend.c  **** {
 201:uartp_pend.c  ****     uint8 cmd;
 202:uartp_pend.c  ****     uint8 payload[4];
 203:uartp_pend.c  ****     float fs_hz;
 204:uartp_pend.c  ****     uint8 *pf;
 205:uartp_pend.c  **** 
 206:uartp_pend.c  ****     if (UART_1_GetRxBufferSize() == 0u) return;
 207:uartp_pend.c  **** 
 208:uartp_pend.c  ****     cmd = UART_1_ReadRxData();
 209:uartp_pend.c  **** 
 210:uartp_pend.c  ****     switch (cmd)
 211:uartp_pend.c  ****     {
 212:uartp_pend.c  ****         /* ---- Reset ---- */
 213:uartp_pend.c  ****         case (uint8)'r':
 214:uartp_pend.c  ****             Motor_Free();
 215:uartp_pend.c  ****             ctrl_stop();
 216:uartp_pend.c  ****             g_flag_control   = 0u;
 217:uartp_pend.c  ****             UARTP_SysMode    = UARTP_SYS_COMMAND;
 218:uartp_pend.c  ****             UARTP_PendingRef = 0.0f;
 219:uartp_pend.c  ****             s_rx_state       = RX_IDLE;
 220:uartp_pend.c  ****             ll_putchar((uint8)'K');
 221:uartp_pend.c  ****             break;
 222:uartp_pend.c  **** 
 223:uartp_pend.c  ****         /* ---- Calibrar reposo (180°): el operador deja el péndulo colgando
 224:uartp_pend.c  ****                 libremente y manda 'z'. El firmware almacena el conteo de
 225:uartp_pend.c  ****                 QuadDec_2 como referencia de π; pendulo_read calcula θ=0 al
 226:uartp_pend.c  ****                 rotar ±media vuelta desde ese punto (cualquier dirección). */
 227:uartp_pend.c  ****         case (uint8)'z':
 228:uartp_pend.c  ****             pendulo_calibrate_rest();
 229:uartp_pend.c  ****             ll_putchar((uint8)'K');
 230:uartp_pend.c  ****             break;
 231:uartp_pend.c  **** 
 232:uartp_pend.c  ****         /* ---- Set Fs_inner (compatibilidad) ---- */
 233:uartp_pend.c  ****         case (uint8)'f':
 234:uartp_pend.c  ****             ll_putchar((uint8)'R');
 235:uartp_pend.c  ****             if (ll_recv_word4(payload))
 236:uartp_pend.c  ****             {
ARM GAS  C:\Users\user\AppData\Local\Temp\ccTkiMNg.s 			page 15


 237:uartp_pend.c  ****                 pf    = (uint8*)&fs_hz;
 238:uartp_pend.c  ****                 pf[0] = payload[0]; pf[1] = payload[1];
 239:uartp_pend.c  ****                 pf[2] = payload[2]; pf[3] = payload[3];
 240:uartp_pend.c  ****                 /* Actualizar timer directamente */
 241:uartp_pend.c  ****                 if (fs_hz > 0.5f && fs_hz <= 10000.0f) {
 242:uartp_pend.c  ****                     uint32 period = (uint32)((float)TIMER_CLOCK_HZ / fs_hz) - 1u;
 243:uartp_pend.c  ****                     Timer_1_Stop();
 244:uartp_pend.c  ****                     Timer_1_WritePeriod(period);
 245:uartp_pend.c  ****                     Timer_1_Start();
 246:uartp_pend.c  ****                 }
 247:uartp_pend.c  ****                 ll_putchar((uint8)'K');
 248:uartp_pend.c  ****             }
 249:uartp_pend.c  ****             else
 250:uartp_pend.c  ****             {
 251:uartp_pend.c  ****                 ll_putchar((uint8)'!');
 252:uartp_pend.c  ****             }
 253:uartp_pend.c  ****             break;
 254:uartp_pend.c  **** 
 255:uartp_pend.c  ****         /* ---- Set params (NUEVO v6) ---- */
 256:uartp_pend.c  ****         case (uint8)'p':
 257:uartp_pend.c  ****             handle_cmd_p();
 258:uartp_pend.c  ****             break;
 259:uartp_pend.c  **** 
 260:uartp_pend.c  ****         /* ---- Verificar params almacenados (eco de s_p_buf) ---- */
 261:uartp_pend.c  ****         /* MATLAB envía 'v' tras 'p' para confirmar que el PSoC almacenó         */
 262:uartp_pend.c  ****         /* exactamente lo que se envió. PSoC responde: [216 bytes] + [xsum XOR]. */
 263:uartp_pend.c  ****         case (uint8)'v':
 264:uartp_pend.c  ****         {
 265:uartp_pend.c  ****             uint16 vi;
 266:uartp_pend.c  ****             uint8  vxs = 0u;
 267:uartp_pend.c  ****             for (vi = 0u; vi < P_PAYLOAD_SZ; vi++) {
 268:uartp_pend.c  ****                 ll_putchar(s_p_buf[vi]);
 269:uartp_pend.c  ****                 vxs ^= s_p_buf[vi];
 270:uartp_pend.c  ****             }
 271:uartp_pend.c  ****             ll_putchar(vxs);   /* checksum del payload almacenado */
 272:uartp_pend.c  ****             break;
 273:uartp_pend.c  ****         }
 274:uartp_pend.c  **** 
 275:uartp_pend.c  ****         /* ---- Iniciar STREAM (control en PSoC) ---- */
 276:uartp_pend.c  ****         case (uint8)'i':
 277:uartp_pend.c  ****             Motor_Free();
 278:uartp_pend.c  ****             g_flag_control = 0u;
 279:uartp_pend.c  ****             s_rx_state     = RX_IDLE;
 280:uartp_pend.c  ****             s_rx_ucnt      = 0u;
 281:uartp_pend.c  ****             ctrl_start(UARTP_PendingRef);
 282:uartp_pend.c  ****             UARTP_SysMode  = UARTP_SYS_CONTROL;
 283:uartp_pend.c  ****             ll_putchar((uint8)'K');
 284:uartp_pend.c  ****             break;
 285:uartp_pend.c  **** 
 286:uartp_pend.c  ****         /* ---- Stop ---- */
 287:uartp_pend.c  ****         case (uint8)'s':
 288:uartp_pend.c  ****             Motor_Free();
 289:uartp_pend.c  ****             ctrl_stop();
 290:uartp_pend.c  ****             UARTP_SysMode = UARTP_SYS_COMMAND;
 291:uartp_pend.c  ****             ll_putchar((uint8)'K');
 292:uartp_pend.c  ****             break;
 293:uartp_pend.c  **** 
ARM GAS  C:\Users\user\AppData\Local\Temp\ccTkiMNg.s 			page 16


 294:uartp_pend.c  ****         default:
 295:uartp_pend.c  ****             break;
 296:uartp_pend.c  ****     }
 297:uartp_pend.c  **** }
 298:uartp_pend.c  **** 
 299:uartp_pend.c  **** /* ============================================================
 300:uartp_pend.c  ****    UARTP_Rx_ISR()
 301:uartp_pend.c  ****    ISR conectado a isr_2 → UART_1 rx_interrupt.
 302:uartp_pend.c  ****    Se ejecuta inmediatamente al llegar cada byte en STREAM mode.
 303:uartp_pend.c  ****    En COMMAND mode: no consume bytes (los deja en el buffer de UART_1
 304:uartp_pend.c  ****    para que UARTP_ProcessCommand los procese).
 305:uartp_pend.c  **** 
 306:uartp_pend.c  ****    Protocolo STREAM:
 307:uartp_pend.c  ****      's'            → stop inmediato + 'K' + vuelve a COMMAND
 308:uartp_pend.c  ****      'u' + [4B f32] → actualizar ref_inner live (sin respuesta)
 309:uartp_pend.c  ****    ============================================================ */
 310:uartp_pend.c  **** CY_ISR(UARTP_Rx_ISR)
 311:uartp_pend.c  **** {
 547              		.loc 1 311 0
 548              		.cfi_startproc
 549              		@ args = 0, pretend = 0, frame = 8
 550              		@ frame_needed = 0, uses_anonymous_args = 0
 551              	.LVL84:
 312:uartp_pend.c  ****     uint8  b;
 313:uartp_pend.c  ****     float  ref_val;
 314:uartp_pend.c  ****     uint8 *pf = (uint8*)&ref_val;
 315:uartp_pend.c  **** 
 316:uartp_pend.c  ****     if (UARTP_SysMode != UARTP_SYS_CONTROL) return;
 552              		.loc 1 316 0
 553 0000 2F4B     		ldr	r3, .L53
 554 0002 93F8E030 		ldrb	r3, [r3, #224]	@ zero_extendqisi2
 555 0006 DBB2     		uxtb	r3, r3
 556 0008 012B     		cmp	r3, #1
 557 000a 58D1     		bne	.L52
 311:uartp_pend.c  ****     uint8  b;
 558              		.loc 1 311 0
 559 000c 30B5     		push	{r4, r5, lr}
 560              		.cfi_def_cfa_offset 12
 561              		.cfi_offset 4, -12
 562              		.cfi_offset 5, -8
 563              		.cfi_offset 14, -4
 564 000e 83B0     		sub	sp, sp, #12
 565              		.cfi_def_cfa_offset 24
 566 0010 4FE0     		b	.L43
 567              	.L49:
 317:uartp_pend.c  **** 
 318:uartp_pend.c  ****     while (UART_1_GetRxBufferSize() > 0u)
 319:uartp_pend.c  ****     {
 320:uartp_pend.c  ****         b = UART_1_ReadRxData();
 568              		.loc 1 320 0
 569 0012 FFF7FEFF 		bl	UART_1_ReadRxData
 570              	.LVL85:
 321:uartp_pend.c  **** 
 322:uartp_pend.c  ****         if (s_rx_state == RX_IDLE)
 571              		.loc 1 322 0
 572 0016 2A4B     		ldr	r3, .L53
 573 0018 93F8E130 		ldrb	r3, [r3, #225]	@ zero_extendqisi2
ARM GAS  C:\Users\user\AppData\Local\Temp\ccTkiMNg.s 			page 17


 574 001c CBB9     		cbnz	r3, .L44
 323:uartp_pend.c  ****         {
 324:uartp_pend.c  ****             if (b == (uint8)'s')
 575              		.loc 1 324 0
 576 001e 7328     		cmp	r0, #115
 577 0020 0DD1     		bne	.L45
 325:uartp_pend.c  ****             {
 326:uartp_pend.c  ****                 Motor_Free();
 578              		.loc 1 326 0
 579 0022 FFF7FEFF 		bl	Motor_Free
 580              	.LVL86:
 327:uartp_pend.c  ****                 ctrl_stop();
 581              		.loc 1 327 0
 582 0026 FFF7FEFF 		bl	ctrl_stop
 583              	.LVL87:
 328:uartp_pend.c  ****                 UARTP_SysMode = UARTP_SYS_COMMAND;
 584              		.loc 1 328 0
 585 002a 254C     		ldr	r4, .L53
 586 002c 0025     		movs	r5, #0
 587 002e 84F8E050 		strb	r5, [r4, #224]
 329:uartp_pend.c  ****                 ll_putchar((uint8)'K');
 588              		.loc 1 329 0
 589 0032 4B20     		movs	r0, #75
 590 0034 FFF7FEFF 		bl	ll_putchar
 591              	.LVL88:
 330:uartp_pend.c  ****                 s_rx_state = RX_IDLE;
 592              		.loc 1 330 0
 593 0038 84F8E150 		strb	r5, [r4, #225]
 331:uartp_pend.c  ****                 return;
 594              		.loc 1 331 0
 595 003c 3DE0     		b	.L41
 596              	.LVL89:
 597              	.L45:
 332:uartp_pend.c  ****             }
 333:uartp_pend.c  ****             else if (b == (uint8)'u')
 598              		.loc 1 333 0
 599 003e 7528     		cmp	r0, #117
 600 0040 37D1     		bne	.L43
 334:uartp_pend.c  ****             {
 335:uartp_pend.c  ****                 s_rx_state = RX_GOT_U;
 601              		.loc 1 335 0
 602 0042 1F4B     		ldr	r3, .L53
 603 0044 0122     		movs	r2, #1
 604 0046 83F8E120 		strb	r2, [r3, #225]
 336:uartp_pend.c  ****                 s_rx_ucnt  = 0u;
 605              		.loc 1 336 0
 606 004a 0022     		movs	r2, #0
 607 004c 83F8E220 		strb	r2, [r3, #226]
 608 0050 2FE0     		b	.L43
 609              	.L44:
 337:uartp_pend.c  ****             }
 338:uartp_pend.c  ****             /* otros bytes: ignorar */
 339:uartp_pend.c  ****         }
 340:uartp_pend.c  ****         else  /* RX_GOT_U: acumulando 4 bytes del nuevo ref */
 341:uartp_pend.c  ****         {
 342:uartp_pend.c  ****             s_rx_ubuf[s_rx_ucnt++] = b;
 610              		.loc 1 342 0
ARM GAS  C:\Users\user\AppData\Local\Temp\ccTkiMNg.s 			page 18


 611 0052 1B49     		ldr	r1, .L53
 612 0054 91F8E220 		ldrb	r2, [r1, #226]	@ zero_extendqisi2
 613 0058 531C     		adds	r3, r2, #1
 614 005a DBB2     		uxtb	r3, r3
 615 005c 81F8E230 		strb	r3, [r1, #226]
 616 0060 0A44     		add	r2, r2, r1
 617 0062 82F8E400 		strb	r0, [r2, #228]
 343:uartp_pend.c  ****             if (s_rx_ucnt >= 4u)
 618              		.loc 1 343 0
 619 0066 032B     		cmp	r3, #3
 620 0068 23D9     		bls	.L43
 344:uartp_pend.c  ****             {
 345:uartp_pend.c  ****                 pf[0]=s_rx_ubuf[0]; pf[1]=s_rx_ubuf[1];
 621              		.loc 1 345 0
 622 006a 91F8E420 		ldrb	r2, [r1, #228]	@ zero_extendqisi2
 623 006e 8DF80420 		strb	r2, [sp, #4]
 624 0072 91F8E520 		ldrb	r2, [r1, #229]	@ zero_extendqisi2
 625 0076 8DF80520 		strb	r2, [sp, #5]
 346:uartp_pend.c  ****                 pf[2]=s_rx_ubuf[2]; pf[3]=s_rx_ubuf[3];
 626              		.loc 1 346 0
 627 007a 91F8E620 		ldrb	r2, [r1, #230]	@ zero_extendqisi2
 628 007e 8DF80620 		strb	r2, [sp, #6]
 629 0082 91F8E720 		ldrb	r2, [r1, #231]	@ zero_extendqisi2
 630 0086 8DF80720 		strb	r2, [sp, #7]
 347:uartp_pend.c  ****                 /* Convertir ref si bit0 activo (ref enviada en Voltios) */
 348:uartp_pend.c  ****                 if (g_ref_in_volts & 0x01u)
 631              		.loc 1 348 0
 632 008a 91F8D830 		ldrb	r3, [r1, #216]	@ zero_extendqisi2
 633 008e 13F0010F 		tst	r3, #1
 634 0092 07D0     		beq	.L47
 349:uartp_pend.c  ****                     ctrl_update_ref((float)PWM_Desde_Voltaje(ref_val));
 635              		.loc 1 349 0
 636 0094 0198     		ldr	r0, [sp, #4]	@ float
 637              	.LVL90:
 638 0096 FFF7FEFF 		bl	PWM_Desde_Voltaje
 639              	.LVL91:
 640 009a FFF7FEFF 		bl	__aeabi_i2f
 641              	.LVL92:
 642 009e FFF7FEFF 		bl	ctrl_update_ref
 643              	.LVL93:
 644 00a2 02E0     		b	.L48
 645              	.LVL94:
 646              	.L47:
 350:uartp_pend.c  ****                 else
 351:uartp_pend.c  ****                     ctrl_update_ref(ref_val);
 647              		.loc 1 351 0
 648 00a4 0198     		ldr	r0, [sp, #4]	@ float
 649              	.LVL95:
 650 00a6 FFF7FEFF 		bl	ctrl_update_ref
 651              	.LVL96:
 652              	.L48:
 352:uartp_pend.c  ****                 s_rx_state = RX_IDLE;
 653              		.loc 1 352 0
 654 00aa 0022     		movs	r2, #0
 655 00ac 044B     		ldr	r3, .L53
 656 00ae 83F8E120 		strb	r2, [r3, #225]
 657              	.L43:
ARM GAS  C:\Users\user\AppData\Local\Temp\ccTkiMNg.s 			page 19


 318:uartp_pend.c  ****     {
 658              		.loc 1 318 0
 659 00b2 FFF7FEFF 		bl	UART_1_GetRxBufferSize
 660              	.LVL97:
 661 00b6 0028     		cmp	r0, #0
 662 00b8 ABD1     		bne	.L49
 663              	.L41:
 353:uartp_pend.c  ****             }
 354:uartp_pend.c  ****         }
 355:uartp_pend.c  ****     }
 356:uartp_pend.c  **** }
 664              		.loc 1 356 0
 665 00ba 03B0     		add	sp, sp, #12
 666              		.cfi_def_cfa_offset 12
 667              		@ sp needed
 668 00bc 30BD     		pop	{r4, r5, pc}
 669              	.LVL98:
 670              	.L52:
 671              		.cfi_def_cfa_offset 0
 672              		.cfi_restore 4
 673              		.cfi_restore 5
 674              		.cfi_restore 14
 675 00be 7047     		bx	lr
 676              	.L54:
 677              		.align	2
 678              	.L53:
 679 00c0 00000000 		.word	.LANCHOR0
 680              		.cfi_endproc
 681              	.LFE69:
 682              		.size	UARTP_Rx_ISR, .-UARTP_Rx_ISR
 683              		.section	.text.UARTP_Init,"ax",%progbits
 684              		.align	2
 685              		.global	UARTP_Init
 686              		.thumb
 687              		.thumb_func
 688              		.type	UARTP_Init, %function
 689              	UARTP_Init:
 690              	.LFB67:
 186:uartp_pend.c  ****     UART_1_Start();
 691              		.loc 1 186 0
 692              		.cfi_startproc
 693              		@ args = 0, pretend = 0, frame = 0
 694              		@ frame_needed = 0, uses_anonymous_args = 0
 695 0000 08B5     		push	{r3, lr}
 696              		.cfi_def_cfa_offset 8
 697              		.cfi_offset 3, -8
 698              		.cfi_offset 14, -4
 187:uartp_pend.c  ****     isr_2_StartEx(UARTP_Rx_ISR);    /* conectar ISR al rx_interrupt de UART_1 */
 699              		.loc 1 187 0
 700 0002 FFF7FEFF 		bl	UART_1_Start
 701              	.LVL99:
 188:uartp_pend.c  ****     UARTP_SysMode  = UARTP_SYS_COMMAND;
 702              		.loc 1 188 0
 703 0006 0648     		ldr	r0, .L57
 704 0008 FFF7FEFF 		bl	isr_2_StartEx
 705              	.LVL100:
 189:uartp_pend.c  ****     s_rx_state     = RX_IDLE;
ARM GAS  C:\Users\user\AppData\Local\Temp\ccTkiMNg.s 			page 20


 706              		.loc 1 189 0
 707 000c 054B     		ldr	r3, .L57+4
 708 000e 0022     		movs	r2, #0
 709 0010 83F8E020 		strb	r2, [r3, #224]
 190:uartp_pend.c  ****     s_rx_ucnt      = 0u;
 710              		.loc 1 190 0
 711 0014 83F8E120 		strb	r2, [r3, #225]
 191:uartp_pend.c  **** }
 712              		.loc 1 191 0
 713 0018 83F8E220 		strb	r2, [r3, #226]
 714 001c 08BD     		pop	{r3, pc}
 715              	.L58:
 716 001e 00BF     		.align	2
 717              	.L57:
 718 0020 00000000 		.word	UARTP_Rx_ISR
 719 0024 00000000 		.word	.LANCHOR0
 720              		.cfi_endproc
 721              	.LFE67:
 722              		.size	UARTP_Init, .-UARTP_Init
 723              		.global	__aeabi_fcmpgt
 724              		.global	__aeabi_fcmple
 725              		.global	__aeabi_fdiv
 726              		.global	__aeabi_f2uiz
 727              		.section	.text.UARTP_ProcessCommand,"ax",%progbits
 728              		.align	2
 729              		.global	UARTP_ProcessCommand
 730              		.thumb
 731              		.thumb_func
 732              		.type	UARTP_ProcessCommand, %function
 733              	UARTP_ProcessCommand:
 734              	.LFB68:
 200:uartp_pend.c  ****     uint8 cmd;
 735              		.loc 1 200 0
 736              		.cfi_startproc
 737              		@ args = 0, pretend = 0, frame = 8
 738              		@ frame_needed = 0, uses_anonymous_args = 0
 739 0000 70B5     		push	{r4, r5, r6, lr}
 740              		.cfi_def_cfa_offset 16
 741              		.cfi_offset 4, -16
 742              		.cfi_offset 5, -12
 743              		.cfi_offset 6, -8
 744              		.cfi_offset 14, -4
 745 0002 82B0     		sub	sp, sp, #8
 746              		.cfi_def_cfa_offset 24
 206:uartp_pend.c  **** 
 747              		.loc 1 206 0
 748 0004 FFF7FEFF 		bl	UART_1_GetRxBufferSize
 749              	.LVL101:
 750 0008 0028     		cmp	r0, #0
 751 000a 00F09980 		beq	.L59
 208:uartp_pend.c  **** 
 752              		.loc 1 208 0
 753 000e FFF7FEFF 		bl	UART_1_ReadRxData
 754              	.LVL102:
 210:uartp_pend.c  ****     {
 755              		.loc 1 210 0
 756 0012 6638     		subs	r0, r0, #102
ARM GAS  C:\Users\user\AppData\Local\Temp\ccTkiMNg.s 			page 21


 757              	.LVL103:
 758 0014 1428     		cmp	r0, #20
 759 0016 00F29380 		bhi	.L59
 760 001a DFE800F0 		tbb	[pc, r0]
 761              	.L63:
 762 001e 24       		.byte	(.L62-.L63)/2
 763 001f 91       		.byte	(.L59-.L63)/2
 764 0020 91       		.byte	(.L59-.L63)/2
 765 0021 71       		.byte	(.L64-.L63)/2
 766 0022 91       		.byte	(.L59-.L63)/2
 767 0023 91       		.byte	(.L59-.L63)/2
 768 0024 91       		.byte	(.L59-.L63)/2
 769 0025 91       		.byte	(.L59-.L63)/2
 770 0026 91       		.byte	(.L59-.L63)/2
 771 0027 91       		.byte	(.L59-.L63)/2
 772 0028 5D       		.byte	(.L65-.L63)/2
 773 0029 91       		.byte	(.L59-.L63)/2
 774 002a 0B       		.byte	(.L66-.L63)/2
 775 002b 86       		.byte	(.L67-.L63)/2
 776 002c 91       		.byte	(.L59-.L63)/2
 777 002d 91       		.byte	(.L59-.L63)/2
 778 002e 69       		.byte	(.L76-.L63)/2
 779 002f 91       		.byte	(.L59-.L63)/2
 780 0030 91       		.byte	(.L59-.L63)/2
 781 0031 91       		.byte	(.L59-.L63)/2
 782 0032 1E       		.byte	(.L69-.L63)/2
 783 0033 00       		.p2align 1
 784              	.L66:
 214:uartp_pend.c  ****             ctrl_stop();
 785              		.loc 1 214 0
 786 0034 FFF7FEFF 		bl	Motor_Free
 787              	.LVL104:
 215:uartp_pend.c  ****             g_flag_control   = 0u;
 788              		.loc 1 215 0
 789 0038 FFF7FEFF 		bl	ctrl_stop
 790              	.LVL105:
 216:uartp_pend.c  ****             UARTP_SysMode    = UARTP_SYS_COMMAND;
 791              		.loc 1 216 0
 792 003c 0022     		movs	r2, #0
 793 003e 414B     		ldr	r3, .L80
 794 0040 1A70     		strb	r2, [r3]
 217:uartp_pend.c  ****             UARTP_PendingRef = 0.0f;
 795              		.loc 1 217 0
 796 0042 414B     		ldr	r3, .L80+4
 797 0044 83F8E020 		strb	r2, [r3, #224]
 218:uartp_pend.c  ****             s_rx_state       = RX_IDLE;
 798              		.loc 1 218 0
 799 0048 0021     		movs	r1, #0
 800 004a C3F8DC10 		str	r1, [r3, #220]	@ float
 219:uartp_pend.c  ****             ll_putchar((uint8)'K');
 801              		.loc 1 219 0
 802 004e 83F8E120 		strb	r2, [r3, #225]
 220:uartp_pend.c  ****             break;
 803              		.loc 1 220 0
 804 0052 4B20     		movs	r0, #75
 805 0054 FFF7FEFF 		bl	ll_putchar
 806              	.LVL106:
ARM GAS  C:\Users\user\AppData\Local\Temp\ccTkiMNg.s 			page 22


 221:uartp_pend.c  **** 
 807              		.loc 1 221 0
 808 0058 72E0     		b	.L59
 809              	.L69:
 228:uartp_pend.c  ****             ll_putchar((uint8)'K');
 810              		.loc 1 228 0
 811 005a FFF7FEFF 		bl	pendulo_calibrate_rest
 812              	.LVL107:
 229:uartp_pend.c  ****             break;
 813              		.loc 1 229 0
 814 005e 4B20     		movs	r0, #75
 815 0060 FFF7FEFF 		bl	ll_putchar
 816              	.LVL108:
 230:uartp_pend.c  **** 
 817              		.loc 1 230 0
 818 0064 6CE0     		b	.L59
 819              	.L62:
 234:uartp_pend.c  ****             if (ll_recv_word4(payload))
 820              		.loc 1 234 0
 821 0066 5220     		movs	r0, #82
 822 0068 FFF7FEFF 		bl	ll_putchar
 823              	.LVL109:
 235:uartp_pend.c  ****             {
 824              		.loc 1 235 0
 825 006c 01A8     		add	r0, sp, #4
 826 006e FFF7FEFF 		bl	ll_recv_word4
 827              	.LVL110:
 828 0072 68B3     		cbz	r0, .L70
 829              	.LVL111:
 238:uartp_pend.c  ****                 pf[2] = payload[2]; pf[3] = payload[3];
 830              		.loc 1 238 0
 831 0074 9DF80430 		ldrb	r3, [sp, #4]	@ zero_extendqisi2
 832 0078 8DF80030 		strb	r3, [sp]
 833 007c 9DF80530 		ldrb	r3, [sp, #5]	@ zero_extendqisi2
 834 0080 8DF80130 		strb	r3, [sp, #1]
 239:uartp_pend.c  ****                 /* Actualizar timer directamente */
 835              		.loc 1 239 0
 836 0084 9DF80630 		ldrb	r3, [sp, #6]	@ zero_extendqisi2
 837 0088 8DF80230 		strb	r3, [sp, #2]
 838 008c 9DF80730 		ldrb	r3, [sp, #7]	@ zero_extendqisi2
 839 0090 8DF80330 		strb	r3, [sp, #3]
 241:uartp_pend.c  ****                     uint32 period = (uint32)((float)TIMER_CLOCK_HZ / fs_hz) - 1u;
 840              		.loc 1 241 0
 841 0094 009C     		ldr	r4, [sp]	@ float
 842 0096 4FF07C51 		mov	r1, #1056964608
 843 009a 2046     		mov	r0, r4
 844 009c FFF7FEFF 		bl	__aeabi_fcmpgt
 845              	.LVL112:
 846 00a0 90B1     		cbz	r0, .L71
 241:uartp_pend.c  ****                     uint32 period = (uint32)((float)TIMER_CLOCK_HZ / fs_hz) - 1u;
 847              		.loc 1 241 0 is_stmt 0 discriminator 1
 848 00a2 2A49     		ldr	r1, .L80+8
 849 00a4 2046     		mov	r0, r4
 850 00a6 FFF7FEFF 		bl	__aeabi_fcmple
 851              	.LVL113:
 852 00aa 68B1     		cbz	r0, .L71
 853              	.LBB2:
ARM GAS  C:\Users\user\AppData\Local\Temp\ccTkiMNg.s 			page 23


 242:uartp_pend.c  ****                     Timer_1_Stop();
 854              		.loc 1 242 0 is_stmt 1
 855 00ac 2146     		mov	r1, r4
 856 00ae 2848     		ldr	r0, .L80+12
 857 00b0 FFF7FEFF 		bl	__aeabi_fdiv
 858              	.LVL114:
 859 00b4 FFF7FEFF 		bl	__aeabi_f2uiz
 860              	.LVL115:
 861 00b8 441E     		subs	r4, r0, #1
 862              	.LVL116:
 243:uartp_pend.c  ****                     Timer_1_WritePeriod(period);
 863              		.loc 1 243 0
 864 00ba FFF7FEFF 		bl	Timer_1_Stop
 865              	.LVL117:
 244:uartp_pend.c  ****                     Timer_1_Start();
 866              		.loc 1 244 0
 867 00be 2046     		mov	r0, r4
 868 00c0 FFF7FEFF 		bl	Timer_1_WritePeriod
 869              	.LVL118:
 245:uartp_pend.c  ****                 }
 870              		.loc 1 245 0
 871 00c4 FFF7FEFF 		bl	Timer_1_Start
 872              	.LVL119:
 873              	.L71:
 874              	.LBE2:
 247:uartp_pend.c  ****             }
 875              		.loc 1 247 0
 876 00c8 4B20     		movs	r0, #75
 877 00ca FFF7FEFF 		bl	ll_putchar
 878              	.LVL120:
 879 00ce 37E0     		b	.L59
 880              	.LVL121:
 881              	.L70:
 251:uartp_pend.c  ****             }
 882              		.loc 1 251 0
 883 00d0 2120     		movs	r0, #33
 884 00d2 FFF7FEFF 		bl	ll_putchar
 885              	.LVL122:
 886 00d6 33E0     		b	.L59
 887              	.L65:
 257:uartp_pend.c  ****             break;
 888              		.loc 1 257 0
 889 00d8 FFF7FEFF 		bl	handle_cmd_p
 890              	.LVL123:
 258:uartp_pend.c  **** 
 891              		.loc 1 258 0
 892 00dc 30E0     		b	.L59
 893              	.LVL124:
 894              	.L74:
 895              	.LBB3:
 268:uartp_pend.c  ****                 vxs ^= s_p_buf[vi];
 896              		.loc 1 268 0 discriminator 3
 897 00de 1A4D     		ldr	r5, .L80+4
 898 00e0 285D     		ldrb	r0, [r5, r4]	@ zero_extendqisi2
 899 00e2 FFF7FEFF 		bl	ll_putchar
 900              	.LVL125:
 269:uartp_pend.c  ****             }
ARM GAS  C:\Users\user\AppData\Local\Temp\ccTkiMNg.s 			page 24


 901              		.loc 1 269 0 discriminator 3
 902 00e6 2B5D     		ldrb	r3, [r5, r4]	@ zero_extendqisi2
 903 00e8 5E40     		eors	r6, r6, r3
 904              	.LVL126:
 267:uartp_pend.c  ****                 ll_putchar(s_p_buf[vi]);
 905              		.loc 1 267 0 discriminator 3
 906 00ea 0134     		adds	r4, r4, #1
 907              	.LVL127:
 908 00ec A4B2     		uxth	r4, r4
 909              	.LVL128:
 910 00ee 01E0     		b	.L68
 911              	.LVL129:
 912              	.L76:
 913              	.LBE3:
 210:uartp_pend.c  ****     {
 914              		.loc 1 210 0
 915 00f0 0026     		movs	r6, #0
 916 00f2 3446     		mov	r4, r6
 917              	.L68:
 918              	.LVL130:
 919              	.LBB4:
 267:uartp_pend.c  ****                 ll_putchar(s_p_buf[vi]);
 920              		.loc 1 267 0 discriminator 1
 921 00f4 D72C     		cmp	r4, #215
 922 00f6 F2D9     		bls	.L74
 271:uartp_pend.c  ****             break;
 923              		.loc 1 271 0
 924 00f8 3046     		mov	r0, r6
 925 00fa FFF7FEFF 		bl	ll_putchar
 926              	.LVL131:
 272:uartp_pend.c  ****         }
 927              		.loc 1 272 0
 928 00fe 1FE0     		b	.L59
 929              	.LVL132:
 930              	.L64:
 931              	.LBE4:
 277:uartp_pend.c  ****             g_flag_control = 0u;
 932              		.loc 1 277 0
 933 0100 FFF7FEFF 		bl	Motor_Free
 934              	.LVL133:
 278:uartp_pend.c  ****             s_rx_state     = RX_IDLE;
 935              		.loc 1 278 0
 936 0104 0023     		movs	r3, #0
 937 0106 0F4A     		ldr	r2, .L80
 938 0108 1370     		strb	r3, [r2]
 279:uartp_pend.c  ****             s_rx_ucnt      = 0u;
 939              		.loc 1 279 0
 940 010a 0F4C     		ldr	r4, .L80+4
 941 010c 84F8E130 		strb	r3, [r4, #225]
 280:uartp_pend.c  ****             ctrl_start(UARTP_PendingRef);
 942              		.loc 1 280 0
 943 0110 84F8E230 		strb	r3, [r4, #226]
 281:uartp_pend.c  ****             UARTP_SysMode  = UARTP_SYS_CONTROL;
 944              		.loc 1 281 0
 945 0114 D4F8DC00 		ldr	r0, [r4, #220]	@ float
 946 0118 FFF7FEFF 		bl	ctrl_start
 947              	.LVL134:
ARM GAS  C:\Users\user\AppData\Local\Temp\ccTkiMNg.s 			page 25


 282:uartp_pend.c  ****             ll_putchar((uint8)'K');
 948              		.loc 1 282 0
 949 011c 0123     		movs	r3, #1
 950 011e 84F8E030 		strb	r3, [r4, #224]
 283:uartp_pend.c  ****             break;
 951              		.loc 1 283 0
 952 0122 4B20     		movs	r0, #75
 953 0124 FFF7FEFF 		bl	ll_putchar
 954              	.LVL135:
 284:uartp_pend.c  **** 
 955              		.loc 1 284 0
 956 0128 0AE0     		b	.L59
 957              	.L67:
 288:uartp_pend.c  ****             ctrl_stop();
 958              		.loc 1 288 0
 959 012a FFF7FEFF 		bl	Motor_Free
 960              	.LVL136:
 289:uartp_pend.c  ****             UARTP_SysMode = UARTP_SYS_COMMAND;
 961              		.loc 1 289 0
 962 012e FFF7FEFF 		bl	ctrl_stop
 963              	.LVL137:
 290:uartp_pend.c  ****             ll_putchar((uint8)'K');
 964              		.loc 1 290 0
 965 0132 0022     		movs	r2, #0
 966 0134 044B     		ldr	r3, .L80+4
 967 0136 83F8E020 		strb	r2, [r3, #224]
 291:uartp_pend.c  ****             break;
 968              		.loc 1 291 0
 969 013a 4B20     		movs	r0, #75
 970 013c FFF7FEFF 		bl	ll_putchar
 971              	.LVL138:
 972              	.L59:
 297:uartp_pend.c  **** 
 973              		.loc 1 297 0
 974 0140 02B0     		add	sp, sp, #8
 975              		.cfi_def_cfa_offset 16
 976              		@ sp needed
 977 0142 70BD     		pop	{r4, r5, r6, pc}
 978              	.L81:
 979              		.align	2
 980              	.L80:
 981 0144 00000000 		.word	g_flag_control
 982 0148 00000000 		.word	.LANCHOR0
 983 014c 00401C46 		.word	1176256512
 984 0150 001BB74B 		.word	1270291200
 985              		.cfi_endproc
 986              	.LFE68:
 987              		.size	UARTP_ProcessCommand, .-UARTP_ProcessCommand
 988              		.section	.text.UARTP_ControlRxPoll,"ax",%progbits
 989              		.align	2
 990              		.global	UARTP_ControlRxPoll
 991              		.thumb
 992              		.thumb_func
 993              		.type	UARTP_ControlRxPoll, %function
 994              	UARTP_ControlRxPoll:
 995              	.LFB70:
 357:uartp_pend.c  **** 
ARM GAS  C:\Users\user\AppData\Local\Temp\ccTkiMNg.s 			page 26


 358:uartp_pend.c  **** /* ============================================================
 359:uartp_pend.c  ****    UARTP_ControlRxPoll()
 360:uartp_pend.c  ****    Fallback polling — mantenido si isr_2 no está disponible.
 361:uartp_pend.c  ****    Con isr_2 activo, este código NO debe llamarse.
 362:uartp_pend.c  ****    ============================================================ */
 363:uartp_pend.c  **** void UARTP_ControlRxPoll(void)
 364:uartp_pend.c  **** {
 996              		.loc 1 364 0
 997              		.cfi_startproc
 998              		@ args = 0, pretend = 0, frame = 8
 999              		@ frame_needed = 0, uses_anonymous_args = 0
 1000 0000 30B5     		push	{r4, r5, lr}
 1001              		.cfi_def_cfa_offset 12
 1002              		.cfi_offset 4, -12
 1003              		.cfi_offset 5, -8
 1004              		.cfi_offset 14, -4
 1005 0002 83B0     		sub	sp, sp, #12
 1006              		.cfi_def_cfa_offset 24
 1007              	.LVL139:
 365:uartp_pend.c  ****     uint8 b;
 366:uartp_pend.c  ****     float ref_val;
 367:uartp_pend.c  ****     uint8 *pf = (uint8*)&ref_val;
 368:uartp_pend.c  **** 
 369:uartp_pend.c  ****     while (UART_1_GetRxBufferSize() > 0u)
 1008              		.loc 1 369 0
 1009 0004 42E0     		b	.L83
 1010              	.L88:
 370:uartp_pend.c  ****     {
 371:uartp_pend.c  ****         b = UART_1_ReadRxData();
 1011              		.loc 1 371 0
 1012 0006 FFF7FEFF 		bl	UART_1_ReadRxData
 1013              	.LVL140:
 372:uartp_pend.c  **** 
 373:uartp_pend.c  ****         if (s_rx_state == RX_IDLE)
 1014              		.loc 1 373 0
 1015 000a 234B     		ldr	r3, .L90
 1016 000c 93F8E130 		ldrb	r3, [r3, #225]	@ zero_extendqisi2
 1017 0010 CBB9     		cbnz	r3, .L84
 374:uartp_pend.c  ****         {
 375:uartp_pend.c  ****             if (b == (uint8)'s')
 1018              		.loc 1 375 0
 1019 0012 7328     		cmp	r0, #115
 1020 0014 0DD1     		bne	.L85
 376:uartp_pend.c  ****             {
 377:uartp_pend.c  ****                 /* Stop command */
 378:uartp_pend.c  ****                 Motor_Free();
 1021              		.loc 1 378 0
 1022 0016 FFF7FEFF 		bl	Motor_Free
 1023              	.LVL141:
 379:uartp_pend.c  ****                 ctrl_stop();
 1024              		.loc 1 379 0
 1025 001a FFF7FEFF 		bl	ctrl_stop
 1026              	.LVL142:
 380:uartp_pend.c  ****                 UARTP_SysMode = UARTP_SYS_COMMAND;
 1027              		.loc 1 380 0
 1028 001e 1E4C     		ldr	r4, .L90
 1029 0020 0025     		movs	r5, #0
ARM GAS  C:\Users\user\AppData\Local\Temp\ccTkiMNg.s 			page 27


 1030 0022 84F8E050 		strb	r5, [r4, #224]
 381:uartp_pend.c  ****                 ll_putchar((uint8)'K');
 1031              		.loc 1 381 0
 1032 0026 4B20     		movs	r0, #75
 1033 0028 FFF7FEFF 		bl	ll_putchar
 1034              	.LVL143:
 382:uartp_pend.c  ****                 s_rx_state = RX_IDLE;
 1035              		.loc 1 382 0
 1036 002c 84F8E150 		strb	r5, [r4, #225]
 1037 0030 30E0     		b	.L82
 1038              	.LVL144:
 1039              	.L85:
 383:uartp_pend.c  ****                 return;
 384:uartp_pend.c  ****             }
 385:uartp_pend.c  ****             else if (b == (uint8)'u')
 1040              		.loc 1 385 0
 1041 0032 7528     		cmp	r0, #117
 1042 0034 2AD1     		bne	.L83
 386:uartp_pend.c  ****             {
 387:uartp_pend.c  ****                 /* Inicio de actualización de referencia */
 388:uartp_pend.c  ****                 s_rx_state = RX_GOT_U;
 1043              		.loc 1 388 0
 1044 0036 184B     		ldr	r3, .L90
 1045 0038 0122     		movs	r2, #1
 1046 003a 83F8E120 		strb	r2, [r3, #225]
 389:uartp_pend.c  ****                 s_rx_ucnt  = 0u;
 1047              		.loc 1 389 0
 1048 003e 0022     		movs	r2, #0
 1049 0040 83F8E220 		strb	r2, [r3, #226]
 1050 0044 22E0     		b	.L83
 1051              	.L84:
 390:uartp_pend.c  ****             }
 391:uartp_pend.c  ****             /* otros bytes: ignorar */
 392:uartp_pend.c  ****         }
 393:uartp_pend.c  ****         else  /* RX_GOT_U: acumulando 4 bytes del nuevo ref */
 394:uartp_pend.c  ****         {
 395:uartp_pend.c  ****             s_rx_ubuf[s_rx_ucnt++] = b;
 1052              		.loc 1 395 0
 1053 0046 1449     		ldr	r1, .L90
 1054 0048 91F8E220 		ldrb	r2, [r1, #226]	@ zero_extendqisi2
 1055 004c 531C     		adds	r3, r2, #1
 1056 004e DBB2     		uxtb	r3, r3
 1057 0050 81F8E230 		strb	r3, [r1, #226]
 1058 0054 0A44     		add	r2, r2, r1
 1059 0056 82F8E400 		strb	r0, [r2, #228]
 396:uartp_pend.c  ****             if (s_rx_ucnt >= 4u)
 1060              		.loc 1 396 0
 1061 005a 032B     		cmp	r3, #3
 1062 005c 16D9     		bls	.L83
 397:uartp_pend.c  ****             {
 398:uartp_pend.c  ****                 pf[0]=s_rx_ubuf[0]; pf[1]=s_rx_ubuf[1];
 1063              		.loc 1 398 0
 1064 005e 0C46     		mov	r4, r1
 1065 0060 91F8E430 		ldrb	r3, [r1, #228]	@ zero_extendqisi2
 1066 0064 8DF80430 		strb	r3, [sp, #4]
 1067 0068 91F8E530 		ldrb	r3, [r1, #229]	@ zero_extendqisi2
 1068 006c 8DF80530 		strb	r3, [sp, #5]
ARM GAS  C:\Users\user\AppData\Local\Temp\ccTkiMNg.s 			page 28


 399:uartp_pend.c  ****                 pf[2]=s_rx_ubuf[2]; pf[3]=s_rx_ubuf[3];
 1069              		.loc 1 399 0
 1070 0070 91F8E630 		ldrb	r3, [r1, #230]	@ zero_extendqisi2
 1071 0074 8DF80630 		strb	r3, [sp, #6]
 1072 0078 91F8E730 		ldrb	r3, [r1, #231]	@ zero_extendqisi2
 1073 007c 8DF80730 		strb	r3, [sp, #7]
 400:uartp_pend.c  ****                 ctrl_update_ref(ref_val);
 1074              		.loc 1 400 0
 1075 0080 0198     		ldr	r0, [sp, #4]	@ float
 1076              	.LVL145:
 1077 0082 FFF7FEFF 		bl	ctrl_update_ref
 1078              	.LVL146:
 401:uartp_pend.c  ****                 s_rx_state = RX_IDLE;
 1079              		.loc 1 401 0
 1080 0086 0023     		movs	r3, #0
 1081 0088 84F8E130 		strb	r3, [r4, #225]
 1082              	.L83:
 369:uartp_pend.c  ****     {
 1083              		.loc 1 369 0
 1084 008c FFF7FEFF 		bl	UART_1_GetRxBufferSize
 1085              	.LVL147:
 1086 0090 0028     		cmp	r0, #0
 1087 0092 B8D1     		bne	.L88
 1088              	.L82:
 402:uartp_pend.c  ****             }
 403:uartp_pend.c  ****         }
 404:uartp_pend.c  ****     }
 405:uartp_pend.c  **** }
 1089              		.loc 1 405 0
 1090 0094 03B0     		add	sp, sp, #12
 1091              		.cfi_def_cfa_offset 12
 1092              		@ sp needed
 1093 0096 30BD     		pop	{r4, r5, pc}
 1094              	.LVL148:
 1095              	.L91:
 1096              		.align	2
 1097              	.L90:
 1098 0098 00000000 		.word	.LANCHOR0
 1099              		.cfi_endproc
 1100              	.LFE70:
 1101              		.size	UARTP_ControlRxPoll, .-UARTP_ControlRxPoll
 1102              		.global	g_ref_in_volts
 1103              		.global	UARTP_PendingRef
 1104              		.global	UARTP_SysMode
 1105              		.bss
 1106              		.align	2
 1107              		.set	.LANCHOR0,. + 0
 1108              		.type	s_p_buf, %object
 1109              		.size	s_p_buf, 216
 1110              	s_p_buf:
 1111 0000 00000000 		.space	216
 1111      00000000 
 1111      00000000 
 1111      00000000 
 1111      00000000 
 1112              		.type	g_ref_in_volts, %object
 1113              		.size	g_ref_in_volts, 1
ARM GAS  C:\Users\user\AppData\Local\Temp\ccTkiMNg.s 			page 29


 1114              	g_ref_in_volts:
 1115 00d8 00       		.space	1
 1116 00d9 000000   		.space	3
 1117              		.type	UARTP_PendingRef, %object
 1118              		.size	UARTP_PendingRef, 4
 1119              	UARTP_PendingRef:
 1120 00dc 00000000 		.space	4
 1121              		.type	UARTP_SysMode, %object
 1122              		.size	UARTP_SysMode, 1
 1123              	UARTP_SysMode:
 1124 00e0 00       		.space	1
 1125              		.type	s_rx_state, %object
 1126              		.size	s_rx_state, 1
 1127              	s_rx_state:
 1128 00e1 00       		.space	1
 1129              		.type	s_rx_ucnt, %object
 1130              		.size	s_rx_ucnt, 1
 1131              	s_rx_ucnt:
 1132 00e2 00       		.space	1
 1133 00e3 00       		.space	1
 1134              		.type	s_rx_ubuf, %object
 1135              		.size	s_rx_ubuf, 4
 1136              	s_rx_ubuf:
 1137 00e4 00000000 		.space	4
 1138              		.text
 1139              	.Letext0:
 1140              		.file 2 "d:\\psoc\\psoc creator\\4.4\\psoc creator\\import\\gnu\\arm\\5.4.1\\arm-none-eabi\\includ
 1141              		.file 3 "d:\\psoc\\psoc creator\\4.4\\psoc creator\\import\\gnu\\arm\\5.4.1\\arm-none-eabi\\includ
 1142              		.file 4 "Generated_Source\\PSoC5/cytypes.h"
 1143              		.file 5 "uartp_pend.h"
 1144              		.file 6 "./core_cm3.h"
 1145              		.file 7 "pendulo.h"
 1146              		.file 8 "Generated_Source\\PSoC5/CyLib.h"
 1147              		.file 9 "Generated_Source\\PSoC5/UART_1.h"
 1148              		.file 10 "ctrl_pend.h"
 1149              		.file 11 "motor.h"
 1150              		.file 12 "Generated_Source\\PSoC5/isr_2.h"
 1151              		.file 13 "Generated_Source\\PSoC5/Timer_1.h"
 1152              		.section	.debug_info,"",%progbits
 1153              	.Ldebug_info0:
 1154 0000 1C090000 		.4byte	0x91c
 1155 0004 0400     		.2byte	0x4
 1156 0006 00000000 		.4byte	.Ldebug_abbrev0
 1157 000a 04       		.byte	0x4
 1158 000b 01       		.uleb128 0x1
 1159 000c 97030000 		.4byte	.LASF76
 1160 0010 0C       		.byte	0xc
 1161 0011 AC000000 		.4byte	.LASF77
 1162 0015 7E010000 		.4byte	.LASF78
 1163 0019 18000000 		.4byte	.Ldebug_ranges0+0x18
 1164 001d 00000000 		.4byte	0
 1165 0021 00000000 		.4byte	.Ldebug_line0
 1166 0025 02       		.uleb128 0x2
 1167 0026 04       		.byte	0x4
 1168 0027 04       		.byte	0x4
 1169 0028 25010000 		.4byte	.LASF0
 1170 002c 02       		.uleb128 0x2
ARM GAS  C:\Users\user\AppData\Local\Temp\ccTkiMNg.s 			page 30


 1171 002d 01       		.byte	0x1
 1172 002e 06       		.byte	0x6
 1173 002f 09020000 		.4byte	.LASF1
 1174 0033 02       		.uleb128 0x2
 1175 0034 01       		.byte	0x1
 1176 0035 08       		.byte	0x8
 1177 0036 F0010000 		.4byte	.LASF2
 1178 003a 02       		.uleb128 0x2
 1179 003b 02       		.byte	0x2
 1180 003c 05       		.byte	0x5
 1181 003d 47000000 		.4byte	.LASF3
 1182 0041 02       		.uleb128 0x2
 1183 0042 02       		.byte	0x2
 1184 0043 07       		.byte	0x7
 1185 0044 56020000 		.4byte	.LASF4
 1186 0048 03       		.uleb128 0x3
 1187 0049 53030000 		.4byte	.LASF10
 1188 004d 02       		.byte	0x2
 1189 004e 3F       		.byte	0x3f
 1190 004f 53000000 		.4byte	0x53
 1191 0053 02       		.uleb128 0x2
 1192 0054 04       		.byte	0x4
 1193 0055 05       		.byte	0x5
 1194 0056 52010000 		.4byte	.LASF5
 1195 005a 02       		.uleb128 0x2
 1196 005b 04       		.byte	0x4
 1197 005c 07       		.byte	0x7
 1198 005d EC020000 		.4byte	.LASF6
 1199 0061 02       		.uleb128 0x2
 1200 0062 08       		.byte	0x8
 1201 0063 05       		.byte	0x5
 1202 0064 54040000 		.4byte	.LASF7
 1203 0068 02       		.uleb128 0x2
 1204 0069 08       		.byte	0x8
 1205 006a 07       		.byte	0x7
 1206 006b 15020000 		.4byte	.LASF8
 1207 006f 04       		.uleb128 0x4
 1208 0070 04       		.byte	0x4
 1209 0071 05       		.byte	0x5
 1210 0072 696E7400 		.ascii	"int\000"
 1211 0076 02       		.uleb128 0x2
 1212 0077 04       		.byte	0x4
 1213 0078 07       		.byte	0x7
 1214 0079 2C020000 		.4byte	.LASF9
 1215 007d 03       		.uleb128 0x3
 1216 007e 94020000 		.4byte	.LASF11
 1217 0082 03       		.byte	0x3
 1218 0083 2C       		.byte	0x2c
 1219 0084 48000000 		.4byte	0x48
 1220 0088 05       		.uleb128 0x5
 1221 0089 75030000 		.4byte	.LASF12
 1222 008d 04       		.byte	0x4
 1223 008e E901     		.2byte	0x1e9
 1224 0090 33000000 		.4byte	0x33
 1225 0094 05       		.uleb128 0x5
 1226 0095 E9000000 		.4byte	.LASF13
 1227 0099 04       		.byte	0x4
ARM GAS  C:\Users\user\AppData\Local\Temp\ccTkiMNg.s 			page 31


 1228 009a EA01     		.2byte	0x1ea
 1229 009c 41000000 		.4byte	0x41
 1230 00a0 05       		.uleb128 0x5
 1231 00a1 DA020000 		.4byte	.LASF14
 1232 00a5 04       		.byte	0x4
 1233 00a6 EB01     		.2byte	0x1eb
 1234 00a8 5A000000 		.4byte	0x5a
 1235 00ac 02       		.uleb128 0x2
 1236 00ad 08       		.byte	0x8
 1237 00ae 04       		.byte	0x4
 1238 00af 15030000 		.4byte	.LASF15
 1239 00b3 02       		.uleb128 0x2
 1240 00b4 01       		.byte	0x1
 1241 00b5 08       		.byte	0x8
 1242 00b6 80020000 		.4byte	.LASF16
 1243 00ba 06       		.uleb128 0x6
 1244 00bb 88000000 		.4byte	0x88
 1245 00bf 02       		.uleb128 0x2
 1246 00c0 08       		.byte	0x8
 1247 00c1 04       		.byte	0x4
 1248 00c2 D9010000 		.4byte	.LASF17
 1249 00c6 02       		.uleb128 0x2
 1250 00c7 04       		.byte	0x4
 1251 00c8 07       		.byte	0x7
 1252 00c9 62000000 		.4byte	.LASF18
 1253 00cd 07       		.uleb128 0x7
 1254 00ce 01       		.byte	0x1
 1255 00cf 33000000 		.4byte	0x33
 1256 00d3 05       		.byte	0x5
 1257 00d4 2F       		.byte	0x2f
 1258 00d5 E6000000 		.4byte	0xe6
 1259 00d9 08       		.uleb128 0x8
 1260 00da 39020000 		.4byte	.LASF19
 1261 00de 00       		.byte	0
 1262 00df 08       		.uleb128 0x8
 1263 00e0 B9000000 		.4byte	.LASF20
 1264 00e4 01       		.byte	0x1
 1265 00e5 00       		.byte	0
 1266 00e6 03       		.uleb128 0x3
 1267 00e7 CB000000 		.4byte	.LASF21
 1268 00eb 05       		.byte	0x5
 1269 00ec 32       		.byte	0x32
 1270 00ed CD000000 		.4byte	0xcd
 1271 00f1 09       		.uleb128 0x9
 1272 00f2 2D000000 		.4byte	.LASF23
 1273 00f6 01       		.byte	0x1
 1274 00f7 33       		.byte	0x33
 1275 00f8 88000000 		.4byte	0x88
 1276 00fc 00000000 		.4byte	.LFB64
 1277 0100 26000000 		.4byte	.LFE64-.LFB64
 1278 0104 01       		.uleb128 0x1
 1279 0105 9C       		.byte	0x9c
 1280 0106 4E010000 		.4byte	0x14e
 1281 010a 0A       		.uleb128 0xa
 1282 010b CF020000 		.4byte	.LASF22
 1283 010f 01       		.byte	0x1
 1284 0110 33       		.byte	0x33
ARM GAS  C:\Users\user\AppData\Local\Temp\ccTkiMNg.s 			page 32


 1285 0111 A0000000 		.4byte	0xa0
 1286 0115 00000000 		.4byte	.LLST0
 1287 0119 0B       		.uleb128 0xb
 1288 011a 636E7400 		.ascii	"cnt\000"
 1289 011e 01       		.byte	0x1
 1290 011f 35       		.byte	0x35
 1291 0120 A0000000 		.4byte	0xa0
 1292 0124 1E000000 		.4byte	.LLST1
 1293 0128 0C       		.uleb128 0xc
 1294 0129 0E000000 		.4byte	.LVL3
 1295 012d 4E080000 		.4byte	0x84e
 1296 0131 3B010000 		.4byte	0x13b
 1297 0135 0D       		.uleb128 0xd
 1298 0136 01       		.uleb128 0x1
 1299 0137 50       		.byte	0x50
 1300 0138 01       		.uleb128 0x1
 1301 0139 31       		.byte	0x31
 1302 013a 00       		.byte	0
 1303 013b 0E       		.uleb128 0xe
 1304 013c 18000000 		.4byte	.LVL6
 1305 0140 59080000 		.4byte	0x859
 1306 0144 0E       		.uleb128 0xe
 1307 0145 20000000 		.4byte	.LVL7
 1308 0149 64080000 		.4byte	0x864
 1309 014d 00       		.byte	0
 1310 014e 0F       		.uleb128 0xf
 1311 014f E1020000 		.4byte	.LASF27
 1312 0153 01       		.byte	0x1
 1313 0154 2D       		.byte	0x2d
 1314 0155 00000000 		.4byte	.LFB63
 1315 0159 08000000 		.4byte	.LFE63-.LFB63
 1316 015d 01       		.uleb128 0x1
 1317 015e 9C       		.byte	0x9c
 1318 015f 7A010000 		.4byte	0x17a
 1319 0163 10       		.uleb128 0x10
 1320 0164 6300     		.ascii	"c\000"
 1321 0166 01       		.byte	0x1
 1322 0167 2D       		.byte	0x2d
 1323 0168 88000000 		.4byte	0x88
 1324 016c 3D000000 		.4byte	.LLST2
 1325 0170 0E       		.uleb128 0xe
 1326 0171 06000000 		.4byte	.LVL10
 1327 0175 6F080000 		.4byte	0x86f
 1328 0179 00       		.byte	0
 1329 017a 09       		.uleb128 0x9
 1330 017b C1020000 		.4byte	.LASF24
 1331 017f 01       		.byte	0x1
 1332 0180 3F       		.byte	0x3f
 1333 0181 88000000 		.4byte	0x88
 1334 0185 00000000 		.4byte	.LFB65
 1335 0189 8E000000 		.4byte	.LFE65-.LFB65
 1336 018d 01       		.uleb128 0x1
 1337 018e 9C       		.byte	0x9c
 1338 018f 38020000 		.4byte	0x238
 1339 0193 0A       		.uleb128 0xa
 1340 0194 69020000 		.4byte	.LASF25
 1341 0198 01       		.byte	0x1
ARM GAS  C:\Users\user\AppData\Local\Temp\ccTkiMNg.s 			page 33


 1342 0199 3F       		.byte	0x3f
 1343 019a 38020000 		.4byte	0x238
 1344 019e 5E000000 		.4byte	.LLST3
 1345 01a2 0B       		.uleb128 0xb
 1346 01a3 6900     		.ascii	"i\000"
 1347 01a5 01       		.byte	0x1
 1348 01a6 41       		.byte	0x41
 1349 01a7 88000000 		.4byte	0x88
 1350 01ab 7C000000 		.4byte	.LLST4
 1351 01af 11       		.uleb128 0x11
 1352 01b0 7700     		.ascii	"w\000"
 1353 01b2 01       		.byte	0x1
 1354 01b3 41       		.byte	0x41
 1355 01b4 3E020000 		.4byte	0x23e
 1356 01b8 02       		.uleb128 0x2
 1357 01b9 91       		.byte	0x91
 1358 01ba 6C       		.sleb128 -20
 1359 01bb 0B       		.uleb128 0xb
 1360 01bc 63746C00 		.ascii	"ctl\000"
 1361 01c0 01       		.byte	0x1
 1362 01c1 41       		.byte	0x41
 1363 01c2 88000000 		.4byte	0x88
 1364 01c6 BB000000 		.4byte	.LLST5
 1365 01ca 12       		.uleb128 0x12
 1366 01cb 1D000000 		.4byte	.LASF26
 1367 01cf 01       		.byte	0x1
 1368 01d0 42       		.byte	0x42
 1369 01d1 88000000 		.4byte	0x88
 1370 01d5 E4000000 		.4byte	.LLST6
 1371 01d9 0C       		.uleb128 0xc
 1372 01da 1C000000 		.4byte	.LVL17
 1373 01de F1000000 		.4byte	0xf1
 1374 01e2 EE010000 		.4byte	0x1ee
 1375 01e6 0D       		.uleb128 0xd
 1376 01e7 01       		.uleb128 0x1
 1377 01e8 50       		.byte	0x50
 1378 01e9 03       		.uleb128 0x3
 1379 01ea 0A       		.byte	0xa
 1380 01eb F401     		.2byte	0x1f4
 1381 01ed 00       		.byte	0
 1382 01ee 0C       		.uleb128 0xc
 1383 01ef 40000000 		.4byte	.LVL22
 1384 01f3 4E010000 		.4byte	0x14e
 1385 01f7 09020000 		.4byte	0x209
 1386 01fb 0D       		.uleb128 0xd
 1387 01fc 01       		.uleb128 0x1
 1388 01fd 50       		.byte	0x50
 1389 01fe 09       		.uleb128 0x9
 1390 01ff 91       		.byte	0x91
 1391 0200 00       		.sleb128 0
 1392 0201 74       		.byte	0x74
 1393 0202 00       		.sleb128 0
 1394 0203 22       		.byte	0x22
 1395 0204 44       		.byte	0x44
 1396 0205 1C       		.byte	0x1c
 1397 0206 94       		.byte	0x94
 1398 0207 01       		.byte	0x1
ARM GAS  C:\Users\user\AppData\Local\Temp\ccTkiMNg.s 			page 34


 1399 0208 00       		.byte	0
 1400 0209 0C       		.uleb128 0xc
 1401 020a 50000000 		.4byte	.LVL25
 1402 020e F1000000 		.4byte	0xf1
 1403 0212 1E020000 		.4byte	0x21e
 1404 0216 0D       		.uleb128 0xd
 1405 0217 01       		.uleb128 0x1
 1406 0218 50       		.byte	0x50
 1407 0219 03       		.uleb128 0x3
 1408 021a 0A       		.byte	0xa
 1409 021b F401     		.2byte	0x1f4
 1410 021d 00       		.byte	0
 1411 021e 0E       		.uleb128 0xe
 1412 021f 5C000000 		.4byte	.LVL26
 1413 0223 4E010000 		.4byte	0x14e
 1414 0227 13       		.uleb128 0x13
 1415 0228 7E000000 		.4byte	.LVL29
 1416 022c 4E010000 		.4byte	0x14e
 1417 0230 0D       		.uleb128 0xd
 1418 0231 01       		.uleb128 0x1
 1419 0232 50       		.byte	0x50
 1420 0233 02       		.uleb128 0x2
 1421 0234 08       		.byte	0x8
 1422 0235 4E       		.byte	0x4e
 1423 0236 00       		.byte	0
 1424 0237 00       		.byte	0
 1425 0238 14       		.uleb128 0x14
 1426 0239 04       		.byte	0x4
 1427 023a 88000000 		.4byte	0x88
 1428 023e 15       		.uleb128 0x15
 1429 023f 88000000 		.4byte	0x88
 1430 0243 4E020000 		.4byte	0x24e
 1431 0247 16       		.uleb128 0x16
 1432 0248 C6000000 		.4byte	0xc6
 1433 024c 03       		.byte	0x3
 1434 024d 00       		.byte	0
 1435 024e 17       		.uleb128 0x17
 1436 024f DC000000 		.4byte	.LASF28
 1437 0253 01       		.byte	0x1
 1438 0254 5D       		.byte	0x5d
 1439 0255 00000000 		.4byte	.LFB66
 1440 0259 C8010000 		.4byte	.LFE66-.LFB66
 1441 025d 01       		.uleb128 0x1
 1442 025e 9C       		.byte	0x9c
 1443 025f 7B040000 		.4byte	0x47b
 1444 0263 0B       		.uleb128 0xb
 1445 0264 6900     		.ascii	"i\000"
 1446 0266 01       		.byte	0x1
 1447 0267 5F       		.byte	0x5f
 1448 0268 94000000 		.4byte	0x94
 1449 026c 0E010000 		.4byte	.LLST7
 1450 0270 12       		.uleb128 0x12
 1451 0271 70030000 		.4byte	.LASF29
 1452 0275 01       		.byte	0x1
 1453 0276 60       		.byte	0x60
 1454 0277 88000000 		.4byte	0x88
 1455 027b 86010000 		.4byte	.LLST8
ARM GAS  C:\Users\user\AppData\Local\Temp\ccTkiMNg.s 			page 35


 1456 027f 12       		.uleb128 0x12
 1457 0280 9C020000 		.4byte	.LASF30
 1458 0284 01       		.byte	0x1
 1459 0285 60       		.byte	0x60
 1460 0286 88000000 		.4byte	0x88
 1461 028a A4010000 		.4byte	.LLST9
 1462 028e 0B       		.uleb128 0xb
 1463 028f 6C656E00 		.ascii	"len\000"
 1464 0293 01       		.byte	0x1
 1465 0294 61       		.byte	0x61
 1466 0295 94000000 		.4byte	0x94
 1467 0299 CD010000 		.4byte	.LLST10
 1468 029d 12       		.uleb128 0x12
 1469 029e A2000000 		.4byte	.LASF31
 1470 02a2 01       		.byte	0x1
 1471 02a3 62       		.byte	0x62
 1472 02a4 88000000 		.4byte	0x88
 1473 02a8 FD010000 		.4byte	.LLST11
 1474 02ac 12       		.uleb128 0x12
 1475 02ad 23000000 		.4byte	.LASF32
 1476 02b1 01       		.byte	0x1
 1477 02b2 63       		.byte	0x63
 1478 02b3 88000000 		.4byte	0x88
 1479 02b7 1C020000 		.4byte	.LLST12
 1480 02bb 18       		.uleb128 0x18
 1481 02bc 12010000 		.4byte	.LASF33
 1482 02c0 01       		.byte	0x1
 1483 02c1 64       		.byte	0x64
 1484 02c2 25000000 		.4byte	0x25
 1485 02c6 02       		.uleb128 0x2
 1486 02c7 91       		.byte	0x91
 1487 02c8 6C       		.sleb128 -20
 1488 02c9 0B       		.uleb128 0xb
 1489 02ca 706600   		.ascii	"pf\000"
 1490 02cd 01       		.byte	0x1
 1491 02ce 65       		.byte	0x65
 1492 02cf 38020000 		.4byte	0x238
 1493 02d3 3A020000 		.4byte	.LLST13
 1494 02d7 18       		.uleb128 0x18
 1495 02d8 6B000000 		.4byte	.LASF34
 1496 02dc 01       		.byte	0x1
 1497 02dd 66       		.byte	0x66
 1498 02de 7B040000 		.4byte	0x47b
 1499 02e2 03       		.uleb128 0x3
 1500 02e3 91       		.byte	0x91
 1501 02e4 887F     		.sleb128 -120
 1502 02e6 12       		.uleb128 0x12
 1503 02e7 76020000 		.4byte	.LASF35
 1504 02eb 01       		.byte	0x1
 1505 02ec 67       		.byte	0x67
 1506 02ed 25000000 		.4byte	0x25
 1507 02f1 5C020000 		.4byte	.LLST14
 1508 02f5 12       		.uleb128 0x12
 1509 02f6 62010000 		.4byte	.LASF36
 1510 02fa 01       		.byte	0x1
 1511 02fb 67       		.byte	0x67
 1512 02fc 25000000 		.4byte	0x25
ARM GAS  C:\Users\user\AppData\Local\Temp\ccTkiMNg.s 			page 36


 1513 0300 6F020000 		.4byte	.LLST15
 1514 0304 12       		.uleb128 0x12
 1515 0305 6E020000 		.4byte	.LASF37
 1516 0309 01       		.byte	0x1
 1517 030a 67       		.byte	0x67
 1518 030b 25000000 		.4byte	0x25
 1519 030f 82020000 		.4byte	.LLST16
 1520 0313 12       		.uleb128 0x12
 1521 0314 12000000 		.4byte	.LASF38
 1522 0318 01       		.byte	0x1
 1523 0319 68       		.byte	0x68
 1524 031a 88000000 		.4byte	0x88
 1525 031e 96020000 		.4byte	.LLST17
 1526 0322 12       		.uleb128 0x12
 1527 0323 F8000000 		.4byte	.LASF39
 1528 0327 01       		.byte	0x1
 1529 0328 68       		.byte	0x68
 1530 0329 88000000 		.4byte	0x88
 1531 032d A9020000 		.4byte	.LLST18
 1532 0331 0C       		.uleb128 0xc
 1533 0332 0C000000 		.4byte	.LVL35
 1534 0336 F1000000 		.4byte	0xf1
 1535 033a 46030000 		.4byte	0x346
 1536 033e 0D       		.uleb128 0xd
 1537 033f 01       		.uleb128 0x1
 1538 0340 50       		.byte	0x50
 1539 0341 03       		.uleb128 0x3
 1540 0342 0A       		.byte	0xa
 1541 0343 F401     		.2byte	0x1f4
 1542 0345 00       		.byte	0
 1543 0346 0C       		.uleb128 0xc
 1544 0347 16000000 		.4byte	.LVL37
 1545 034b F1000000 		.4byte	0xf1
 1546 034f 5B030000 		.4byte	0x35b
 1547 0353 0D       		.uleb128 0xd
 1548 0354 01       		.uleb128 0x1
 1549 0355 50       		.byte	0x50
 1550 0356 03       		.uleb128 0x3
 1551 0357 0A       		.byte	0xa
 1552 0358 F401     		.2byte	0x1f4
 1553 035a 00       		.byte	0
 1554 035b 0C       		.uleb128 0xc
 1555 035c 24000000 		.4byte	.LVL39
 1556 0360 4E010000 		.4byte	0x14e
 1557 0364 6F030000 		.4byte	0x36f
 1558 0368 0D       		.uleb128 0xd
 1559 0369 01       		.uleb128 0x1
 1560 036a 50       		.byte	0x50
 1561 036b 02       		.uleb128 0x2
 1562 036c 08       		.byte	0x8
 1563 036d 45       		.byte	0x45
 1564 036e 00       		.byte	0
 1565 036f 0C       		.uleb128 0xc
 1566 0370 3C000000 		.4byte	.LVL45
 1567 0374 F1000000 		.4byte	0xf1
 1568 0378 83030000 		.4byte	0x383
 1569 037c 0D       		.uleb128 0xd
ARM GAS  C:\Users\user\AppData\Local\Temp\ccTkiMNg.s 			page 37


 1570 037d 01       		.uleb128 0x1
 1571 037e 50       		.byte	0x50
 1572 037f 02       		.uleb128 0x2
 1573 0380 08       		.byte	0x8
 1574 0381 32       		.byte	0x32
 1575 0382 00       		.byte	0
 1576 0383 0C       		.uleb128 0xc
 1577 0384 50000000 		.4byte	.LVL50
 1578 0388 4E010000 		.4byte	0x14e
 1579 038c 97030000 		.4byte	0x397
 1580 0390 0D       		.uleb128 0xd
 1581 0391 01       		.uleb128 0x1
 1582 0392 50       		.byte	0x50
 1583 0393 02       		.uleb128 0x2
 1584 0394 08       		.byte	0x8
 1585 0395 45       		.byte	0x45
 1586 0396 00       		.byte	0
 1587 0397 0C       		.uleb128 0xc
 1588 0398 5A000000 		.4byte	.LVL52
 1589 039c F1000000 		.4byte	0xf1
 1590 03a0 AC030000 		.4byte	0x3ac
 1591 03a4 0D       		.uleb128 0xd
 1592 03a5 01       		.uleb128 0x1
 1593 03a6 50       		.byte	0x50
 1594 03a7 03       		.uleb128 0x3
 1595 03a8 0A       		.byte	0xa
 1596 03a9 F401     		.2byte	0x1f4
 1597 03ab 00       		.byte	0
 1598 03ac 0C       		.uleb128 0xc
 1599 03ad 70000000 		.4byte	.LVL56
 1600 03b1 F1000000 		.4byte	0xf1
 1601 03b5 C1030000 		.4byte	0x3c1
 1602 03b9 0D       		.uleb128 0xd
 1603 03ba 01       		.uleb128 0x1
 1604 03bb 50       		.byte	0x50
 1605 03bc 03       		.uleb128 0x3
 1606 03bd 0A       		.byte	0xa
 1607 03be F401     		.2byte	0x1f4
 1608 03c0 00       		.byte	0
 1609 03c1 0C       		.uleb128 0xc
 1610 03c2 7A000000 		.4byte	.LVL58
 1611 03c6 4E010000 		.4byte	0x14e
 1612 03ca D5030000 		.4byte	0x3d5
 1613 03ce 0D       		.uleb128 0xd
 1614 03cf 01       		.uleb128 0x1
 1615 03d0 50       		.byte	0x50
 1616 03d1 02       		.uleb128 0x2
 1617 03d2 08       		.byte	0x8
 1618 03d3 45       		.byte	0x45
 1619 03d4 00       		.byte	0
 1620 03d5 0E       		.uleb128 0xe
 1621 03d6 88000000 		.4byte	.LVL64
 1622 03da 7A080000 		.4byte	0x87a
 1623 03de 0C       		.uleb128 0xc
 1624 03df 96000000 		.4byte	.LVL65
 1625 03e3 85080000 		.4byte	0x885
 1626 03e7 F7030000 		.4byte	0x3f7
ARM GAS  C:\Users\user\AppData\Local\Temp\ccTkiMNg.s 			page 38


 1627 03eb 0D       		.uleb128 0xd
 1628 03ec 01       		.uleb128 0x1
 1629 03ed 50       		.byte	0x50
 1630 03ee 01       		.uleb128 0x1
 1631 03ef 30       		.byte	0x30
 1632 03f0 0D       		.uleb128 0xd
 1633 03f1 01       		.uleb128 0x1
 1634 03f2 51       		.byte	0x51
 1635 03f3 02       		.uleb128 0x2
 1636 03f4 76       		.byte	0x76
 1637 03f5 00       		.sleb128 0
 1638 03f6 00       		.byte	0
 1639 03f7 0C       		.uleb128 0xc
 1640 03f8 DA000000 		.4byte	.LVL69
 1641 03fc 90080000 		.4byte	0x890
 1642 0400 15040000 		.4byte	0x415
 1643 0404 0D       		.uleb128 0xd
 1644 0405 01       		.uleb128 0x1
 1645 0406 50       		.byte	0x50
 1646 0407 01       		.uleb128 0x1
 1647 0408 30       		.byte	0x30
 1648 0409 0D       		.uleb128 0xd
 1649 040a 01       		.uleb128 0x1
 1650 040b 51       		.byte	0x51
 1651 040c 02       		.uleb128 0x2
 1652 040d 7D       		.byte	0x7d
 1653 040e 00       		.sleb128 0
 1654 040f 0D       		.uleb128 0xd
 1655 0410 01       		.uleb128 0x1
 1656 0411 52       		.byte	0x52
 1657 0412 01       		.uleb128 0x1
 1658 0413 49       		.byte	0x49
 1659 0414 00       		.byte	0
 1660 0415 0C       		.uleb128 0xc
 1661 0416 E2000000 		.4byte	.LVL70
 1662 041a 85080000 		.4byte	0x885
 1663 041e 2E040000 		.4byte	0x42e
 1664 0422 0D       		.uleb128 0xd
 1665 0423 01       		.uleb128 0x1
 1666 0424 50       		.byte	0x50
 1667 0425 01       		.uleb128 0x1
 1668 0426 31       		.byte	0x31
 1669 0427 0D       		.uleb128 0xd
 1670 0428 01       		.uleb128 0x1
 1671 0429 51       		.byte	0x51
 1672 042a 02       		.uleb128 0x2
 1673 042b 74       		.byte	0x74
 1674 042c 00       		.sleb128 0
 1675 042d 00       		.byte	0
 1676 042e 0C       		.uleb128 0xc
 1677 042f 30010000 		.4byte	.LVL74
 1678 0433 90080000 		.4byte	0x890
 1679 0437 4C040000 		.4byte	0x44c
 1680 043b 0D       		.uleb128 0xd
 1681 043c 01       		.uleb128 0x1
 1682 043d 50       		.byte	0x50
 1683 043e 01       		.uleb128 0x1
ARM GAS  C:\Users\user\AppData\Local\Temp\ccTkiMNg.s 			page 39


 1684 043f 31       		.byte	0x31
 1685 0440 0D       		.uleb128 0xd
 1686 0441 01       		.uleb128 0x1
 1687 0442 51       		.byte	0x51
 1688 0443 02       		.uleb128 0x2
 1689 0444 7D       		.byte	0x7d
 1690 0445 00       		.sleb128 0
 1691 0446 0D       		.uleb128 0xd
 1692 0447 01       		.uleb128 0x1
 1693 0448 52       		.byte	0x52
 1694 0449 01       		.uleb128 0x1
 1695 044a 49       		.byte	0x49
 1696 044b 00       		.byte	0
 1697 044c 0E       		.uleb128 0xe
 1698 044d 9C010000 		.4byte	.LVL79
 1699 0451 9B080000 		.4byte	0x89b
 1700 0455 0C       		.uleb128 0xc
 1701 0456 AC010000 		.4byte	.LVL80
 1702 045a A6080000 		.4byte	0x8a6
 1703 045e 6A040000 		.4byte	0x46a
 1704 0462 0D       		.uleb128 0xd
 1705 0463 01       		.uleb128 0x1
 1706 0464 50       		.byte	0x50
 1707 0465 03       		.uleb128 0x3
 1708 0466 F5       		.byte	0xf5
 1709 0467 05       		.uleb128 0x5
 1710 0468 25       		.uleb128 0x25
 1711 0469 00       		.byte	0
 1712 046a 13       		.uleb128 0x13
 1713 046b C0010000 		.4byte	.LVL82
 1714 046f 4E010000 		.4byte	0x14e
 1715 0473 0D       		.uleb128 0xd
 1716 0474 01       		.uleb128 0x1
 1717 0475 50       		.byte	0x50
 1718 0476 02       		.uleb128 0x2
 1719 0477 08       		.byte	0x8
 1720 0478 4B       		.byte	0x4b
 1721 0479 00       		.byte	0
 1722 047a 00       		.byte	0
 1723 047b 15       		.uleb128 0x15
 1724 047c 25000000 		.4byte	0x25
 1725 0480 8B040000 		.4byte	0x48b
 1726 0484 16       		.uleb128 0x16
 1727 0485 C6000000 		.4byte	0xc6
 1728 0489 18       		.byte	0x18
 1729 048a 00       		.byte	0
 1730 048b 19       		.uleb128 0x19
 1731 048c 3A000000 		.4byte	.LASF41
 1732 0490 01       		.byte	0x1
 1733 0491 3601     		.2byte	0x136
 1734 0493 00000000 		.4byte	.LFB69
 1735 0497 C4000000 		.4byte	.LFE69-.LFB69
 1736 049b 01       		.uleb128 0x1
 1737 049c 9C       		.byte	0x9c
 1738 049d 21050000 		.4byte	0x521
 1739 04a1 1A       		.uleb128 0x1a
 1740 04a2 6200     		.ascii	"b\000"
ARM GAS  C:\Users\user\AppData\Local\Temp\ccTkiMNg.s 			page 40


 1741 04a4 01       		.byte	0x1
 1742 04a5 3801     		.2byte	0x138
 1743 04a7 88000000 		.4byte	0x88
 1744 04ab BC020000 		.4byte	.LLST19
 1745 04af 1B       		.uleb128 0x1b
 1746 04b0 F0000000 		.4byte	.LASF40
 1747 04b4 01       		.byte	0x1
 1748 04b5 3901     		.2byte	0x139
 1749 04b7 25000000 		.4byte	0x25
 1750 04bb 02       		.uleb128 0x2
 1751 04bc 91       		.byte	0x91
 1752 04bd 6C       		.sleb128 -20
 1753 04be 1C       		.uleb128 0x1c
 1754 04bf 706600   		.ascii	"pf\000"
 1755 04c2 01       		.byte	0x1
 1756 04c3 3A01     		.2byte	0x13a
 1757 04c5 38020000 		.4byte	0x238
 1758 04c9 03       		.uleb128 0x3
 1759 04ca 91       		.byte	0x91
 1760 04cb 04       		.sleb128 4
 1761 04cc 9F       		.byte	0x9f
 1762 04cd 0E       		.uleb128 0xe
 1763 04ce 16000000 		.4byte	.LVL85
 1764 04d2 64080000 		.4byte	0x864
 1765 04d6 0E       		.uleb128 0xe
 1766 04d7 26000000 		.4byte	.LVL86
 1767 04db B1080000 		.4byte	0x8b1
 1768 04df 0E       		.uleb128 0xe
 1769 04e0 2A000000 		.4byte	.LVL87
 1770 04e4 BC080000 		.4byte	0x8bc
 1771 04e8 0C       		.uleb128 0xc
 1772 04e9 38000000 		.4byte	.LVL88
 1773 04ed 4E010000 		.4byte	0x14e
 1774 04f1 FC040000 		.4byte	0x4fc
 1775 04f5 0D       		.uleb128 0xd
 1776 04f6 01       		.uleb128 0x1
 1777 04f7 50       		.byte	0x50
 1778 04f8 02       		.uleb128 0x2
 1779 04f9 08       		.byte	0x8
 1780 04fa 4B       		.byte	0x4b
 1781 04fb 00       		.byte	0
 1782 04fc 0E       		.uleb128 0xe
 1783 04fd 9A000000 		.4byte	.LVL91
 1784 0501 A6080000 		.4byte	0x8a6
 1785 0505 0E       		.uleb128 0xe
 1786 0506 A2000000 		.4byte	.LVL93
 1787 050a C7080000 		.4byte	0x8c7
 1788 050e 0E       		.uleb128 0xe
 1789 050f AA000000 		.4byte	.LVL96
 1790 0513 C7080000 		.4byte	0x8c7
 1791 0517 0E       		.uleb128 0xe
 1792 0518 B6000000 		.4byte	.LVL97
 1793 051c 59080000 		.4byte	0x859
 1794 0520 00       		.byte	0
 1795 0521 1D       		.uleb128 0x1d
 1796 0522 E5010000 		.4byte	.LASF42
 1797 0526 01       		.byte	0x1
ARM GAS  C:\Users\user\AppData\Local\Temp\ccTkiMNg.s 			page 41


 1798 0527 B9       		.byte	0xb9
 1799 0528 00000000 		.4byte	.LFB67
 1800 052c 28000000 		.4byte	.LFE67-.LFB67
 1801 0530 01       		.uleb128 0x1
 1802 0531 9C       		.byte	0x9c
 1803 0532 53050000 		.4byte	0x553
 1804 0536 0E       		.uleb128 0xe
 1805 0537 06000000 		.4byte	.LVL99
 1806 053b D2080000 		.4byte	0x8d2
 1807 053f 13       		.uleb128 0x13
 1808 0540 0C000000 		.4byte	.LVL100
 1809 0544 DD080000 		.4byte	0x8dd
 1810 0548 0D       		.uleb128 0xd
 1811 0549 01       		.uleb128 0x1
 1812 054a 50       		.byte	0x50
 1813 054b 05       		.uleb128 0x5
 1814 054c 03       		.byte	0x3
 1815 054d 00000000 		.4byte	UARTP_Rx_ISR
 1816 0551 00       		.byte	0
 1817 0552 00       		.byte	0
 1818 0553 1E       		.uleb128 0x1e
 1819 0554 B6010000 		.4byte	.LASF43
 1820 0558 01       		.byte	0x1
 1821 0559 C7       		.byte	0xc7
 1822 055a 00000000 		.4byte	.LFB68
 1823 055e 54010000 		.4byte	.LFE68-.LFB68
 1824 0562 01       		.uleb128 0x1
 1825 0563 9C       		.byte	0x9c
 1826 0564 1D070000 		.4byte	0x71d
 1827 0568 0B       		.uleb128 0xb
 1828 0569 636D6400 		.ascii	"cmd\000"
 1829 056d 01       		.byte	0x1
 1830 056e C9       		.byte	0xc9
 1831 056f 88000000 		.4byte	0x88
 1832 0573 19030000 		.4byte	.LLST20
 1833 0577 18       		.uleb128 0x18
 1834 0578 4C040000 		.4byte	.LASF44
 1835 057c 01       		.byte	0x1
 1836 057d CA       		.byte	0xca
 1837 057e 3E020000 		.4byte	0x23e
 1838 0582 02       		.uleb128 0x2
 1839 0583 91       		.byte	0x91
 1840 0584 6C       		.sleb128 -20
 1841 0585 18       		.uleb128 0x18
 1842 0586 6A030000 		.4byte	.LASF45
 1843 058a 01       		.byte	0x1
 1844 058b CB       		.byte	0xcb
 1845 058c 25000000 		.4byte	0x25
 1846 0590 02       		.uleb128 0x2
 1847 0591 91       		.byte	0x91
 1848 0592 68       		.sleb128 -24
 1849 0593 0B       		.uleb128 0xb
 1850 0594 706600   		.ascii	"pf\000"
 1851 0597 01       		.byte	0x1
 1852 0598 CC       		.byte	0xcc
 1853 0599 38020000 		.4byte	0x238
 1854 059d 2C030000 		.4byte	.LLST21
ARM GAS  C:\Users\user\AppData\Local\Temp\ccTkiMNg.s 			page 42


 1855 05a1 1F       		.uleb128 0x1f
 1856 05a2 AC000000 		.4byte	.LBB2
 1857 05a6 1C000000 		.4byte	.LBE2-.LBB2
 1858 05aa E4050000 		.4byte	0x5e4
 1859 05ae 12       		.uleb128 0x12
 1860 05af 5B010000 		.4byte	.LASF46
 1861 05b3 01       		.byte	0x1
 1862 05b4 F2       		.byte	0xf2
 1863 05b5 A0000000 		.4byte	0xa0
 1864 05b9 3F030000 		.4byte	.LLST22
 1865 05bd 0E       		.uleb128 0xe
 1866 05be BE000000 		.4byte	.LVL117
 1867 05c2 E8080000 		.4byte	0x8e8
 1868 05c6 0C       		.uleb128 0xc
 1869 05c7 C4000000 		.4byte	.LVL118
 1870 05cb F3080000 		.4byte	0x8f3
 1871 05cf DA050000 		.4byte	0x5da
 1872 05d3 0D       		.uleb128 0xd
 1873 05d4 01       		.uleb128 0x1
 1874 05d5 50       		.byte	0x50
 1875 05d6 02       		.uleb128 0x2
 1876 05d7 74       		.byte	0x74
 1877 05d8 00       		.sleb128 0
 1878 05d9 00       		.byte	0
 1879 05da 0E       		.uleb128 0xe
 1880 05db C8000000 		.4byte	.LVL119
 1881 05df FE080000 		.4byte	0x8fe
 1882 05e3 00       		.byte	0
 1883 05e4 20       		.uleb128 0x20
 1884 05e5 00000000 		.4byte	.Ldebug_ranges0+0
 1885 05e9 26060000 		.4byte	0x626
 1886 05ed 1A       		.uleb128 0x1a
 1887 05ee 766900   		.ascii	"vi\000"
 1888 05f1 01       		.byte	0x1
 1889 05f2 0901     		.2byte	0x109
 1890 05f4 94000000 		.4byte	0x94
 1891 05f8 52030000 		.4byte	.LLST23
 1892 05fc 1A       		.uleb128 0x1a
 1893 05fd 76787300 		.ascii	"vxs\000"
 1894 0601 01       		.byte	0x1
 1895 0602 0A01     		.2byte	0x10a
 1896 0604 88000000 		.4byte	0x88
 1897 0608 7B030000 		.4byte	.LLST24
 1898 060c 0E       		.uleb128 0xe
 1899 060d E6000000 		.4byte	.LVL125
 1900 0611 4E010000 		.4byte	0x14e
 1901 0615 13       		.uleb128 0x13
 1902 0616 FE000000 		.4byte	.LVL131
 1903 061a 4E010000 		.4byte	0x14e
 1904 061e 0D       		.uleb128 0xd
 1905 061f 01       		.uleb128 0x1
 1906 0620 50       		.byte	0x50
 1907 0621 02       		.uleb128 0x2
 1908 0622 76       		.byte	0x76
 1909 0623 00       		.sleb128 0
 1910 0624 00       		.byte	0
 1911 0625 00       		.byte	0
ARM GAS  C:\Users\user\AppData\Local\Temp\ccTkiMNg.s 			page 43


 1912 0626 0E       		.uleb128 0xe
 1913 0627 08000000 		.4byte	.LVL101
 1914 062b 59080000 		.4byte	0x859
 1915 062f 0E       		.uleb128 0xe
 1916 0630 12000000 		.4byte	.LVL102
 1917 0634 64080000 		.4byte	0x864
 1918 0638 0E       		.uleb128 0xe
 1919 0639 38000000 		.4byte	.LVL104
 1920 063d B1080000 		.4byte	0x8b1
 1921 0641 0E       		.uleb128 0xe
 1922 0642 3C000000 		.4byte	.LVL105
 1923 0646 BC080000 		.4byte	0x8bc
 1924 064a 0C       		.uleb128 0xc
 1925 064b 58000000 		.4byte	.LVL106
 1926 064f 4E010000 		.4byte	0x14e
 1927 0653 5E060000 		.4byte	0x65e
 1928 0657 0D       		.uleb128 0xd
 1929 0658 01       		.uleb128 0x1
 1930 0659 50       		.byte	0x50
 1931 065a 02       		.uleb128 0x2
 1932 065b 08       		.byte	0x8
 1933 065c 4B       		.byte	0x4b
 1934 065d 00       		.byte	0
 1935 065e 0E       		.uleb128 0xe
 1936 065f 5E000000 		.4byte	.LVL107
 1937 0663 09090000 		.4byte	0x909
 1938 0667 0C       		.uleb128 0xc
 1939 0668 64000000 		.4byte	.LVL108
 1940 066c 4E010000 		.4byte	0x14e
 1941 0670 7B060000 		.4byte	0x67b
 1942 0674 0D       		.uleb128 0xd
 1943 0675 01       		.uleb128 0x1
 1944 0676 50       		.byte	0x50
 1945 0677 02       		.uleb128 0x2
 1946 0678 08       		.byte	0x8
 1947 0679 4B       		.byte	0x4b
 1948 067a 00       		.byte	0
 1949 067b 0C       		.uleb128 0xc
 1950 067c 6C000000 		.4byte	.LVL109
 1951 0680 4E010000 		.4byte	0x14e
 1952 0684 8F060000 		.4byte	0x68f
 1953 0688 0D       		.uleb128 0xd
 1954 0689 01       		.uleb128 0x1
 1955 068a 50       		.byte	0x50
 1956 068b 02       		.uleb128 0x2
 1957 068c 08       		.byte	0x8
 1958 068d 52       		.byte	0x52
 1959 068e 00       		.byte	0
 1960 068f 0C       		.uleb128 0xc
 1961 0690 72000000 		.4byte	.LVL110
 1962 0694 7A010000 		.4byte	0x17a
 1963 0698 A3060000 		.4byte	0x6a3
 1964 069c 0D       		.uleb128 0xd
 1965 069d 01       		.uleb128 0x1
 1966 069e 50       		.byte	0x50
 1967 069f 02       		.uleb128 0x2
 1968 06a0 91       		.byte	0x91
ARM GAS  C:\Users\user\AppData\Local\Temp\ccTkiMNg.s 			page 44


 1969 06a1 6C       		.sleb128 -20
 1970 06a2 00       		.byte	0
 1971 06a3 0C       		.uleb128 0xc
 1972 06a4 CE000000 		.4byte	.LVL120
 1973 06a8 4E010000 		.4byte	0x14e
 1974 06ac B7060000 		.4byte	0x6b7
 1975 06b0 0D       		.uleb128 0xd
 1976 06b1 01       		.uleb128 0x1
 1977 06b2 50       		.byte	0x50
 1978 06b3 02       		.uleb128 0x2
 1979 06b4 08       		.byte	0x8
 1980 06b5 4B       		.byte	0x4b
 1981 06b6 00       		.byte	0
 1982 06b7 0C       		.uleb128 0xc
 1983 06b8 D6000000 		.4byte	.LVL122
 1984 06bc 4E010000 		.4byte	0x14e
 1985 06c0 CB060000 		.4byte	0x6cb
 1986 06c4 0D       		.uleb128 0xd
 1987 06c5 01       		.uleb128 0x1
 1988 06c6 50       		.byte	0x50
 1989 06c7 02       		.uleb128 0x2
 1990 06c8 08       		.byte	0x8
 1991 06c9 21       		.byte	0x21
 1992 06ca 00       		.byte	0
 1993 06cb 0E       		.uleb128 0xe
 1994 06cc DC000000 		.4byte	.LVL123
 1995 06d0 4E020000 		.4byte	0x24e
 1996 06d4 0E       		.uleb128 0xe
 1997 06d5 04010000 		.4byte	.LVL133
 1998 06d9 B1080000 		.4byte	0x8b1
 1999 06dd 0E       		.uleb128 0xe
 2000 06de 1C010000 		.4byte	.LVL134
 2001 06e2 14090000 		.4byte	0x914
 2002 06e6 0C       		.uleb128 0xc
 2003 06e7 28010000 		.4byte	.LVL135
 2004 06eb 4E010000 		.4byte	0x14e
 2005 06ef FA060000 		.4byte	0x6fa
 2006 06f3 0D       		.uleb128 0xd
 2007 06f4 01       		.uleb128 0x1
 2008 06f5 50       		.byte	0x50
 2009 06f6 02       		.uleb128 0x2
 2010 06f7 08       		.byte	0x8
 2011 06f8 4B       		.byte	0x4b
 2012 06f9 00       		.byte	0
 2013 06fa 0E       		.uleb128 0xe
 2014 06fb 2E010000 		.4byte	.LVL136
 2015 06ff B1080000 		.4byte	0x8b1
 2016 0703 0E       		.uleb128 0xe
 2017 0704 32010000 		.4byte	.LVL137
 2018 0708 BC080000 		.4byte	0x8bc
 2019 070c 13       		.uleb128 0x13
 2020 070d 40010000 		.4byte	.LVL138
 2021 0711 4E010000 		.4byte	0x14e
 2022 0715 0D       		.uleb128 0xd
 2023 0716 01       		.uleb128 0x1
 2024 0717 50       		.byte	0x50
 2025 0718 02       		.uleb128 0x2
ARM GAS  C:\Users\user\AppData\Local\Temp\ccTkiMNg.s 			page 45


 2026 0719 08       		.byte	0x8
 2027 071a 4B       		.byte	0x4b
 2028 071b 00       		.byte	0
 2029 071c 00       		.byte	0
 2030 071d 21       		.uleb128 0x21
 2031 071e 72000000 		.4byte	.LASF47
 2032 0722 01       		.byte	0x1
 2033 0723 6B01     		.2byte	0x16b
 2034 0725 00000000 		.4byte	.LFB70
 2035 0729 9C000000 		.4byte	.LFE70-.LFB70
 2036 072d 01       		.uleb128 0x1
 2037 072e 9C       		.byte	0x9c
 2038 072f A1070000 		.4byte	0x7a1
 2039 0733 1A       		.uleb128 0x1a
 2040 0734 6200     		.ascii	"b\000"
 2041 0736 01       		.byte	0x1
 2042 0737 6D01     		.2byte	0x16d
 2043 0739 88000000 		.4byte	0x88
 2044 073d 99030000 		.4byte	.LLST25
 2045 0741 1B       		.uleb128 0x1b
 2046 0742 F0000000 		.4byte	.LASF40
 2047 0746 01       		.byte	0x1
 2048 0747 6E01     		.2byte	0x16e
 2049 0749 25000000 		.4byte	0x25
 2050 074d 02       		.uleb128 0x2
 2051 074e 91       		.byte	0x91
 2052 074f 6C       		.sleb128 -20
 2053 0750 1A       		.uleb128 0x1a
 2054 0751 706600   		.ascii	"pf\000"
 2055 0754 01       		.byte	0x1
 2056 0755 6F01     		.2byte	0x16f
 2057 0757 38020000 		.4byte	0x238
 2058 075b C4030000 		.4byte	.LLST26
 2059 075f 0E       		.uleb128 0xe
 2060 0760 0A000000 		.4byte	.LVL140
 2061 0764 64080000 		.4byte	0x864
 2062 0768 0E       		.uleb128 0xe
 2063 0769 1A000000 		.4byte	.LVL141
 2064 076d B1080000 		.4byte	0x8b1
 2065 0771 0E       		.uleb128 0xe
 2066 0772 1E000000 		.4byte	.LVL142
 2067 0776 BC080000 		.4byte	0x8bc
 2068 077a 0C       		.uleb128 0xc
 2069 077b 2C000000 		.4byte	.LVL143
 2070 077f 4E010000 		.4byte	0x14e
 2071 0783 8E070000 		.4byte	0x78e
 2072 0787 0D       		.uleb128 0xd
 2073 0788 01       		.uleb128 0x1
 2074 0789 50       		.byte	0x50
 2075 078a 02       		.uleb128 0x2
 2076 078b 08       		.byte	0x8
 2077 078c 4B       		.byte	0x4b
 2078 078d 00       		.byte	0
 2079 078e 0E       		.uleb128 0xe
 2080 078f 86000000 		.4byte	.LVL146
 2081 0793 C7080000 		.4byte	0x8c7
 2082 0797 0E       		.uleb128 0xe
ARM GAS  C:\Users\user\AppData\Local\Temp\ccTkiMNg.s 			page 46


 2083 0798 90000000 		.4byte	.LVL147
 2084 079c 59080000 		.4byte	0x859
 2085 07a0 00       		.byte	0
 2086 07a1 18       		.uleb128 0x18
 2087 07a2 FE010000 		.4byte	.LASF48
 2088 07a6 01       		.byte	0x1
 2089 07a7 1D       		.byte	0x1d
 2090 07a8 88000000 		.4byte	0x88
 2091 07ac 05       		.uleb128 0x5
 2092 07ad 03       		.byte	0x3
 2093 07ae E1000000 		.4byte	s_rx_state
 2094 07b2 18       		.uleb128 0x18
 2095 07b3 48010000 		.4byte	.LASF49
 2096 07b7 01       		.byte	0x1
 2097 07b8 1E       		.byte	0x1e
 2098 07b9 3E020000 		.4byte	0x23e
 2099 07bd 05       		.uleb128 0x5
 2100 07be 03       		.byte	0x3
 2101 07bf E4000000 		.4byte	s_rx_ubuf
 2102 07c3 18       		.uleb128 0x18
 2103 07c4 49030000 		.4byte	.LASF50
 2104 07c8 01       		.byte	0x1
 2105 07c9 1F       		.byte	0x1f
 2106 07ca 88000000 		.4byte	0x88
 2107 07ce 05       		.uleb128 0x5
 2108 07cf 03       		.byte	0x3
 2109 07d0 E2000000 		.4byte	s_rx_ucnt
 2110 07d4 15       		.uleb128 0x15
 2111 07d5 88000000 		.4byte	0x88
 2112 07d9 E4070000 		.4byte	0x7e4
 2113 07dd 16       		.uleb128 0x16
 2114 07de C6000000 		.4byte	0xc6
 2115 07e2 D7       		.byte	0xd7
 2116 07e3 00       		.byte	0
 2117 07e4 18       		.uleb128 0x18
 2118 07e5 2D040000 		.4byte	.LASF51
 2119 07e9 01       		.byte	0x1
 2120 07ea 25       		.byte	0x25
 2121 07eb D4070000 		.4byte	0x7d4
 2122 07ef 05       		.uleb128 0x5
 2123 07f0 03       		.byte	0x3
 2124 07f1 00000000 		.4byte	s_p_buf
 2125 07f5 22       		.uleb128 0x22
 2126 07f6 1C030000 		.4byte	.LASF52
 2127 07fa 06       		.byte	0x6
 2128 07fb 9606     		.2byte	0x696
 2129 07fd 01080000 		.4byte	0x801
 2130 0801 06       		.uleb128 0x6
 2131 0802 7D000000 		.4byte	0x7d
 2132 0806 23       		.uleb128 0x23
 2133 0807 94000000 		.4byte	.LASF53
 2134 080b 01       		.byte	0x1
 2135 080c 12       		.byte	0x12
 2136 080d 17080000 		.4byte	0x817
 2137 0811 05       		.uleb128 0x5
 2138 0812 03       		.byte	0x3
 2139 0813 00000000 		.4byte	UARTP_SysMode
ARM GAS  C:\Users\user\AppData\Local\Temp\ccTkiMNg.s 			page 47


 2140 0817 06       		.uleb128 0x6
 2141 0818 E6000000 		.4byte	0xe6
 2142 081c 23       		.uleb128 0x23
 2143 081d 51000000 		.4byte	.LASF54
 2144 0821 01       		.byte	0x1
 2145 0822 13       		.byte	0x13
 2146 0823 2D080000 		.4byte	0x82d
 2147 0827 05       		.uleb128 0x5
 2148 0828 03       		.byte	0x3
 2149 0829 00000000 		.4byte	UARTP_PendingRef
 2150 082d 06       		.uleb128 0x6
 2151 082e 25000000 		.4byte	0x25
 2152 0832 23       		.uleb128 0x23
 2153 0833 85020000 		.4byte	.LASF55
 2154 0837 01       		.byte	0x1
 2155 0838 14       		.byte	0x14
 2156 0839 BA000000 		.4byte	0xba
 2157 083d 05       		.uleb128 0x5
 2158 083e 03       		.byte	0x3
 2159 083f 00000000 		.4byte	g_ref_in_volts
 2160 0843 24       		.uleb128 0x24
 2161 0844 03010000 		.4byte	.LASF56
 2162 0848 07       		.byte	0x7
 2163 0849 28       		.byte	0x28
 2164 084a BA000000 		.4byte	0xba
 2165 084e 25       		.uleb128 0x25
 2166 084f 25040000 		.4byte	.LASF57
 2167 0853 25040000 		.4byte	.LASF57
 2168 0857 08       		.byte	0x8
 2169 0858 76       		.byte	0x76
 2170 0859 25       		.uleb128 0x25
 2171 085a FE020000 		.4byte	.LASF58
 2172 085e FE020000 		.4byte	.LASF58
 2173 0862 09       		.byte	0x9
 2174 0863 73       		.byte	0x73
 2175 0864 25       		.uleb128 0x25
 2176 0865 A1020000 		.4byte	.LASF59
 2177 0869 A1020000 		.4byte	.LASF59
 2178 086d 09       		.byte	0x9
 2179 086e 6F       		.byte	0x6f
 2180 086f 25       		.uleb128 0x25
 2181 0870 29030000 		.4byte	.LASF60
 2182 0874 29030000 		.4byte	.LASF60
 2183 0878 09       		.byte	0x9
 2184 0879 88       		.byte	0x88
 2185 087a 25       		.uleb128 0x25
 2186 087b 00000000 		.4byte	.LASF61
 2187 087f 00000000 		.4byte	.LASF61
 2188 0883 0A       		.byte	0xa
 2189 0884 5D       		.byte	0x5d
 2190 0885 25       		.uleb128 0x25
 2191 0886 86000000 		.4byte	.LASF62
 2192 088a 86000000 		.4byte	.LASF62
 2193 088e 0A       		.byte	0xa
 2194 088f 56       		.byte	0x56
 2195 0890 25       		.uleb128 0x25
 2196 0891 85030000 		.4byte	.LASF63
ARM GAS  C:\Users\user\AppData\Local\Temp\ccTkiMNg.s 			page 48


 2197 0895 85030000 		.4byte	.LASF63
 2198 0899 0A       		.byte	0xa
 2199 089a 57       		.byte	0x57
 2200 089b 25       		.uleb128 0x25
 2201 089c 5D030000 		.4byte	.LASF64
 2202 08a0 5D030000 		.4byte	.LASF64
 2203 08a4 0A       		.byte	0xa
 2204 08a5 5C       		.byte	0x5c
 2205 08a6 25       		.uleb128 0x25
 2206 08a7 2B010000 		.4byte	.LASF65
 2207 08ab 2B010000 		.4byte	.LASF65
 2208 08af 0B       		.byte	0xb
 2209 08b0 34       		.byte	0x34
 2210 08b1 25       		.uleb128 0x25
 2211 08b2 4B020000 		.4byte	.LASF66
 2212 08b6 4B020000 		.4byte	.LASF66
 2213 08ba 0B       		.byte	0xb
 2214 08bb 33       		.byte	0x33
 2215 08bc 25       		.uleb128 0x25
 2216 08bd 7B030000 		.4byte	.LASF67
 2217 08c1 7B030000 		.4byte	.LASF67
 2218 08c5 0A       		.byte	0xa
 2219 08c6 59       		.byte	0x59
 2220 08c7 25       		.uleb128 0x25
 2221 08c8 62040000 		.4byte	.LASF68
 2222 08cc 62040000 		.4byte	.LASF68
 2223 08d0 0A       		.byte	0xa
 2224 08d1 5B       		.byte	0x5b
 2225 08d2 25       		.uleb128 0x25
 2226 08d3 18010000 		.4byte	.LASF69
 2227 08d7 18010000 		.4byte	.LASF69
 2228 08db 09       		.byte	0x9
 2229 08dc 54       		.byte	0x54
 2230 08dd 25       		.uleb128 0x25
 2231 08de CB010000 		.4byte	.LASF70
 2232 08e2 CB010000 		.4byte	.LASF70
 2233 08e6 0C       		.byte	0xc
 2234 08e7 18       		.byte	0x18
 2235 08e8 25       		.uleb128 0x25
 2236 08e9 3C030000 		.4byte	.LASF71
 2237 08ed 3C030000 		.4byte	.LASF71
 2238 08f1 0D       		.byte	0xd
 2239 08f2 5B       		.byte	0x5b
 2240 08f3 25       		.uleb128 0x25
 2241 08f4 6A010000 		.4byte	.LASF72
 2242 08f8 6A010000 		.4byte	.LASF72
 2243 08fc 0D       		.byte	0xd
 2244 08fd 68       		.byte	0x68
 2245 08fe 25       		.uleb128 0x25
 2246 08ff B3020000 		.4byte	.LASF73
 2247 0903 B3020000 		.4byte	.LASF73
 2248 0907 0D       		.byte	0xd
 2249 0908 5A       		.byte	0x5a
 2250 0909 25       		.uleb128 0x25
 2251 090a 35040000 		.4byte	.LASF74
 2252 090e 35040000 		.4byte	.LASF74
 2253 0912 07       		.byte	0x7
ARM GAS  C:\Users\user\AppData\Local\Temp\ccTkiMNg.s 			page 49


 2254 0913 3E       		.byte	0x3e
 2255 0914 25       		.uleb128 0x25
 2256 0915 3D010000 		.4byte	.LASF75
 2257 0919 3D010000 		.4byte	.LASF75
 2258 091d 0A       		.byte	0xa
 2259 091e 58       		.byte	0x58
 2260 091f 00       		.byte	0
 2261              		.section	.debug_abbrev,"",%progbits
 2262              	.Ldebug_abbrev0:
 2263 0000 01       		.uleb128 0x1
 2264 0001 11       		.uleb128 0x11
 2265 0002 01       		.byte	0x1
 2266 0003 25       		.uleb128 0x25
 2267 0004 0E       		.uleb128 0xe
 2268 0005 13       		.uleb128 0x13
 2269 0006 0B       		.uleb128 0xb
 2270 0007 03       		.uleb128 0x3
 2271 0008 0E       		.uleb128 0xe
 2272 0009 1B       		.uleb128 0x1b
 2273 000a 0E       		.uleb128 0xe
 2274 000b 55       		.uleb128 0x55
 2275 000c 17       		.uleb128 0x17
 2276 000d 11       		.uleb128 0x11
 2277 000e 01       		.uleb128 0x1
 2278 000f 10       		.uleb128 0x10
 2279 0010 17       		.uleb128 0x17
 2280 0011 00       		.byte	0
 2281 0012 00       		.byte	0
 2282 0013 02       		.uleb128 0x2
 2283 0014 24       		.uleb128 0x24
 2284 0015 00       		.byte	0
 2285 0016 0B       		.uleb128 0xb
 2286 0017 0B       		.uleb128 0xb
 2287 0018 3E       		.uleb128 0x3e
 2288 0019 0B       		.uleb128 0xb
 2289 001a 03       		.uleb128 0x3
 2290 001b 0E       		.uleb128 0xe
 2291 001c 00       		.byte	0
 2292 001d 00       		.byte	0
 2293 001e 03       		.uleb128 0x3
 2294 001f 16       		.uleb128 0x16
 2295 0020 00       		.byte	0
 2296 0021 03       		.uleb128 0x3
 2297 0022 0E       		.uleb128 0xe
 2298 0023 3A       		.uleb128 0x3a
 2299 0024 0B       		.uleb128 0xb
 2300 0025 3B       		.uleb128 0x3b
 2301 0026 0B       		.uleb128 0xb
 2302 0027 49       		.uleb128 0x49
 2303 0028 13       		.uleb128 0x13
 2304 0029 00       		.byte	0
 2305 002a 00       		.byte	0
 2306 002b 04       		.uleb128 0x4
 2307 002c 24       		.uleb128 0x24
 2308 002d 00       		.byte	0
 2309 002e 0B       		.uleb128 0xb
 2310 002f 0B       		.uleb128 0xb
ARM GAS  C:\Users\user\AppData\Local\Temp\ccTkiMNg.s 			page 50


 2311 0030 3E       		.uleb128 0x3e
 2312 0031 0B       		.uleb128 0xb
 2313 0032 03       		.uleb128 0x3
 2314 0033 08       		.uleb128 0x8
 2315 0034 00       		.byte	0
 2316 0035 00       		.byte	0
 2317 0036 05       		.uleb128 0x5
 2318 0037 16       		.uleb128 0x16
 2319 0038 00       		.byte	0
 2320 0039 03       		.uleb128 0x3
 2321 003a 0E       		.uleb128 0xe
 2322 003b 3A       		.uleb128 0x3a
 2323 003c 0B       		.uleb128 0xb
 2324 003d 3B       		.uleb128 0x3b
 2325 003e 05       		.uleb128 0x5
 2326 003f 49       		.uleb128 0x49
 2327 0040 13       		.uleb128 0x13
 2328 0041 00       		.byte	0
 2329 0042 00       		.byte	0
 2330 0043 06       		.uleb128 0x6
 2331 0044 35       		.uleb128 0x35
 2332 0045 00       		.byte	0
 2333 0046 49       		.uleb128 0x49
 2334 0047 13       		.uleb128 0x13
 2335 0048 00       		.byte	0
 2336 0049 00       		.byte	0
 2337 004a 07       		.uleb128 0x7
 2338 004b 04       		.uleb128 0x4
 2339 004c 01       		.byte	0x1
 2340 004d 0B       		.uleb128 0xb
 2341 004e 0B       		.uleb128 0xb
 2342 004f 49       		.uleb128 0x49
 2343 0050 13       		.uleb128 0x13
 2344 0051 3A       		.uleb128 0x3a
 2345 0052 0B       		.uleb128 0xb
 2346 0053 3B       		.uleb128 0x3b
 2347 0054 0B       		.uleb128 0xb
 2348 0055 01       		.uleb128 0x1
 2349 0056 13       		.uleb128 0x13
 2350 0057 00       		.byte	0
 2351 0058 00       		.byte	0
 2352 0059 08       		.uleb128 0x8
 2353 005a 28       		.uleb128 0x28
 2354 005b 00       		.byte	0
 2355 005c 03       		.uleb128 0x3
 2356 005d 0E       		.uleb128 0xe
 2357 005e 1C       		.uleb128 0x1c
 2358 005f 0B       		.uleb128 0xb
 2359 0060 00       		.byte	0
 2360 0061 00       		.byte	0
 2361 0062 09       		.uleb128 0x9
 2362 0063 2E       		.uleb128 0x2e
 2363 0064 01       		.byte	0x1
 2364 0065 03       		.uleb128 0x3
 2365 0066 0E       		.uleb128 0xe
 2366 0067 3A       		.uleb128 0x3a
 2367 0068 0B       		.uleb128 0xb
ARM GAS  C:\Users\user\AppData\Local\Temp\ccTkiMNg.s 			page 51


 2368 0069 3B       		.uleb128 0x3b
 2369 006a 0B       		.uleb128 0xb
 2370 006b 27       		.uleb128 0x27
 2371 006c 19       		.uleb128 0x19
 2372 006d 49       		.uleb128 0x49
 2373 006e 13       		.uleb128 0x13
 2374 006f 11       		.uleb128 0x11
 2375 0070 01       		.uleb128 0x1
 2376 0071 12       		.uleb128 0x12
 2377 0072 06       		.uleb128 0x6
 2378 0073 40       		.uleb128 0x40
 2379 0074 18       		.uleb128 0x18
 2380 0075 9742     		.uleb128 0x2117
 2381 0077 19       		.uleb128 0x19
 2382 0078 01       		.uleb128 0x1
 2383 0079 13       		.uleb128 0x13
 2384 007a 00       		.byte	0
 2385 007b 00       		.byte	0
 2386 007c 0A       		.uleb128 0xa
 2387 007d 05       		.uleb128 0x5
 2388 007e 00       		.byte	0
 2389 007f 03       		.uleb128 0x3
 2390 0080 0E       		.uleb128 0xe
 2391 0081 3A       		.uleb128 0x3a
 2392 0082 0B       		.uleb128 0xb
 2393 0083 3B       		.uleb128 0x3b
 2394 0084 0B       		.uleb128 0xb
 2395 0085 49       		.uleb128 0x49
 2396 0086 13       		.uleb128 0x13
 2397 0087 02       		.uleb128 0x2
 2398 0088 17       		.uleb128 0x17
 2399 0089 00       		.byte	0
 2400 008a 00       		.byte	0
 2401 008b 0B       		.uleb128 0xb
 2402 008c 34       		.uleb128 0x34
 2403 008d 00       		.byte	0
 2404 008e 03       		.uleb128 0x3
 2405 008f 08       		.uleb128 0x8
 2406 0090 3A       		.uleb128 0x3a
 2407 0091 0B       		.uleb128 0xb
 2408 0092 3B       		.uleb128 0x3b
 2409 0093 0B       		.uleb128 0xb
 2410 0094 49       		.uleb128 0x49
 2411 0095 13       		.uleb128 0x13
 2412 0096 02       		.uleb128 0x2
 2413 0097 17       		.uleb128 0x17
 2414 0098 00       		.byte	0
 2415 0099 00       		.byte	0
 2416 009a 0C       		.uleb128 0xc
 2417 009b 898201   		.uleb128 0x4109
 2418 009e 01       		.byte	0x1
 2419 009f 11       		.uleb128 0x11
 2420 00a0 01       		.uleb128 0x1
 2421 00a1 31       		.uleb128 0x31
 2422 00a2 13       		.uleb128 0x13
 2423 00a3 01       		.uleb128 0x1
 2424 00a4 13       		.uleb128 0x13
ARM GAS  C:\Users\user\AppData\Local\Temp\ccTkiMNg.s 			page 52


 2425 00a5 00       		.byte	0
 2426 00a6 00       		.byte	0
 2427 00a7 0D       		.uleb128 0xd
 2428 00a8 8A8201   		.uleb128 0x410a
 2429 00ab 00       		.byte	0
 2430 00ac 02       		.uleb128 0x2
 2431 00ad 18       		.uleb128 0x18
 2432 00ae 9142     		.uleb128 0x2111
 2433 00b0 18       		.uleb128 0x18
 2434 00b1 00       		.byte	0
 2435 00b2 00       		.byte	0
 2436 00b3 0E       		.uleb128 0xe
 2437 00b4 898201   		.uleb128 0x4109
 2438 00b7 00       		.byte	0
 2439 00b8 11       		.uleb128 0x11
 2440 00b9 01       		.uleb128 0x1
 2441 00ba 31       		.uleb128 0x31
 2442 00bb 13       		.uleb128 0x13
 2443 00bc 00       		.byte	0
 2444 00bd 00       		.byte	0
 2445 00be 0F       		.uleb128 0xf
 2446 00bf 2E       		.uleb128 0x2e
 2447 00c0 01       		.byte	0x1
 2448 00c1 03       		.uleb128 0x3
 2449 00c2 0E       		.uleb128 0xe
 2450 00c3 3A       		.uleb128 0x3a
 2451 00c4 0B       		.uleb128 0xb
 2452 00c5 3B       		.uleb128 0x3b
 2453 00c6 0B       		.uleb128 0xb
 2454 00c7 27       		.uleb128 0x27
 2455 00c8 19       		.uleb128 0x19
 2456 00c9 11       		.uleb128 0x11
 2457 00ca 01       		.uleb128 0x1
 2458 00cb 12       		.uleb128 0x12
 2459 00cc 06       		.uleb128 0x6
 2460 00cd 40       		.uleb128 0x40
 2461 00ce 18       		.uleb128 0x18
 2462 00cf 9742     		.uleb128 0x2117
 2463 00d1 19       		.uleb128 0x19
 2464 00d2 01       		.uleb128 0x1
 2465 00d3 13       		.uleb128 0x13
 2466 00d4 00       		.byte	0
 2467 00d5 00       		.byte	0
 2468 00d6 10       		.uleb128 0x10
 2469 00d7 05       		.uleb128 0x5
 2470 00d8 00       		.byte	0
 2471 00d9 03       		.uleb128 0x3
 2472 00da 08       		.uleb128 0x8
 2473 00db 3A       		.uleb128 0x3a
 2474 00dc 0B       		.uleb128 0xb
 2475 00dd 3B       		.uleb128 0x3b
 2476 00de 0B       		.uleb128 0xb
 2477 00df 49       		.uleb128 0x49
 2478 00e0 13       		.uleb128 0x13
 2479 00e1 02       		.uleb128 0x2
 2480 00e2 17       		.uleb128 0x17
 2481 00e3 00       		.byte	0
ARM GAS  C:\Users\user\AppData\Local\Temp\ccTkiMNg.s 			page 53


 2482 00e4 00       		.byte	0
 2483 00e5 11       		.uleb128 0x11
 2484 00e6 34       		.uleb128 0x34
 2485 00e7 00       		.byte	0
 2486 00e8 03       		.uleb128 0x3
 2487 00e9 08       		.uleb128 0x8
 2488 00ea 3A       		.uleb128 0x3a
 2489 00eb 0B       		.uleb128 0xb
 2490 00ec 3B       		.uleb128 0x3b
 2491 00ed 0B       		.uleb128 0xb
 2492 00ee 49       		.uleb128 0x49
 2493 00ef 13       		.uleb128 0x13
 2494 00f0 02       		.uleb128 0x2
 2495 00f1 18       		.uleb128 0x18
 2496 00f2 00       		.byte	0
 2497 00f3 00       		.byte	0
 2498 00f4 12       		.uleb128 0x12
 2499 00f5 34       		.uleb128 0x34
 2500 00f6 00       		.byte	0
 2501 00f7 03       		.uleb128 0x3
 2502 00f8 0E       		.uleb128 0xe
 2503 00f9 3A       		.uleb128 0x3a
 2504 00fa 0B       		.uleb128 0xb
 2505 00fb 3B       		.uleb128 0x3b
 2506 00fc 0B       		.uleb128 0xb
 2507 00fd 49       		.uleb128 0x49
 2508 00fe 13       		.uleb128 0x13
 2509 00ff 02       		.uleb128 0x2
 2510 0100 17       		.uleb128 0x17
 2511 0101 00       		.byte	0
 2512 0102 00       		.byte	0
 2513 0103 13       		.uleb128 0x13
 2514 0104 898201   		.uleb128 0x4109
 2515 0107 01       		.byte	0x1
 2516 0108 11       		.uleb128 0x11
 2517 0109 01       		.uleb128 0x1
 2518 010a 31       		.uleb128 0x31
 2519 010b 13       		.uleb128 0x13
 2520 010c 00       		.byte	0
 2521 010d 00       		.byte	0
 2522 010e 14       		.uleb128 0x14
 2523 010f 0F       		.uleb128 0xf
 2524 0110 00       		.byte	0
 2525 0111 0B       		.uleb128 0xb
 2526 0112 0B       		.uleb128 0xb
 2527 0113 49       		.uleb128 0x49
 2528 0114 13       		.uleb128 0x13
 2529 0115 00       		.byte	0
 2530 0116 00       		.byte	0
 2531 0117 15       		.uleb128 0x15
 2532 0118 01       		.uleb128 0x1
 2533 0119 01       		.byte	0x1
 2534 011a 49       		.uleb128 0x49
 2535 011b 13       		.uleb128 0x13
 2536 011c 01       		.uleb128 0x1
 2537 011d 13       		.uleb128 0x13
 2538 011e 00       		.byte	0
ARM GAS  C:\Users\user\AppData\Local\Temp\ccTkiMNg.s 			page 54


 2539 011f 00       		.byte	0
 2540 0120 16       		.uleb128 0x16
 2541 0121 21       		.uleb128 0x21
 2542 0122 00       		.byte	0
 2543 0123 49       		.uleb128 0x49
 2544 0124 13       		.uleb128 0x13
 2545 0125 2F       		.uleb128 0x2f
 2546 0126 0B       		.uleb128 0xb
 2547 0127 00       		.byte	0
 2548 0128 00       		.byte	0
 2549 0129 17       		.uleb128 0x17
 2550 012a 2E       		.uleb128 0x2e
 2551 012b 01       		.byte	0x1
 2552 012c 03       		.uleb128 0x3
 2553 012d 0E       		.uleb128 0xe
 2554 012e 3A       		.uleb128 0x3a
 2555 012f 0B       		.uleb128 0xb
 2556 0130 3B       		.uleb128 0x3b
 2557 0131 0B       		.uleb128 0xb
 2558 0132 27       		.uleb128 0x27
 2559 0133 19       		.uleb128 0x19
 2560 0134 11       		.uleb128 0x11
 2561 0135 01       		.uleb128 0x1
 2562 0136 12       		.uleb128 0x12
 2563 0137 06       		.uleb128 0x6
 2564 0138 40       		.uleb128 0x40
 2565 0139 18       		.uleb128 0x18
 2566 013a 9642     		.uleb128 0x2116
 2567 013c 19       		.uleb128 0x19
 2568 013d 01       		.uleb128 0x1
 2569 013e 13       		.uleb128 0x13
 2570 013f 00       		.byte	0
 2571 0140 00       		.byte	0
 2572 0141 18       		.uleb128 0x18
 2573 0142 34       		.uleb128 0x34
 2574 0143 00       		.byte	0
 2575 0144 03       		.uleb128 0x3
 2576 0145 0E       		.uleb128 0xe
 2577 0146 3A       		.uleb128 0x3a
 2578 0147 0B       		.uleb128 0xb
 2579 0148 3B       		.uleb128 0x3b
 2580 0149 0B       		.uleb128 0xb
 2581 014a 49       		.uleb128 0x49
 2582 014b 13       		.uleb128 0x13
 2583 014c 02       		.uleb128 0x2
 2584 014d 18       		.uleb128 0x18
 2585 014e 00       		.byte	0
 2586 014f 00       		.byte	0
 2587 0150 19       		.uleb128 0x19
 2588 0151 2E       		.uleb128 0x2e
 2589 0152 01       		.byte	0x1
 2590 0153 3F       		.uleb128 0x3f
 2591 0154 19       		.uleb128 0x19
 2592 0155 03       		.uleb128 0x3
 2593 0156 0E       		.uleb128 0xe
 2594 0157 3A       		.uleb128 0x3a
 2595 0158 0B       		.uleb128 0xb
ARM GAS  C:\Users\user\AppData\Local\Temp\ccTkiMNg.s 			page 55


 2596 0159 3B       		.uleb128 0x3b
 2597 015a 05       		.uleb128 0x5
 2598 015b 27       		.uleb128 0x27
 2599 015c 19       		.uleb128 0x19
 2600 015d 11       		.uleb128 0x11
 2601 015e 01       		.uleb128 0x1
 2602 015f 12       		.uleb128 0x12
 2603 0160 06       		.uleb128 0x6
 2604 0161 40       		.uleb128 0x40
 2605 0162 18       		.uleb128 0x18
 2606 0163 9642     		.uleb128 0x2116
 2607 0165 19       		.uleb128 0x19
 2608 0166 01       		.uleb128 0x1
 2609 0167 13       		.uleb128 0x13
 2610 0168 00       		.byte	0
 2611 0169 00       		.byte	0
 2612 016a 1A       		.uleb128 0x1a
 2613 016b 34       		.uleb128 0x34
 2614 016c 00       		.byte	0
 2615 016d 03       		.uleb128 0x3
 2616 016e 08       		.uleb128 0x8
 2617 016f 3A       		.uleb128 0x3a
 2618 0170 0B       		.uleb128 0xb
 2619 0171 3B       		.uleb128 0x3b
 2620 0172 05       		.uleb128 0x5
 2621 0173 49       		.uleb128 0x49
 2622 0174 13       		.uleb128 0x13
 2623 0175 02       		.uleb128 0x2
 2624 0176 17       		.uleb128 0x17
 2625 0177 00       		.byte	0
 2626 0178 00       		.byte	0
 2627 0179 1B       		.uleb128 0x1b
 2628 017a 34       		.uleb128 0x34
 2629 017b 00       		.byte	0
 2630 017c 03       		.uleb128 0x3
 2631 017d 0E       		.uleb128 0xe
 2632 017e 3A       		.uleb128 0x3a
 2633 017f 0B       		.uleb128 0xb
 2634 0180 3B       		.uleb128 0x3b
 2635 0181 05       		.uleb128 0x5
 2636 0182 49       		.uleb128 0x49
 2637 0183 13       		.uleb128 0x13
 2638 0184 02       		.uleb128 0x2
 2639 0185 18       		.uleb128 0x18
 2640 0186 00       		.byte	0
 2641 0187 00       		.byte	0
 2642 0188 1C       		.uleb128 0x1c
 2643 0189 34       		.uleb128 0x34
 2644 018a 00       		.byte	0
 2645 018b 03       		.uleb128 0x3
 2646 018c 08       		.uleb128 0x8
 2647 018d 3A       		.uleb128 0x3a
 2648 018e 0B       		.uleb128 0xb
 2649 018f 3B       		.uleb128 0x3b
 2650 0190 05       		.uleb128 0x5
 2651 0191 49       		.uleb128 0x49
 2652 0192 13       		.uleb128 0x13
ARM GAS  C:\Users\user\AppData\Local\Temp\ccTkiMNg.s 			page 56


 2653 0193 02       		.uleb128 0x2
 2654 0194 18       		.uleb128 0x18
 2655 0195 00       		.byte	0
 2656 0196 00       		.byte	0
 2657 0197 1D       		.uleb128 0x1d
 2658 0198 2E       		.uleb128 0x2e
 2659 0199 01       		.byte	0x1
 2660 019a 3F       		.uleb128 0x3f
 2661 019b 19       		.uleb128 0x19
 2662 019c 03       		.uleb128 0x3
 2663 019d 0E       		.uleb128 0xe
 2664 019e 3A       		.uleb128 0x3a
 2665 019f 0B       		.uleb128 0xb
 2666 01a0 3B       		.uleb128 0x3b
 2667 01a1 0B       		.uleb128 0xb
 2668 01a2 27       		.uleb128 0x27
 2669 01a3 19       		.uleb128 0x19
 2670 01a4 11       		.uleb128 0x11
 2671 01a5 01       		.uleb128 0x1
 2672 01a6 12       		.uleb128 0x12
 2673 01a7 06       		.uleb128 0x6
 2674 01a8 40       		.uleb128 0x40
 2675 01a9 18       		.uleb128 0x18
 2676 01aa 9742     		.uleb128 0x2117
 2677 01ac 19       		.uleb128 0x19
 2678 01ad 01       		.uleb128 0x1
 2679 01ae 13       		.uleb128 0x13
 2680 01af 00       		.byte	0
 2681 01b0 00       		.byte	0
 2682 01b1 1E       		.uleb128 0x1e
 2683 01b2 2E       		.uleb128 0x2e
 2684 01b3 01       		.byte	0x1
 2685 01b4 3F       		.uleb128 0x3f
 2686 01b5 19       		.uleb128 0x19
 2687 01b6 03       		.uleb128 0x3
 2688 01b7 0E       		.uleb128 0xe
 2689 01b8 3A       		.uleb128 0x3a
 2690 01b9 0B       		.uleb128 0xb
 2691 01ba 3B       		.uleb128 0x3b
 2692 01bb 0B       		.uleb128 0xb
 2693 01bc 27       		.uleb128 0x27
 2694 01bd 19       		.uleb128 0x19
 2695 01be 11       		.uleb128 0x11
 2696 01bf 01       		.uleb128 0x1
 2697 01c0 12       		.uleb128 0x12
 2698 01c1 06       		.uleb128 0x6
 2699 01c2 40       		.uleb128 0x40
 2700 01c3 18       		.uleb128 0x18
 2701 01c4 9642     		.uleb128 0x2116
 2702 01c6 19       		.uleb128 0x19
 2703 01c7 01       		.uleb128 0x1
 2704 01c8 13       		.uleb128 0x13
 2705 01c9 00       		.byte	0
 2706 01ca 00       		.byte	0
 2707 01cb 1F       		.uleb128 0x1f
 2708 01cc 0B       		.uleb128 0xb
 2709 01cd 01       		.byte	0x1
ARM GAS  C:\Users\user\AppData\Local\Temp\ccTkiMNg.s 			page 57


 2710 01ce 11       		.uleb128 0x11
 2711 01cf 01       		.uleb128 0x1
 2712 01d0 12       		.uleb128 0x12
 2713 01d1 06       		.uleb128 0x6
 2714 01d2 01       		.uleb128 0x1
 2715 01d3 13       		.uleb128 0x13
 2716 01d4 00       		.byte	0
 2717 01d5 00       		.byte	0
 2718 01d6 20       		.uleb128 0x20
 2719 01d7 0B       		.uleb128 0xb
 2720 01d8 01       		.byte	0x1
 2721 01d9 55       		.uleb128 0x55
 2722 01da 17       		.uleb128 0x17
 2723 01db 01       		.uleb128 0x1
 2724 01dc 13       		.uleb128 0x13
 2725 01dd 00       		.byte	0
 2726 01de 00       		.byte	0
 2727 01df 21       		.uleb128 0x21
 2728 01e0 2E       		.uleb128 0x2e
 2729 01e1 01       		.byte	0x1
 2730 01e2 3F       		.uleb128 0x3f
 2731 01e3 19       		.uleb128 0x19
 2732 01e4 03       		.uleb128 0x3
 2733 01e5 0E       		.uleb128 0xe
 2734 01e6 3A       		.uleb128 0x3a
 2735 01e7 0B       		.uleb128 0xb
 2736 01e8 3B       		.uleb128 0x3b
 2737 01e9 05       		.uleb128 0x5
 2738 01ea 27       		.uleb128 0x27
 2739 01eb 19       		.uleb128 0x19
 2740 01ec 11       		.uleb128 0x11
 2741 01ed 01       		.uleb128 0x1
 2742 01ee 12       		.uleb128 0x12
 2743 01ef 06       		.uleb128 0x6
 2744 01f0 40       		.uleb128 0x40
 2745 01f1 18       		.uleb128 0x18
 2746 01f2 9742     		.uleb128 0x2117
 2747 01f4 19       		.uleb128 0x19
 2748 01f5 01       		.uleb128 0x1
 2749 01f6 13       		.uleb128 0x13
 2750 01f7 00       		.byte	0
 2751 01f8 00       		.byte	0
 2752 01f9 22       		.uleb128 0x22
 2753 01fa 34       		.uleb128 0x34
 2754 01fb 00       		.byte	0
 2755 01fc 03       		.uleb128 0x3
 2756 01fd 0E       		.uleb128 0xe
 2757 01fe 3A       		.uleb128 0x3a
 2758 01ff 0B       		.uleb128 0xb
 2759 0200 3B       		.uleb128 0x3b
 2760 0201 05       		.uleb128 0x5
 2761 0202 49       		.uleb128 0x49
 2762 0203 13       		.uleb128 0x13
 2763 0204 3F       		.uleb128 0x3f
 2764 0205 19       		.uleb128 0x19
 2765 0206 3C       		.uleb128 0x3c
 2766 0207 19       		.uleb128 0x19
ARM GAS  C:\Users\user\AppData\Local\Temp\ccTkiMNg.s 			page 58


 2767 0208 00       		.byte	0
 2768 0209 00       		.byte	0
 2769 020a 23       		.uleb128 0x23
 2770 020b 34       		.uleb128 0x34
 2771 020c 00       		.byte	0
 2772 020d 03       		.uleb128 0x3
 2773 020e 0E       		.uleb128 0xe
 2774 020f 3A       		.uleb128 0x3a
 2775 0210 0B       		.uleb128 0xb
 2776 0211 3B       		.uleb128 0x3b
 2777 0212 0B       		.uleb128 0xb
 2778 0213 49       		.uleb128 0x49
 2779 0214 13       		.uleb128 0x13
 2780 0215 3F       		.uleb128 0x3f
 2781 0216 19       		.uleb128 0x19
 2782 0217 02       		.uleb128 0x2
 2783 0218 18       		.uleb128 0x18
 2784 0219 00       		.byte	0
 2785 021a 00       		.byte	0
 2786 021b 24       		.uleb128 0x24
 2787 021c 34       		.uleb128 0x34
 2788 021d 00       		.byte	0
 2789 021e 03       		.uleb128 0x3
 2790 021f 0E       		.uleb128 0xe
 2791 0220 3A       		.uleb128 0x3a
 2792 0221 0B       		.uleb128 0xb
 2793 0222 3B       		.uleb128 0x3b
 2794 0223 0B       		.uleb128 0xb
 2795 0224 49       		.uleb128 0x49
 2796 0225 13       		.uleb128 0x13
 2797 0226 3F       		.uleb128 0x3f
 2798 0227 19       		.uleb128 0x19
 2799 0228 3C       		.uleb128 0x3c
 2800 0229 19       		.uleb128 0x19
 2801 022a 00       		.byte	0
 2802 022b 00       		.byte	0
 2803 022c 25       		.uleb128 0x25
 2804 022d 2E       		.uleb128 0x2e
 2805 022e 00       		.byte	0
 2806 022f 3F       		.uleb128 0x3f
 2807 0230 19       		.uleb128 0x19
 2808 0231 3C       		.uleb128 0x3c
 2809 0232 19       		.uleb128 0x19
 2810 0233 6E       		.uleb128 0x6e
 2811 0234 0E       		.uleb128 0xe
 2812 0235 03       		.uleb128 0x3
 2813 0236 0E       		.uleb128 0xe
 2814 0237 3A       		.uleb128 0x3a
 2815 0238 0B       		.uleb128 0xb
 2816 0239 3B       		.uleb128 0x3b
 2817 023a 0B       		.uleb128 0xb
 2818 023b 00       		.byte	0
 2819 023c 00       		.byte	0
 2820 023d 00       		.byte	0
 2821              		.section	.debug_loc,"",%progbits
 2822              	.Ldebug_loc0:
 2823              	.LLST0:
ARM GAS  C:\Users\user\AppData\Local\Temp\ccTkiMNg.s 			page 59


 2824 0000 00000000 		.4byte	.LVL0
 2825 0004 08000000 		.4byte	.LVL2
 2826 0008 0100     		.2byte	0x1
 2827 000a 50       		.byte	0x50
 2828 000b 08000000 		.4byte	.LVL2
 2829 000f 26000000 		.4byte	.LFE64
 2830 0013 0100     		.2byte	0x1
 2831 0015 55       		.byte	0x55
 2832 0016 00000000 		.4byte	0
 2833 001a 00000000 		.4byte	0
 2834              	.LLST1:
 2835 001e 04000000 		.4byte	.LVL1
 2836 0022 08000000 		.4byte	.LVL2
 2837 0026 0200     		.2byte	0x2
 2838 0028 30       		.byte	0x30
 2839 0029 9F       		.byte	0x9f
 2840 002a 08000000 		.4byte	.LVL2
 2841 002e 26000000 		.4byte	.LFE64
 2842 0032 0100     		.2byte	0x1
 2843 0034 54       		.byte	0x54
 2844 0035 00000000 		.4byte	0
 2845 0039 00000000 		.4byte	0
 2846              	.LLST2:
 2847 003d 00000000 		.4byte	.LVL9
 2848 0041 05000000 		.4byte	.LVL10-1
 2849 0045 0100     		.2byte	0x1
 2850 0047 50       		.byte	0x50
 2851 0048 05000000 		.4byte	.LVL10-1
 2852 004c 08000000 		.4byte	.LFE63
 2853 0050 0400     		.2byte	0x4
 2854 0052 F3       		.byte	0xf3
 2855 0053 01       		.uleb128 0x1
 2856 0054 50       		.byte	0x50
 2857 0055 9F       		.byte	0x9f
 2858 0056 00000000 		.4byte	0
 2859 005a 00000000 		.4byte	0
 2860              	.LLST3:
 2861 005e 00000000 		.4byte	.LVL11
 2862 0062 08000000 		.4byte	.LVL13
 2863 0066 0100     		.2byte	0x1
 2864 0068 50       		.byte	0x50
 2865 0069 08000000 		.4byte	.LVL13
 2866 006d 8E000000 		.4byte	.LFE65
 2867 0071 0100     		.2byte	0x1
 2868 0073 56       		.byte	0x56
 2869 0074 00000000 		.4byte	0
 2870 0078 00000000 		.4byte	0
 2871              	.LLST4:
 2872 007c 14000000 		.4byte	.LVL16
 2873 0080 2A000000 		.4byte	.LVL18
 2874 0084 0100     		.2byte	0x1
 2875 0086 54       		.byte	0x54
 2876 0087 2C000000 		.4byte	.LVL19
 2877 008b 32000000 		.4byte	.LVL20
 2878 008f 0100     		.2byte	0x1
 2879 0091 54       		.byte	0x54
 2880 0092 34000000 		.4byte	.LVL21
ARM GAS  C:\Users\user\AppData\Local\Temp\ccTkiMNg.s 			page 60


 2881 0096 42000000 		.4byte	.LVL23
 2882 009a 0100     		.2byte	0x1
 2883 009c 54       		.byte	0x54
 2884 009d 44000000 		.4byte	.LVL24
 2885 00a1 80000000 		.4byte	.LVL30
 2886 00a5 0100     		.2byte	0x1
 2887 00a7 54       		.byte	0x54
 2888 00a8 84000000 		.4byte	.LVL31
 2889 00ac 8A000000 		.4byte	.LVL33
 2890 00b0 0100     		.2byte	0x1
 2891 00b2 54       		.byte	0x54
 2892 00b3 00000000 		.4byte	0
 2893 00b7 00000000 		.4byte	0
 2894              	.LLST5:
 2895 00bb 50000000 		.4byte	.LVL25
 2896 00bf 5B000000 		.4byte	.LVL26-1
 2897 00c3 0100     		.2byte	0x1
 2898 00c5 50       		.byte	0x50
 2899 00c6 78000000 		.4byte	.LVL27
 2900 00ca 7A000000 		.4byte	.LVL28
 2901 00ce 0100     		.2byte	0x1
 2902 00d0 50       		.byte	0x50
 2903 00d1 88000000 		.4byte	.LVL32
 2904 00d5 8A000000 		.4byte	.LVL33
 2905 00d9 0100     		.2byte	0x1
 2906 00db 50       		.byte	0x50
 2907 00dc 00000000 		.4byte	0
 2908 00e0 00000000 		.4byte	0
 2909              	.LLST6:
 2910 00e4 06000000 		.4byte	.LVL12
 2911 00e8 08000000 		.4byte	.LVL13
 2912 00ec 0200     		.2byte	0x2
 2913 00ee 30       		.byte	0x30
 2914 00ef 9F       		.byte	0x9f
 2915 00f0 08000000 		.4byte	.LVL13
 2916 00f4 0A000000 		.4byte	.LVL14
 2917 00f8 0100     		.2byte	0x1
 2918 00fa 55       		.byte	0x55
 2919 00fb 0C000000 		.4byte	.LVL15
 2920 00ff 8E000000 		.4byte	.LFE65
 2921 0103 0100     		.2byte	0x1
 2922 0105 55       		.byte	0x55
 2923 0106 00000000 		.4byte	0
 2924 010a 00000000 		.4byte	0
 2925              	.LLST7:
 2926 010e 36000000 		.4byte	.LVL44
 2927 0112 3E000000 		.4byte	.LVL46
 2928 0116 0100     		.2byte	0x1
 2929 0118 54       		.byte	0x54
 2930 0119 40000000 		.4byte	.LVL47
 2931 011d 42000000 		.4byte	.LVL48
 2932 0121 0100     		.2byte	0x1
 2933 0123 54       		.byte	0x54
 2934 0124 44000000 		.4byte	.LVL49
 2935 0128 62000000 		.4byte	.LVL54
 2936 012c 0100     		.2byte	0x1
 2937 012e 54       		.byte	0x54
ARM GAS  C:\Users\user\AppData\Local\Temp\ccTkiMNg.s 			page 61


 2938 012f 64000000 		.4byte	.LVL55
 2939 0133 82000000 		.4byte	.LVL62
 2940 0137 0100     		.2byte	0x1
 2941 0139 54       		.byte	0x54
 2942 013a 96000000 		.4byte	.LVL65
 2943 013e 9A000000 		.4byte	.LVL66
 2944 0142 0200     		.2byte	0x2
 2945 0144 30       		.byte	0x30
 2946 0145 9F       		.byte	0x9f
 2947 0146 9A000000 		.4byte	.LVL66
 2948 014a A8000000 		.4byte	.LVL67
 2949 014e 0100     		.2byte	0x1
 2950 0150 53       		.byte	0x53
 2951 0151 CC000000 		.4byte	.LVL68
 2952 0155 D9000000 		.4byte	.LVL69-1
 2953 0159 0100     		.2byte	0x1
 2954 015b 53       		.byte	0x53
 2955 015c E2000000 		.4byte	.LVL70
 2956 0160 E6000000 		.4byte	.LVL71
 2957 0164 0200     		.2byte	0x2
 2958 0166 30       		.byte	0x30
 2959 0167 9F       		.byte	0x9f
 2960 0168 E6000000 		.4byte	.LVL71
 2961 016c 20010000 		.4byte	.LVL72
 2962 0170 0100     		.2byte	0x1
 2963 0172 53       		.byte	0x53
 2964 0173 22010000 		.4byte	.LVL73
 2965 0177 2F010000 		.4byte	.LVL74-1
 2966 017b 0100     		.2byte	0x1
 2967 017d 53       		.byte	0x53
 2968 017e 00000000 		.4byte	0
 2969 0182 00000000 		.4byte	0
 2970              	.LLST8:
 2971 0186 0E000000 		.4byte	.LVL36
 2972 018a 34000000 		.4byte	.LVL43
 2973 018e 0100     		.2byte	0x1
 2974 0190 54       		.byte	0x54
 2975 0191 42000000 		.4byte	.LVL48
 2976 0195 44000000 		.4byte	.LVL49
 2977 0199 0100     		.2byte	0x1
 2978 019b 54       		.byte	0x54
 2979 019c 00000000 		.4byte	0
 2980 01a0 00000000 		.4byte	0
 2981              	.LLST9:
 2982 01a4 16000000 		.4byte	.LVL37
 2983 01a8 20000000 		.4byte	.LVL38
 2984 01ac 0100     		.2byte	0x1
 2985 01ae 50       		.byte	0x50
 2986 01af 26000000 		.4byte	.LVL40
 2987 01b3 36000000 		.4byte	.LVL44
 2988 01b7 0100     		.2byte	0x1
 2989 01b9 50       		.byte	0x50
 2990 01ba 42000000 		.4byte	.LVL48
 2991 01be 44000000 		.4byte	.LVL49
 2992 01c2 0100     		.2byte	0x1
 2993 01c4 50       		.byte	0x50
 2994 01c5 00000000 		.4byte	0
ARM GAS  C:\Users\user\AppData\Local\Temp\ccTkiMNg.s 			page 62


 2995 01c9 00000000 		.4byte	0
 2996              	.LLST10:
 2997 01cd 2C000000 		.4byte	.LVL41
 2998 01d1 32000000 		.4byte	.LVL42
 2999 01d5 0100     		.2byte	0x1
 3000 01d7 55       		.byte	0x55
 3001 01d8 32000000 		.4byte	.LVL42
 3002 01dc 34000000 		.4byte	.LVL43
 3003 01e0 0800     		.2byte	0x8
 3004 01e2 70       		.byte	0x70
 3005 01e3 00       		.sleb128 0
 3006 01e4 38       		.byte	0x38
 3007 01e5 24       		.byte	0x24
 3008 01e6 74       		.byte	0x74
 3009 01e7 00       		.sleb128 0
 3010 01e8 21       		.byte	0x21
 3011 01e9 9F       		.byte	0x9f
 3012 01ea 36000000 		.4byte	.LVL44
 3013 01ee 52000000 		.4byte	.LVL51
 3014 01f2 0100     		.2byte	0x1
 3015 01f4 55       		.byte	0x55
 3016 01f5 00000000 		.4byte	0
 3017 01f9 00000000 		.4byte	0
 3018              	.LLST11:
 3019 01fd 04000000 		.4byte	.LVL34
 3020 0201 52000000 		.4byte	.LVL51
 3021 0205 0200     		.2byte	0x2
 3022 0207 30       		.byte	0x30
 3023 0208 9F       		.byte	0x9f
 3024 0209 52000000 		.4byte	.LVL51
 3025 020d 7E000000 		.4byte	.LVL60
 3026 0211 0100     		.2byte	0x1
 3027 0213 55       		.byte	0x55
 3028 0214 00000000 		.4byte	0
 3029 0218 00000000 		.4byte	0
 3030              	.LLST12:
 3031 021c 70000000 		.4byte	.LVL56
 3032 0220 76000000 		.4byte	.LVL57
 3033 0224 0100     		.2byte	0x1
 3034 0226 50       		.byte	0x50
 3035 0227 7C000000 		.4byte	.LVL59
 3036 022b 84000000 		.4byte	.LVL63
 3037 022f 0100     		.2byte	0x1
 3038 0231 50       		.byte	0x50
 3039 0232 00000000 		.4byte	0
 3040 0236 00000000 		.4byte	0
 3041              	.LLST13:
 3042 023a 04000000 		.4byte	.LVL34
 3043 023e C4010000 		.4byte	.LVL83
 3044 0242 0300     		.2byte	0x3
 3045 0244 91       		.byte	0x91
 3046 0245 6C       		.sleb128 -20
 3047 0246 9F       		.byte	0x9f
 3048 0247 C4010000 		.4byte	.LVL83
 3049 024b C8010000 		.4byte	.LFE66
 3050 024f 0300     		.2byte	0x3
 3051 0251 7D       		.byte	0x7d
ARM GAS  C:\Users\user\AppData\Local\Temp\ccTkiMNg.s 			page 63


 3052 0252 6C       		.sleb128 -20
 3053 0253 9F       		.byte	0x9f
 3054 0254 00000000 		.4byte	0
 3055 0258 00000000 		.4byte	0
 3056              	.LLST14:
 3057 025c 54010000 		.4byte	.LVL76
 3058 0260 C0010000 		.4byte	.LVL82
 3059 0264 0100     		.2byte	0x1
 3060 0266 55       		.byte	0x55
 3061 0267 00000000 		.4byte	0
 3062 026b 00000000 		.4byte	0
 3063              	.LLST15:
 3064 026f 76010000 		.4byte	.LVL77
 3065 0273 9B010000 		.4byte	.LVL79-1
 3066 0277 0100     		.2byte	0x1
 3067 0279 50       		.byte	0x50
 3068 027a 00000000 		.4byte	0
 3069 027e 00000000 		.4byte	0
 3070              	.LLST16:
 3071 0282 96010000 		.4byte	.LVL78
 3072 0286 9B010000 		.4byte	.LVL79-1
 3073 028a 0200     		.2byte	0x2
 3074 028c 91       		.byte	0x91
 3075 028d 6C       		.sleb128 -20
 3076 028e 00000000 		.4byte	0
 3077 0292 00000000 		.4byte	0
 3078              	.LLST17:
 3079 0296 80000000 		.4byte	.LVL61
 3080 029a C0010000 		.4byte	.LVL82
 3081 029e 0100     		.2byte	0x1
 3082 02a0 56       		.byte	0x56
 3083 02a1 00000000 		.4byte	0
 3084 02a5 00000000 		.4byte	0
 3085              	.LLST18:
 3086 02a9 82000000 		.4byte	.LVL62
 3087 02ad 32010000 		.4byte	.LVL75
 3088 02b1 0100     		.2byte	0x1
 3089 02b3 54       		.byte	0x54
 3090 02b4 00000000 		.4byte	0
 3091 02b8 00000000 		.4byte	0
 3092              	.LLST19:
 3093 02bc 16000000 		.4byte	.LVL85
 3094 02c0 25000000 		.4byte	.LVL86-1
 3095 02c4 0100     		.2byte	0x1
 3096 02c6 50       		.byte	0x50
 3097 02c7 3E000000 		.4byte	.LVL89
 3098 02cb 96000000 		.4byte	.LVL90
 3099 02cf 0100     		.2byte	0x1
 3100 02d1 50       		.byte	0x50
 3101 02d2 96000000 		.4byte	.LVL90
 3102 02d6 99000000 		.4byte	.LVL91-1
 3103 02da 1000     		.2byte	0x10
 3104 02dc 03       		.byte	0x3
 3105 02dd E2000000 		.4byte	s_rx_ucnt
 3106 02e1 94       		.byte	0x94
 3107 02e2 01       		.byte	0x1
 3108 02e3 08       		.byte	0x8
ARM GAS  C:\Users\user\AppData\Local\Temp\ccTkiMNg.s 			page 64


 3109 02e4 FF       		.byte	0xff
 3110 02e5 1A       		.byte	0x1a
 3111 02e6 71       		.byte	0x71
 3112 02e7 00       		.sleb128 0
 3113 02e8 22       		.byte	0x22
 3114 02e9 23       		.byte	0x23
 3115 02ea E401     		.uleb128 0xe4
 3116 02ec A4000000 		.4byte	.LVL94
 3117 02f0 A6000000 		.4byte	.LVL95
 3118 02f4 0100     		.2byte	0x1
 3119 02f6 50       		.byte	0x50
 3120 02f7 A6000000 		.4byte	.LVL95
 3121 02fb A9000000 		.4byte	.LVL96-1
 3122 02ff 1000     		.2byte	0x10
 3123 0301 03       		.byte	0x3
 3124 0302 E2000000 		.4byte	s_rx_ucnt
 3125 0306 94       		.byte	0x94
 3126 0307 01       		.byte	0x1
 3127 0308 08       		.byte	0x8
 3128 0309 FF       		.byte	0xff
 3129 030a 1A       		.byte	0x1a
 3130 030b 71       		.byte	0x71
 3131 030c 00       		.sleb128 0
 3132 030d 22       		.byte	0x22
 3133 030e 23       		.byte	0x23
 3134 030f E401     		.uleb128 0xe4
 3135 0311 00000000 		.4byte	0
 3136 0315 00000000 		.4byte	0
 3137              	.LLST20:
 3138 0319 12000000 		.4byte	.LVL102
 3139 031d 14000000 		.4byte	.LVL103
 3140 0321 0100     		.2byte	0x1
 3141 0323 50       		.byte	0x50
 3142 0324 00000000 		.4byte	0
 3143 0328 00000000 		.4byte	0
 3144              	.LLST21:
 3145 032c 74000000 		.4byte	.LVL111
 3146 0330 D0000000 		.4byte	.LVL121
 3147 0334 0100     		.2byte	0x1
 3148 0336 5D       		.byte	0x5d
 3149 0337 00000000 		.4byte	0
 3150 033b 00000000 		.4byte	0
 3151              	.LLST22:
 3152 033f BA000000 		.4byte	.LVL116
 3153 0343 C8000000 		.4byte	.LVL119
 3154 0347 0100     		.2byte	0x1
 3155 0349 54       		.byte	0x54
 3156 034a 00000000 		.4byte	0
 3157 034e 00000000 		.4byte	0
 3158              	.LLST23:
 3159 0352 DE000000 		.4byte	.LVL124
 3160 0356 EC000000 		.4byte	.LVL127
 3161 035a 0100     		.2byte	0x1
 3162 035c 54       		.byte	0x54
 3163 035d EE000000 		.4byte	.LVL128
 3164 0361 F0000000 		.4byte	.LVL129
 3165 0365 0100     		.2byte	0x1
ARM GAS  C:\Users\user\AppData\Local\Temp\ccTkiMNg.s 			page 65


 3166 0367 54       		.byte	0x54
 3167 0368 F4000000 		.4byte	.LVL130
 3168 036c 00010000 		.4byte	.LVL132
 3169 0370 0100     		.2byte	0x1
 3170 0372 54       		.byte	0x54
 3171 0373 00000000 		.4byte	0
 3172 0377 00000000 		.4byte	0
 3173              	.LLST24:
 3174 037b DE000000 		.4byte	.LVL124
 3175 037f F0000000 		.4byte	.LVL129
 3176 0383 0100     		.2byte	0x1
 3177 0385 56       		.byte	0x56
 3178 0386 F4000000 		.4byte	.LVL130
 3179 038a 00010000 		.4byte	.LVL132
 3180 038e 0100     		.2byte	0x1
 3181 0390 56       		.byte	0x56
 3182 0391 00000000 		.4byte	0
 3183 0395 00000000 		.4byte	0
 3184              	.LLST25:
 3185 0399 0A000000 		.4byte	.LVL140
 3186 039d 19000000 		.4byte	.LVL141-1
 3187 03a1 0100     		.2byte	0x1
 3188 03a3 50       		.byte	0x50
 3189 03a4 32000000 		.4byte	.LVL144
 3190 03a8 82000000 		.4byte	.LVL145
 3191 03ac 0100     		.2byte	0x1
 3192 03ae 50       		.byte	0x50
 3193 03af 82000000 		.4byte	.LVL145
 3194 03b3 85000000 		.4byte	.LVL146-1
 3195 03b7 0300     		.2byte	0x3
 3196 03b9 72       		.byte	0x72
 3197 03ba E401     		.sleb128 228
 3198 03bc 00000000 		.4byte	0
 3199 03c0 00000000 		.4byte	0
 3200              	.LLST26:
 3201 03c4 04000000 		.4byte	.LVL139
 3202 03c8 98000000 		.4byte	.LVL148
 3203 03cc 0300     		.2byte	0x3
 3204 03ce 91       		.byte	0x91
 3205 03cf 6C       		.sleb128 -20
 3206 03d0 9F       		.byte	0x9f
 3207 03d1 98000000 		.4byte	.LVL148
 3208 03d5 9C000000 		.4byte	.LFE70
 3209 03d9 0300     		.2byte	0x3
 3210 03db 7D       		.byte	0x7d
 3211 03dc 6C       		.sleb128 -20
 3212 03dd 9F       		.byte	0x9f
 3213 03de 00000000 		.4byte	0
 3214 03e2 00000000 		.4byte	0
 3215              		.section	.debug_aranges,"",%progbits
 3216 0000 54000000 		.4byte	0x54
 3217 0004 0200     		.2byte	0x2
 3218 0006 00000000 		.4byte	.Ldebug_info0
 3219 000a 04       		.byte	0x4
 3220 000b 00       		.byte	0
 3221 000c 0000     		.2byte	0
 3222 000e 0000     		.2byte	0
ARM GAS  C:\Users\user\AppData\Local\Temp\ccTkiMNg.s 			page 66


 3223 0010 00000000 		.4byte	.LFB64
 3224 0014 26000000 		.4byte	.LFE64-.LFB64
 3225 0018 00000000 		.4byte	.LFB63
 3226 001c 08000000 		.4byte	.LFE63-.LFB63
 3227 0020 00000000 		.4byte	.LFB65
 3228 0024 8E000000 		.4byte	.LFE65-.LFB65
 3229 0028 00000000 		.4byte	.LFB66
 3230 002c C8010000 		.4byte	.LFE66-.LFB66
 3231 0030 00000000 		.4byte	.LFB69
 3232 0034 C4000000 		.4byte	.LFE69-.LFB69
 3233 0038 00000000 		.4byte	.LFB67
 3234 003c 28000000 		.4byte	.LFE67-.LFB67
 3235 0040 00000000 		.4byte	.LFB68
 3236 0044 54010000 		.4byte	.LFE68-.LFB68
 3237 0048 00000000 		.4byte	.LFB70
 3238 004c 9C000000 		.4byte	.LFE70-.LFB70
 3239 0050 00000000 		.4byte	0
 3240 0054 00000000 		.4byte	0
 3241              		.section	.debug_ranges,"",%progbits
 3242              	.Ldebug_ranges0:
 3243 0000 DE000000 		.4byte	.LBB3
 3244 0004 F0000000 		.4byte	.LBE3
 3245 0008 F4000000 		.4byte	.LBB4
 3246 000c 00010000 		.4byte	.LBE4
 3247 0010 00000000 		.4byte	0
 3248 0014 00000000 		.4byte	0
 3249 0018 00000000 		.4byte	.LFB64
 3250 001c 26000000 		.4byte	.LFE64
 3251 0020 00000000 		.4byte	.LFB63
 3252 0024 08000000 		.4byte	.LFE63
 3253 0028 00000000 		.4byte	.LFB65
 3254 002c 8E000000 		.4byte	.LFE65
 3255 0030 00000000 		.4byte	.LFB66
 3256 0034 C8010000 		.4byte	.LFE66
 3257 0038 00000000 		.4byte	.LFB69
 3258 003c C4000000 		.4byte	.LFE69
 3259 0040 00000000 		.4byte	.LFB67
 3260 0044 28000000 		.4byte	.LFE67
 3261 0048 00000000 		.4byte	.LFB68
 3262 004c 54010000 		.4byte	.LFE68
 3263 0050 00000000 		.4byte	.LFB70
 3264 0054 9C000000 		.4byte	.LFE70
 3265 0058 00000000 		.4byte	0
 3266 005c 00000000 		.4byte	0
 3267              		.section	.debug_line,"",%progbits
 3268              	.Ldebug_line0:
 3269 0000 6F030000 		.section	.debug_str,"MS",%progbits,1
 3269      02008C01 
 3269      00000201 
 3269      FB0E0D00 
 3269      01010101 
 3270              	.LASF61:
 3271 0000 6374726C 		.ascii	"ctrl_set_num_type\000"
 3271      5F736574 
 3271      5F6E756D 
 3271      5F747970 
 3271      6500
ARM GAS  C:\Users\user\AppData\Local\Temp\ccTkiMNg.s 			page 67


 3272              	.LASF38:
 3273 0012 6D6F6465 		.ascii	"mode_inner\000"
 3273      5F696E6E 
 3273      657200
 3274              	.LASF26:
 3275 001d 74726965 		.ascii	"tries\000"
 3275      7300
 3276              	.LASF32:
 3277 0023 7873756D 		.ascii	"xsum_recv\000"
 3277      5F726563 
 3277      7600
 3278              	.LASF23:
 3279 002d 6C6C5F77 		.ascii	"ll_wait_byte\000"
 3279      6169745F 
 3279      62797465 
 3279      00
 3280              	.LASF41:
 3281 003a 55415254 		.ascii	"UARTP_Rx_ISR\000"
 3281      505F5278 
 3281      5F495352 
 3281      00
 3282              	.LASF3:
 3283 0047 73686F72 		.ascii	"short int\000"
 3283      7420696E 
 3283      7400
 3284              	.LASF54:
 3285 0051 55415254 		.ascii	"UARTP_PendingRef\000"
 3285      505F5065 
 3285      6E64696E 
 3285      67526566 
 3285      00
 3286              	.LASF18:
 3287 0062 73697A65 		.ascii	"sizetype\000"
 3287      74797065 
 3287      00
 3288              	.LASF34:
 3289 006b 636F6566 		.ascii	"coeffs\000"
 3289      667300
 3290              	.LASF47:
 3291 0072 55415254 		.ascii	"UARTP_ControlRxPoll\000"
 3291      505F436F 
 3291      6E74726F 
 3291      6C527850 
 3291      6F6C6C00 
 3292              	.LASF62:
 3293 0086 6374726C 		.ascii	"ctrl_set_mode\000"
 3293      5F736574 
 3293      5F6D6F64 
 3293      6500
 3294              	.LASF53:
 3295 0094 55415254 		.ascii	"UARTP_SysMode\000"
 3295      505F5379 
 3295      734D6F64 
 3295      6500
 3296              	.LASF31:
 3297 00a2 7873756D 		.ascii	"xsum_calc\000"
 3297      5F63616C 
ARM GAS  C:\Users\user\AppData\Local\Temp\ccTkiMNg.s 			page 68


 3297      6300
 3298              	.LASF77:
 3299 00ac 75617274 		.ascii	"uartp_pend.c\000"
 3299      705F7065 
 3299      6E642E63 
 3299      00
 3300              	.LASF20:
 3301 00b9 55415254 		.ascii	"UARTP_SYS_CONTROL\000"
 3301      505F5359 
 3301      535F434F 
 3301      4E54524F 
 3301      4C00
 3302              	.LASF21:
 3303 00cb 75617274 		.ascii	"uartp_sys_mode_t\000"
 3303      705F7379 
 3303      735F6D6F 
 3303      64655F74 
 3303      00
 3304              	.LASF28:
 3305 00dc 68616E64 		.ascii	"handle_cmd_p\000"
 3305      6C655F63 
 3305      6D645F70 
 3305      00
 3306              	.LASF13:
 3307 00e9 75696E74 		.ascii	"uint16\000"
 3307      313600
 3308              	.LASF40:
 3309 00f0 7265665F 		.ascii	"ref_val\000"
 3309      76616C00 
 3310              	.LASF39:
 3311 00f8 6D6F6465 		.ascii	"mode_outer\000"
 3311      5F6F7574 
 3311      657200
 3312              	.LASF56:
 3313 0103 675F666C 		.ascii	"g_flag_control\000"
 3313      61675F63 
 3313      6F6E7472 
 3313      6F6C00
 3314              	.LASF33:
 3315 0112 746D705F 		.ascii	"tmp_f\000"
 3315      6600
 3316              	.LASF69:
 3317 0118 55415254 		.ascii	"UART_1_Start\000"
 3317      5F315F53 
 3317      74617274 
 3317      00
 3318              	.LASF0:
 3319 0125 666C6F61 		.ascii	"float\000"
 3319      7400
 3320              	.LASF65:
 3321 012b 50574D5F 		.ascii	"PWM_Desde_Voltaje\000"
 3321      44657364 
 3321      655F566F 
 3321      6C74616A 
 3321      6500
 3322              	.LASF75:
 3323 013d 6374726C 		.ascii	"ctrl_start\000"
ARM GAS  C:\Users\user\AppData\Local\Temp\ccTkiMNg.s 			page 69


 3323      5F737461 
 3323      727400
 3324              	.LASF49:
 3325 0148 735F7278 		.ascii	"s_rx_ubuf\000"
 3325      5F756275 
 3325      6600
 3326              	.LASF5:
 3327 0152 6C6F6E67 		.ascii	"long int\000"
 3327      20696E74 
 3327      00
 3328              	.LASF46:
 3329 015b 70657269 		.ascii	"period\000"
 3329      6F6400
 3330              	.LASF36:
 3331 0162 7361745F 		.ascii	"sat_min\000"
 3331      6D696E00 
 3332              	.LASF72:
 3333 016a 54696D65 		.ascii	"Timer_1_WritePeriod\000"
 3333      725F315F 
 3333      57726974 
 3333      65506572 
 3333      696F6400 
 3334              	.LASF78:
 3335 017e 443A5C50 		.ascii	"D:\\PSoc\\Auto\\TPF\\TPF_PenduloInvertido\\4 - Pend"
 3335      536F635C 
 3335      4175746F 
 3335      5C545046 
 3335      5C545046 
 3336 01ac 756C6F2E 		.ascii	"ulo.cydsn\000"
 3336      63796473 
 3336      6E00
 3337              	.LASF43:
 3338 01b6 55415254 		.ascii	"UARTP_ProcessCommand\000"
 3338      505F5072 
 3338      6F636573 
 3338      73436F6D 
 3338      6D616E64 
 3339              	.LASF70:
 3340 01cb 6973725F 		.ascii	"isr_2_StartEx\000"
 3340      325F5374 
 3340      61727445 
 3340      7800
 3341              	.LASF17:
 3342 01d9 6C6F6E67 		.ascii	"long double\000"
 3342      20646F75 
 3342      626C6500 
 3343              	.LASF42:
 3344 01e5 55415254 		.ascii	"UARTP_Init\000"
 3344      505F496E 
 3344      697400
 3345              	.LASF2:
 3346 01f0 756E7369 		.ascii	"unsigned char\000"
 3346      676E6564 
 3346      20636861 
 3346      7200
 3347              	.LASF48:
 3348 01fe 735F7278 		.ascii	"s_rx_state\000"
ARM GAS  C:\Users\user\AppData\Local\Temp\ccTkiMNg.s 			page 70


 3348      5F737461 
 3348      746500
 3349              	.LASF1:
 3350 0209 7369676E 		.ascii	"signed char\000"
 3350      65642063 
 3350      68617200 
 3351              	.LASF8:
 3352 0215 6C6F6E67 		.ascii	"long long unsigned int\000"
 3352      206C6F6E 
 3352      6720756E 
 3352      7369676E 
 3352      65642069 
 3353              	.LASF9:
 3354 022c 756E7369 		.ascii	"unsigned int\000"
 3354      676E6564 
 3354      20696E74 
 3354      00
 3355              	.LASF19:
 3356 0239 55415254 		.ascii	"UARTP_SYS_COMMAND\000"
 3356      505F5359 
 3356      535F434F 
 3356      4D4D414E 
 3356      4400
 3357              	.LASF66:
 3358 024b 4D6F746F 		.ascii	"Motor_Free\000"
 3358      725F4672 
 3358      656500
 3359              	.LASF4:
 3360 0256 73686F72 		.ascii	"short unsigned int\000"
 3360      7420756E 
 3360      7369676E 
 3360      65642069 
 3360      6E7400
 3361              	.LASF25:
 3362 0269 6F757434 		.ascii	"out4\000"
 3362      00
 3363              	.LASF37:
 3364 026e 7361745F 		.ascii	"sat_max\000"
 3364      6D617800 
 3365              	.LASF35:
 3366 0276 7265665F 		.ascii	"ref_inner\000"
 3366      696E6E65 
 3366      7200
 3367              	.LASF16:
 3368 0280 63686172 		.ascii	"char\000"
 3368      00
 3369              	.LASF55:
 3370 0285 675F7265 		.ascii	"g_ref_in_volts\000"
 3370      665F696E 
 3370      5F766F6C 
 3370      747300
 3371              	.LASF11:
 3372 0294 696E7433 		.ascii	"int32_t\000"
 3372      325F7400 
 3373              	.LASF30:
 3374 029c 625F6869 		.ascii	"b_hi\000"
 3374      00
ARM GAS  C:\Users\user\AppData\Local\Temp\ccTkiMNg.s 			page 71


 3375              	.LASF59:
 3376 02a1 55415254 		.ascii	"UART_1_ReadRxData\000"
 3376      5F315F52 
 3376      65616452 
 3376      78446174 
 3376      6100
 3377              	.LASF73:
 3378 02b3 54696D65 		.ascii	"Timer_1_Start\000"
 3378      725F315F 
 3378      53746172 
 3378      7400
 3379              	.LASF24:
 3380 02c1 6C6C5F72 		.ascii	"ll_recv_word4\000"
 3380      6563765F 
 3380      776F7264 
 3380      3400
 3381              	.LASF22:
 3382 02cf 74696D65 		.ascii	"timeout_ms\000"
 3382      6F75745F 
 3382      6D7300
 3383              	.LASF14:
 3384 02da 75696E74 		.ascii	"uint32\000"
 3384      333200
 3385              	.LASF27:
 3386 02e1 6C6C5F70 		.ascii	"ll_putchar\000"
 3386      75746368 
 3386      617200
 3387              	.LASF6:
 3388 02ec 6C6F6E67 		.ascii	"long unsigned int\000"
 3388      20756E73 
 3388      69676E65 
 3388      6420696E 
 3388      7400
 3389              	.LASF58:
 3390 02fe 55415254 		.ascii	"UART_1_GetRxBufferSize\000"
 3390      5F315F47 
 3390      65745278 
 3390      42756666 
 3390      65725369 
 3391              	.LASF15:
 3392 0315 646F7562 		.ascii	"double\000"
 3392      6C6500
 3393              	.LASF52:
 3394 031c 49544D5F 		.ascii	"ITM_RxBuffer\000"
 3394      52784275 
 3394      66666572 
 3394      00
 3395              	.LASF60:
 3396 0329 55415254 		.ascii	"UART_1_WriteTxData\000"
 3396      5F315F57 
 3396      72697465 
 3396      54784461 
 3396      746100
 3397              	.LASF71:
 3398 033c 54696D65 		.ascii	"Timer_1_Stop\000"
 3398      725F315F 
 3398      53746F70 
ARM GAS  C:\Users\user\AppData\Local\Temp\ccTkiMNg.s 			page 72


 3398      00
 3399              	.LASF50:
 3400 0349 735F7278 		.ascii	"s_rx_ucnt\000"
 3400      5F75636E 
 3400      7400
 3401              	.LASF10:
 3402 0353 5F5F696E 		.ascii	"__int32_t\000"
 3402      7433325F 
 3402      7400
 3403              	.LASF64:
 3404 035d 6374726C 		.ascii	"ctrl_set_sat\000"
 3404      5F736574 
 3404      5F736174 
 3404      00
 3405              	.LASF45:
 3406 036a 66735F68 		.ascii	"fs_hz\000"
 3406      7A00
 3407              	.LASF29:
 3408 0370 625F6C6F 		.ascii	"b_lo\000"
 3408      00
 3409              	.LASF12:
 3410 0375 75696E74 		.ascii	"uint8\000"
 3410      3800
 3411              	.LASF67:
 3412 037b 6374726C 		.ascii	"ctrl_stop\000"
 3412      5F73746F 
 3412      7000
 3413              	.LASF63:
 3414 0385 6374726C 		.ascii	"ctrl_apply_coeffs\000"
 3414      5F617070 
 3414      6C795F63 
 3414      6F656666 
 3414      7300
 3415              	.LASF76:
 3416 0397 474E5520 		.ascii	"GNU C11 5.4.1 20160609 (release) [ARM/embedded-5-br"
 3416      43313120 
 3416      352E342E 
 3416      31203230 
 3416      31363036 
 3417 03ca 616E6368 		.ascii	"anch revision 237715] -mcpu=cortex-m3 -mthumb -g -O"
 3417      20726576 
 3417      6973696F 
 3417      6E203233 
 3417      37373135 
 3418 03fd 67202D66 		.ascii	"g -ffunction-sections -ffat-lto-objects\000"
 3418      66756E63 
 3418      74696F6E 
 3418      2D736563 
 3418      74696F6E 
 3419              	.LASF57:
 3420 0425 43794465 		.ascii	"CyDelay\000"
 3420      6C617900 
 3421              	.LASF51:
 3422 042d 735F705F 		.ascii	"s_p_buf\000"
 3422      62756600 
 3423              	.LASF74:
 3424 0435 70656E64 		.ascii	"pendulo_calibrate_rest\000"
ARM GAS  C:\Users\user\AppData\Local\Temp\ccTkiMNg.s 			page 73


 3424      756C6F5F 
 3424      63616C69 
 3424      62726174 
 3424      655F7265 
 3425              	.LASF44:
 3426 044c 7061796C 		.ascii	"payload\000"
 3426      6F616400 
 3427              	.LASF7:
 3428 0454 6C6F6E67 		.ascii	"long long int\000"
 3428      206C6F6E 
 3428      6720696E 
 3428      7400
 3429              	.LASF68:
 3430 0462 6374726C 		.ascii	"ctrl_update_ref\000"
 3430      5F757064 
 3430      6174655F 
 3430      72656600 
 3431              		.ident	"GCC: (GNU Tools for ARM Embedded Processors) 5.4.1 20160609 (release) [ARM/embedded-5-bran
